dead-letter enum: family=discourse value='uncategorized' context={'table': 'posts_brands_discourse', 'post_id': '2077319457899520174', 'brand_id': 'minimax', 'note': 'uncategorized-sentinel (KTD5): row skipped, no FK target'} (logged to /Users/fuchitalee/development/minimax-marketing/x-monitoring/data/runs/2026-07-15/enum_dead_letter.jsonl)
dead-letter enum: family=discourse value='uncategorized' context={'table': 'posts_brands_discourse', 'post_id': '2077313151541150100', 'brand_id': 'mistral', 'note': 'uncategorized-sentinel (KTD5): row skipped, no FK target'} (logged to /Users/fuchitalee/development/minimax-marketing/x-monitoring/data/runs/2026-07-15/enum_dead_letter.jsonl)
dead-letter enum: family=discourse value='uncategorized' context={'table': 'posts_brands_discourse', 'post_id': '2077319339100037160', 'brand_id': 'deepseek', 'note': 'uncategorized-sentinel (KTD5): row skipped, no FK target'} (logged to /Users/fuchitalee/development/minimax-marketing/x-monitoring/data/runs/2026-07-15/enum_dead_letter.jsonl)
dead-letter enum: family=discourse value='uncategorized' context={'table': 'posts_brands_discourse', 'post_id': '2077318272995713339', 'brand_id': 'deepseek', 'note': 'uncategorized-sentinel (KTD5): row skipped, no FK target'} (logged to /Users/fuchitalee/development/minimax-marketing/x-monitoring/data/runs/2026-07-15/enum_dead_letter.jsonl)
dead-letter enum: family=discourse value='uncategorized' context={'table': 'posts_brands_discourse', 'post_id': '2077315504293740766', 'brand_id': 'deepseek', 'note': 'uncategorized-sentinel (KTD5): row skipped, no FK target'} (logged to /Users/fuchitalee/development/minimax-marketing/x-monitoring/data/runs/2026-07-15/enum_dead_letter.jsonl)
dead-letter enum: family=discourse value='uncategorized' context={'table': 'posts_brands_discourse', 'post_id': '2077317360159961139', 'brand_id': 'glm', 'note': 'uncategorized-sentinel (KTD5): row skipped, no FK target'} (logged to /Users/fuchitalee/development/minimax-marketing/x-monitoring/data/runs/2026-07-15/enum_dead_letter.jsonl)
dead-letter enum: family=discourse value='uncategorized' context={'table': 'posts_brands_discourse', 'post_id': '2077317360159961139', 'brand_id': 'minimax', 'note': 'uncategorized-sentinel (KTD5): row skipped, no FK target'} (logged to /Users/fuchitalee/development/minimax-marketing/x-monitoring/data/runs/2026-07-15/enum_dead_letter.jsonl)
dead-letter enum: family=discourse value='uncategorized' context={'table': 'posts_brands_discourse', 'post_id': '2077317516825866300', 'brand_id': 'doubao', 'note': 'uncategorized-sentinel (KTD5): row skipped, no FK target'} (logged to /Users/fuchitalee/development/minimax-marketing/x-monitoring/data/runs/2026-07-15/enum_dead_letter.jsonl)
dead-letter enum: family=discourse value='uncategorized' context={'table': 'posts_brands_discourse', 'post_id': '2077313074730598521', 'brand_id': 'glm', 'note': 'uncategorized-sentinel (KTD5): row skipped, no FK target'} (logged to /Users/fuchitalee/development/minimax-marketing/x-monitoring/data/runs/2026-07-15/enum_dead_letter.jsonl)
dead-letter enum: family=discourse value='uncategorized' context={'table': 'posts_brands_discourse', 'post_id': '2077315358852276676', 'brand_id': 'deepseek', 'note': 'uncategorized-sentinel (KTD5): row skipped, no FK target'} (logged to /Users/fuchitalee/development/minimax-marketing/x-monitoring/data/runs/2026-07-15/enum_dead_letter.jsonl)
dead-letter enum: family=discourse value='uncategorized' context={'table': 'posts_brands_discourse', 'post_id': '2077315358852276676', 'brand_id': 'mistral', 'note': 'uncategorized-sentinel (KTD5): row skipped, no FK target'} (logged to /Users/fuchitalee/development/minimax-marketing/x-monitoring/data/runs/2026-07-15/enum_dead_letter.jsonl)
dead-letter enum: family=role value='unknown' context={'table': 'brands_accounts', 'brand_id': 'minimax', 'author_id': 'handle:Hailuo_AI'} (logged to /Users/fuchitalee/development/minimax-marketing/x-monitoring/data/runs/2026-07-15/enum_dead_letter.jsonl)
dead-letter enum: family=role value='unknown' context={'table': 'brands_accounts', 'brand_id': 'minimax', 'author_id': 'handle:MeryemArik9'} (logged to /Users/fuchitalee/development/minimax-marketing/x-monitoring/data/runs/2026-07-15/enum_dead_letter.jsonl)
dead-letter enum: family=role value='unknown' context={'table': 'brands_accounts', 'brand_id': 'minimax', 'author_id': 'handle:iamronka'} (logged to /Users/fuchitalee/development/minimax-marketing/x-monitoring/data/runs/2026-07-15/enum_dead_letter.jsonl)
dead-letter enum: family=role value='unknown' context={'table': 'brands_accounts', 'brand_id': 'minimax', 'author_id': 'handle:Eashwarramesh'} (logged to /Users/fuchitalee/development/minimax-marketing/x-monitoring/data/runs/2026-07-15/enum_dead_letter.jsonl)
dead-letter enum: family=role value='unknown' context={'table': 'brands_accounts', 'brand_id': 'minimax', 'author_id': 'handle:jahooma'} (logged to /Users/fuchitalee/development/minimax-marketing/x-monitoring/data/runs/2026-07-15/enum_dead_letter.jsonl)
dead-letter enum: family=role value='unknown' context={'table': 'brands_accounts', 'brand_id': 'minimax', 'author_id': 'handle:the_osps'} (logged to /Users/fuchitalee/development/minimax-marketing/x-monitoring/data/runs/2026-07-15/enum_dead_letter.jsonl)
dead-letter enum: family=role value='unknown' context={'table': 'brands_accounts', 'brand_id': 'minimax', 'author_id': 'handle:alicalimli_dev'} (logged to /Users/fuchitalee/development/minimax-marketing/x-monitoring/data/runs/2026-07-15/enum_dead_letter.jsonl)
dead-letter enum: family=role value='unknown' context={'table': 'brands_accounts', 'brand_id': 'minimax', 'author_id': 'handle:pezy2423'} (logged to /Users/fuchitalee/development/minimax-marketing/x-monitoring/data/runs/2026-07-15/enum_dead_letter.jsonl)
dead-letter enum: family=role value='unknown' context={'table': 'brands_accounts', 'brand_id': 'minimax', 'author_id': 'handle:HBrooksLive'} (logged to /Users/fuchitalee/development/minimax-marketing/x-monitoring/data/runs/2026-07-15/enum_dead_letter.jsonl)
dead-letter enum: family=role value='unknown' context={'table': 'brands_accounts', 'brand_id': 'minimax', 'author_id': 'handle:gudanglifehack'} (logged to /Users/fuchitalee/development/minimax-marketing/x-monitoring/data/runs/2026-07-15/enum_dead_letter.jsonl)
dead-letter enum: family=role value='unknown' context={'table': 'brands_accounts', 'brand_id': 'minimax', 'author_id': 'handle:trueschoo'} (logged to /Users/fuchitalee/development/minimax-marketing/x-monitoring/data/runs/2026-07-15/enum_dead_letter.jsonl)
dead-letter enum: family=role value='unknown' context={'table': 'brands_accounts', 'brand_id': 'minimax', 'author_id': 'handle:Tech2Wild'} (logged to /Users/fuchitalee/development/minimax-marketing/x-monitoring/data/runs/2026-07-15/enum_dead_letter.jsonl)
dead-letter enum: family=role value='unknown' context={'table': 'brands_accounts', 'brand_id': 'minimax', 'author_id': 'handle:mrluiscalderon'} (logged to /Users/fuchitalee/development/minimax-marketing/x-monitoring/data/runs/2026-07-15/enum_dead_letter.jsonl)
dead-letter enum: family=role value='unknown' context={'table': 'brands_accounts', 'brand_id': 'minimax', 'author_id': 'handle:SacredFolio'} (logged to /Users/fuchitalee/development/minimax-marketing/x-monitoring/data/runs/2026-07-15/enum_dead_letter.jsonl)
dead-letter enum: family=role value='unknown' context={'table': 'brands_accounts', 'brand_id': 'minimax', 'author_id': 'handle:deesha_tech'} (logged to /Users/fuchitalee/development/minimax-marketing/x-monitoring/data/runs/2026-07-15/enum_dead_letter.jsonl)
dead-letter enum: family=role value='unknown' context={'table': 'brands_accounts', 'brand_id': 'minimax', 'author_id': 'handle:OGDocHollywood'} (logged to /Users/fuchitalee/development/minimax-marketing/x-monitoring/data/runs/2026-07-15/enum_dead_letter.jsonl)
dead-letter enum: family=role value='unknown' context={'table': 'brands_accounts', 'brand_id': 'minimax', 'author_id': 'handle:n1ckstr3'} (logged to /Users/fuchitalee/development/minimax-marketing/x-monitoring/data/runs/2026-07-15/enum_dead_letter.jsonl)
dead-letter enum: family=role value='unknown' context={'table': 'brands_accounts', 'brand_id': 'minimax', 'author_id': 'handle:bpatters'} (logged to /Users/fuchitalee/development/minimax-marketing/x-monitoring/data/runs/2026-07-15/enum_dead_letter.jsonl)
dead-letter enum: family=role value='unknown' context={'table': 'brands_accounts', 'brand_id': 'minimax', 'author_id': 'handle:e_etini'} (logged to /Users/fuchitalee/development/minimax-marketing/x-monitoring/data/runs/2026-07-15/enum_dead_letter.jsonl)
dead-letter enum: family=role value='unknown' context={'table': 'brands_accounts', 'brand_id': 'minimax', 'author_id': 'handle:dragosroua'} (logged to /Users/fuchitalee/development/minimax-marketing/x-monitoring/data/runs/2026-07-15/enum_dead_letter.jsonl)
dead-letter enum: family=role value='unknown' context={'table': 'brands_accounts', 'brand_id': 'minimax', 'author_id': 'handle:Nithinlogs'} (logged to /Users/fuchitalee/development/minimax-marketing/x-monitoring/data/runs/2026-07-15/enum_dead_letter.jsonl)
dead-letter enum: family=role value='unknown' context={'table': 'brands_accounts', 'brand_id': 'minimax', 'author_id': 'handle:anrayama'} (logged to /Users/fuchitalee/development/minimax-marketing/x-monitoring/data/runs/2026-07-15/enum_dead_letter.jsonl)
dead-letter enum: family=role value='unknown' context={'table': 'brands_accounts', 'brand_id': 'minimax', 'author_id': 'handle:0x_sakata'} (logged to /Users/fuchitalee/development/minimax-marketing/x-monitoring/data/runs/2026-07-15/enum_dead_letter.jsonl)
dead-letter enum: family=role value='unknown' context={'table': 'brands_accounts', 'brand_id': 'minimax', 'author_id': 'handle:wayofhustle'} (logged to /Users/fuchitalee/development/minimax-marketing/x-monitoring/data/runs/2026-07-15/enum_dead_letter.jsonl)
dead-letter enum: family=role value='unknown' context={'table': 'brands_accounts', 'brand_id': 'minimax', 'author_id': 'handle:Ihjer69'} (logged to /Users/fuchitalee/development/minimax-marketing/x-monitoring/data/runs/2026-07-15/enum_dead_letter.jsonl)
dead-letter enum: family=role value='unknown' context={'table': 'brands_accounts', 'brand_id': 'minimax', 'author_id': 'handle:OrganicGPT'} (logged to /Users/fuchitalee/development/minimax-marketing/x-monitoring/data/runs/2026-07-15/enum_dead_letter.jsonl)
dead-letter enum: family=role value='unknown' context={'table': 'brands_accounts', 'brand_id': 'minimax', 'author_id': 'handle:gnanduru1'} (logged to /Users/fuchitalee/development/minimax-marketing/x-monitoring/data/runs/2026-07-15/enum_dead_letter.jsonl)
dead-letter enum: family=role value='unknown' context={'table': 'brands_accounts', 'brand_id': 'minimax', 'author_id': 'handle:aardid'} (logged to /Users/fuchitalee/development/minimax-marketing/x-monitoring/data/runs/2026-07-15/enum_dead_letter.jsonl)
dead-letter enum: family=role value='unknown' context={'table': 'brands_accounts', 'brand_id': 'minimax', 'author_id': 'handle:JohnnyVenom'} (logged to /Users/fuchitalee/development/minimax-marketing/x-monitoring/data/runs/2026-07-15/enum_dead_letter.jsonl)
dead-letter enum: family=role value='unknown' context={'table': 'brands_accounts', 'brand_id': 'minimax', 'author_id': 'handle:Elaina43114880'} (logged to /Users/fuchitalee/development/minimax-marketing/x-monitoring/data/runs/2026-07-15/enum_dead_letter.jsonl)
dead-letter enum: family=role value='unknown' context={'table': 'brands_accounts', 'brand_id': 'minimax', 'author_id': 'handle:Lewified'} (logged to /Users/fuchitalee/development/minimax-marketing/x-monitoring/data/runs/2026-07-15/enum_dead_letter.jsonl)
dead-letter enum: family=role value='unknown' context={'table': 'brands_accounts', 'brand_id': 'minimax', 'author_id': 'handle:VolodBoich'} (logged to /Users/fuchitalee/development/minimax-marketing/x-monitoring/data/runs/2026-07-15/enum_dead_letter.jsonl)
dead-letter enum: family=role value='unknown' context={'table': 'brands_accounts', 'brand_id': 'minimax', 'author_id': 'handle:Jfreee23'} (logged to /Users/fuchitalee/development/minimax-marketing/x-monitoring/data/runs/2026-07-15/enum_dead_letter.jsonl)
dead-letter enum: family=role value='unknown' context={'table': 'brands_accounts', 'brand_id': 'minimax', 'author_id': 'handle:fominaaalina'} (logged to /Users/fuchitalee/development/minimax-marketing/x-monitoring/data/runs/2026-07-15/enum_dead_letter.jsonl)
dead-letter enum: family=role value='unknown' context={'table': 'brands_accounts', 'brand_id': 'minimax', 'author_id': 'handle:LechMazur'} (logged to /Users/fuchitalee/development/minimax-marketing/x-monitoring/data/runs/2026-07-15/enum_dead_letter.jsonl)
dead-letter enum: family=role value='unknown' context={'table': 'brands_accounts', 'brand_id': 'minimax', 'author_id': 'handle:victoria_neiman'} (logged to /Users/fuchitalee/development/minimax-marketing/x-monitoring/data/runs/2026-07-15/enum_dead_letter.jsonl)
dead-letter enum: family=role value='unknown' context={'table': 'brands_accounts', 'brand_id': 'minimax', 'author_id': 'handle:clairehbennett'} (logged to /Users/fuchitalee/development/minimax-marketing/x-monitoring/data/runs/2026-07-15/enum_dead_letter.jsonl)
dead-letter enum: family=role value='unknown' context={'table': 'brands_accounts', 'brand_id': 'minimax', 'author_id': 'handle:KrystianLew'} (logged to /Users/fuchitalee/development/minimax-marketing/x-monitoring/data/runs/2026-07-15/enum_dead_letter.jsonl)
dead-letter enum: family=role value='unknown' context={'table': 'brands_accounts', 'brand_id': 'minimax', 'author_id': 'handle:Veekay0606'} (logged to /Users/fuchitalee/development/minimax-marketing/x-monitoring/data/runs/2026-07-15/enum_dead_letter.jsonl)
dead-letter enum: family=role value='unknown' context={'table': 'brands_accounts', 'brand_id': 'minimax', 'author_id': 'handle:Costa_art06'} (logged to /Users/fuchitalee/development/minimax-marketing/x-monitoring/data/runs/2026-07-15/enum_dead_letter.jsonl)
dead-letter enum: family=role value='unknown' context={'table': 'brands_accounts', 'brand_id': 'minimax', 'author_id': 'handle:SepehrFiNiK'} (logged to /Users/fuchitalee/development/minimax-marketing/x-monitoring/data/runs/2026-07-15/enum_dead_letter.jsonl)
dead-letter enum: family=role value='unknown' context={'table': 'brands_accounts', 'brand_id': 'minimax', 'author_id': 'handle:AnikSanya'} (logged to /Users/fuchitalee/development/minimax-marketing/x-monitoring/data/runs/2026-07-15/enum_dead_letter.jsonl)
dead-letter enum: family=role value='unknown' context={'table': 'brands_accounts', 'brand_id': 'minimax', 'author_id': 'handle:FoolaFroos'} (logged to /Users/fuchitalee/development/minimax-marketing/x-monitoring/data/runs/2026-07-15/enum_dead_letter.jsonl)
dead-letter enum: family=role value='unknown' context={'table': 'brands_accounts', 'brand_id': 'minimax', 'author_id': 'handle:GoForceX'} (logged to /Users/fuchitalee/development/minimax-marketing/x-monitoring/data/runs/2026-07-15/enum_dead_letter.jsonl)
dead-letter enum: family=role value='unknown' context={'table': 'brands_accounts', 'brand_id': 'minimax', 'author_id': 'handle:OneUserOnline'} (logged to /Users/fuchitalee/development/minimax-marketing/x-monitoring/data/runs/2026-07-15/enum_dead_letter.jsonl)
dead-letter enum: family=role value='unknown' context={'table': 'brands_accounts', 'brand_id': 'minimax', 'author_id': 'handle:notjazii'} (logged to /Users/fuchitalee/development/minimax-marketing/x-monitoring/data/runs/2026-07-15/enum_dead_letter.jsonl)
dead-letter enum: family=role value='unknown' context={'table': 'brands_accounts', 'brand_id': 'minimax', 'author_id': 'handle:Kelechiweb'} (logged to /Users/fuchitalee/development/minimax-marketing/x-monitoring/data/runs/2026-07-15/enum_dead_letter.jsonl)
dead-letter enum: family=role value='unknown' context={'table': 'brands_accounts', 'brand_id': 'minimax', 'author_id': 'handle:KingLandfr'} (logged to /Users/fuchitalee/development/minimax-marketing/x-monitoring/data/runs/2026-07-15/enum_dead_letter.jsonl)
dead-letter enum: family=role value='unknown' context={'table': 'brands_accounts', 'brand_id': 'minimax', 'author_id': 'handle:Ricardo_Momo1'} (logged to /Users/fuchitalee/development/minimax-marketing/x-monitoring/data/runs/2026-07-15/enum_dead_letter.jsonl)
dead-letter enum: family=role value='unknown' context={'table': 'brands_accounts', 'brand_id': 'minimax', 'author_id': 'handle:brianbellx'} (logged to /Users/fuchitalee/development/minimax-marketing/x-monitoring/data/runs/2026-07-15/enum_dead_letter.jsonl)
dead-letter enum: family=role value='unknown' context={'table': 'brands_accounts', 'brand_id': 'minimax', 'author_id': 'handle:NyamaQuarter'} (logged to /Users/fuchitalee/development/minimax-marketing/x-monitoring/data/runs/2026-07-15/enum_dead_letter.jsonl)
dead-letter enum: family=role value='unknown' context={'table': 'brands_accounts', 'brand_id': 'minimax', 'author_id': 'handle:LeinonaA69'} (logged to /Users/fuchitalee/development/minimax-marketing/x-monitoring/data/runs/2026-07-15/enum_dead_letter.jsonl)
dead-letter enum: family=role value='unknown' context={'table': 'brands_accounts', 'brand_id': 'minimax', 'author_id': 'handle:masahirochaen'} (logged to /Users/fuchitalee/development/minimax-marketing/x-monitoring/data/runs/2026-07-15/enum_dead_letter.jsonl)
dead-letter enum: family=role value='unknown' context={'table': 'brands_accounts', 'brand_id': 'minimax', 'author_id': 'handle:Suparious'} (logged to /Users/fuchitalee/development/minimax-marketing/x-monitoring/data/runs/2026-07-15/enum_dead_letter.jsonl)
dead-letter enum: family=role value='unknown' context={'table': 'brands_accounts', 'brand_id': 'minimax', 'author_id': 'handle:stoic_tiger'} (logged to /Users/fuchitalee/development/minimax-marketing/x-monitoring/data/runs/2026-07-15/enum_dead_letter.jsonl)
dead-letter enum: family=role value='unknown' context={'table': 'brands_accounts', 'brand_id': 'minimax', 'author_id': 'handle:TheValueist'} (logged to /Users/fuchitalee/development/minimax-marketing/x-monitoring/data/runs/2026-07-15/enum_dead_letter.jsonl)
dead-letter enum: family=role value='unknown' context={'table': 'brands_accounts', 'brand_id': 'minimax', 'author_id': 'handle:MrPewpy'} (logged to /Users/fuchitalee/development/minimax-marketing/x-monitoring/data/runs/2026-07-15/enum_dead_letter.jsonl)
dead-letter enum: family=role value='unknown' context={'table': 'brands_accounts', 'brand_id': 'minimax', 'author_id': 'handle:crx_rollins'} (logged to /Users/fuchitalee/development/minimax-marketing/x-monitoring/data/runs/2026-07-15/enum_dead_letter.jsonl)
dead-letter enum: family=role value='unknown' context={'table': 'brands_accounts', 'brand_id': 'minimax', 'author_id': 'handle:DenMarsOfficial'} (logged to /Users/fuchitalee/development/minimax-marketing/x-monitoring/data/runs/2026-07-15/enum_dead_letter.jsonl)
dead-letter enum: family=role value='unknown' context={'table': 'brands_accounts', 'brand_id': 'minimax', 'author_id': 'handle:0xDataWolf'} (logged to /Users/fuchitalee/development/minimax-marketing/x-monitoring/data/runs/2026-07-15/enum_dead_letter.jsonl)
dead-letter enum: family=role value='unknown' context={'table': 'brands_accounts', 'brand_id': 'minimax', 'author_id': 'handle:DAVYNIMAL'} (logged to /Users/fuchitalee/development/minimax-marketing/x-monitoring/data/runs/2026-07-15/enum_dead_letter.jsonl)
dead-letter enum: family=role value='unknown' context={'table': 'brands_accounts', 'brand_id': 'minimax', 'author_id': 'handle:vernons'} (logged to /Users/fuchitalee/development/minimax-marketing/x-monitoring/data/runs/2026-07-15/enum_dead_letter.jsonl)
dead-letter enum: family=role value='unknown' context={'table': 'brands_accounts', 'brand_id': 'minimax', 'author_id': 'handle:pai12468'} (logged to /Users/fuchitalee/development/minimax-marketing/x-monitoring/data/runs/2026-07-15/enum_dead_letter.jsonl)
dead-letter enum: family=role value='unknown' context={'table': 'brands_accounts', 'brand_id': 'minimax', 'author_id': 'handle:emocentrik'} (logged to /Users/fuchitalee/development/minimax-marketing/x-monitoring/data/runs/2026-07-15/enum_dead_letter.jsonl)
dead-letter enum: family=role value='unknown' context={'table': 'brands_accounts', 'brand_id': 'minimax', 'author_id': 'handle:ikedih_blog69'} (logged to /Users/fuchitalee/development/minimax-marketing/x-monitoring/data/runs/2026-07-15/enum_dead_letter.jsonl)
dead-letter enum: family=role value='unknown' context={'table': 'brands_accounts', 'brand_id': 'minimax', 'author_id': 'handle:ihxnnxs'} (logged to /Users/fuchitalee/development/minimax-marketing/x-monitoring/data/runs/2026-07-15/enum_dead_letter.jsonl)
dead-letter enum: family=role value='unknown' context={'table': 'brands_accounts', 'brand_id': 'minimax', 'author_id': 'handle:k_sze'} (logged to /Users/fuchitalee/development/minimax-marketing/x-monitoring/data/runs/2026-07-15/enum_dead_letter.jsonl)
dead-letter enum: family=role value='unknown' context={'table': 'brands_accounts', 'brand_id': 'minimax', 'author_id': 'handle:CryptoGouba'} (logged to /Users/fuchitalee/development/minimax-marketing/x-monitoring/data/runs/2026-07-15/enum_dead_letter.jsonl)
dead-letter enum: family=role value='unknown' context={'table': 'brands_accounts', 'brand_id': 'minimax', 'author_id': 'handle:johnleelabs'} (logged to /Users/fuchitalee/development/minimax-marketing/x-monitoring/data/runs/2026-07-15/enum_dead_letter.jsonl)
dead-letter enum: family=role value='unknown' context={'table': 'brands_accounts', 'brand_id': 'minimax', 'author_id': 'handle:MichaelHutu'} (logged to /Users/fuchitalee/development/minimax-marketing/x-monitoring/data/runs/2026-07-15/enum_dead_letter.jsonl)
dead-letter enum: family=role value='unknown' context={'table': 'brands_accounts', 'brand_id': 'minimax', 'author_id': 'handle:BiteyeCN'} (logged to /Users/fuchitalee/development/minimax-marketing/x-monitoring/data/runs/2026-07-15/enum_dead_letter.jsonl)
dead-letter enum: family=role value='unknown' context={'table': 'brands_accounts', 'brand_id': 'minimax', 'author_id': 'handle:mitermayer_reis'} (logged to /Users/fuchitalee/development/minimax-marketing/x-monitoring/data/runs/2026-07-15/enum_dead_letter.jsonl)
dead-letter enum: family=role value='unknown' context={'table': 'brands_accounts', 'brand_id': 'minimax', 'author_id': 'handle:YashManghnani1'} (logged to /Users/fuchitalee/development/minimax-marketing/x-monitoring/data/runs/2026-07-15/enum_dead_letter.jsonl)
dead-letter enum: family=role value='unknown' context={'table': 'brands_accounts', 'brand_id': 'minimax', 'author_id': 'handle:bookwormengr'} (logged to /Users/fuchitalee/development/minimax-marketing/x-monitoring/data/runs/2026-07-15/enum_dead_letter.jsonl)
dead-letter enum: family=role value='unknown' context={'table': 'brands_accounts', 'brand_id': 'minimax', 'author_id': 'handle:jasesese'} (logged to /Users/fuchitalee/development/minimax-marketing/x-monitoring/data/runs/2026-07-15/enum_dead_letter.jsonl)
dead-letter enum: family=role value='unknown' context={'table': 'brands_accounts', 'brand_id': 'minimax', 'author_id': 'handle:cyanidepilled_'} (logged to /Users/fuchitalee/development/minimax-marketing/x-monitoring/data/runs/2026-07-15/enum_dead_letter.jsonl)
dead-letter enum: family=role value='unknown' context={'table': 'brands_accounts', 'brand_id': 'minimax', 'author_id': 'handle:StudentOffersHQ'} (logged to /Users/fuchitalee/development/minimax-marketing/x-monitoring/data/runs/2026-07-15/enum_dead_letter.jsonl)
dead-letter enum: family=role value='unknown' context={'table': 'brands_accounts', 'brand_id': 'minimax', 'author_id': 'handle:HasanEryaman6'} (logged to /Users/fuchitalee/development/minimax-marketing/x-monitoring/data/runs/2026-07-15/enum_dead_letter.jsonl)
dead-letter enum: family=role value='unknown' context={'table': 'brands_accounts', 'brand_id': 'minimax', 'author_id': 'handle:Web3IsWild'} (logged to /Users/fuchitalee/development/minimax-marketing/x-monitoring/data/runs/2026-07-15/enum_dead_letter.jsonl)
dead-letter enum: family=role value='unknown' context={'table': 'brands_accounts', 'brand_id': 'minimax', 'author_id': 'handle:83SF22'} (logged to /Users/fuchitalee/development/minimax-marketing/x-monitoring/data/runs/2026-07-15/enum_dead_letter.jsonl)
dead-letter enum: family=role value='unknown' context={'table': 'brands_accounts', 'brand_id': 'minimax', 'author_id': 'handle:RoliumGens'} (logged to /Users/fuchitalee/development/minimax-marketing/x-monitoring/data/runs/2026-07-15/enum_dead_letter.jsonl)
dead-letter enum: family=role value='unknown' context={'table': 'brands_accounts', 'brand_id': 'minimax', 'author_id': 'handle:gauravdhiman_ai'} (logged to /Users/fuchitalee/development/minimax-marketing/x-monitoring/data/runs/2026-07-15/enum_dead_letter.jsonl)
dead-letter enum: family=role value='unknown' context={'table': 'brands_accounts', 'brand_id': 'minimax', 'author_id': 'handle:FStrongpaw'} (logged to /Users/fuchitalee/development/minimax-marketing/x-monitoring/data/runs/2026-07-15/enum_dead_letter.jsonl)
dead-letter enum: family=role value='unknown' context={'table': 'brands_accounts', 'brand_id': 'minimax', 'author_id': 'handle:marcuscohenshit'} (logged to /Users/fuchitalee/development/minimax-marketing/x-monitoring/data/runs/2026-07-15/enum_dead_letter.jsonl)
dead-letter enum: family=role value='unknown' context={'table': 'brands_accounts', 'brand_id': 'minimax', 'author_id': 'handle:AfzalBuilds'} (logged to /Users/fuchitalee/development/minimax-marketing/x-monitoring/data/runs/2026-07-15/enum_dead_letter.jsonl)
dead-letter enum: family=role value='unknown' context={'table': 'brands_accounts', 'brand_id': 'minimax', 'author_id': 'handle:HaseebMir91'} (logged to /Users/fuchitalee/development/minimax-marketing/x-monitoring/data/runs/2026-07-15/enum_dead_letter.jsonl)
dead-letter enum: family=role value='unknown' context={'table': 'brands_accounts', 'brand_id': 'minimax', 'author_id': 'handle:NosytLabs'} (logged to /Users/fuchitalee/development/minimax-marketing/x-monitoring/data/runs/2026-07-15/enum_dead_letter.jsonl)
dead-letter enum: family=role value='unknown' context={'table': 'brands_accounts', 'brand_id': 'minimax', 'author_id': 'handle:BenittoJD'} (logged to /Users/fuchitalee/development/minimax-marketing/x-monitoring/data/runs/2026-07-15/enum_dead_letter.jsonl)
dead-letter enum: family=role value='unknown' context={'table': 'brands_accounts', 'brand_id': 'minimax', 'author_id': 'handle:gonbetheone'} (logged to /Users/fuchitalee/development/minimax-marketing/x-monitoring/data/runs/2026-07-15/enum_dead_letter.jsonl)
dead-letter enum: family=role value='unknown' context={'table': 'brands_accounts', 'brand_id': 'minimax', 'author_id': 'handle:Randybobu'} (logged to /Users/fuchitalee/development/minimax-marketing/x-monitoring/data/runs/2026-07-15/enum_dead_letter.jsonl)
dead-letter enum: family=role value='unknown' context={'table': 'brands_accounts', 'brand_id': 'minimax', 'author_id': 'handle:SaintLee04'} (logged to /Users/fuchitalee/development/minimax-marketing/x-monitoring/data/runs/2026-07-15/enum_dead_letter.jsonl)
dead-letter enum: family=role value='unknown' context={'table': 'brands_accounts', 'brand_id': 'minimax', 'author_id': 'handle:RazzReport'} (logged to /Users/fuchitalee/development/minimax-marketing/x-monitoring/data/runs/2026-07-15/enum_dead_letter.jsonl)
dead-letter enum: family=role value='unknown' context={'table': 'brands_accounts', 'brand_id': 'minimax', 'author_id': 'handle:OGFIGO'} (logged to /Users/fuchitalee/development/minimax-marketing/x-monitoring/data/runs/2026-07-15/enum_dead_letter.jsonl)
dead-letter enum: family=role value='unknown' context={'table': 'brands_accounts', 'brand_id': 'minimax', 'author_id': 'handle:mr_naim_07'} (logged to /Users/fuchitalee/development/minimax-marketing/x-monitoring/data/runs/2026-07-15/enum_dead_letter.jsonl)
dead-letter enum: family=role value='unknown' context={'table': 'brands_accounts', 'brand_id': 'minimax', 'author_id': 'handle:TheFitFather_'} (logged to /Users/fuchitalee/development/minimax-marketing/x-monitoring/data/runs/2026-07-15/enum_dead_letter.jsonl)
dead-letter enum: family=role value='unknown' context={'table': 'brands_accounts', 'brand_id': 'minimax', 'author_id': 'handle:ersinkoc'} (logged to /Users/fuchitalee/development/minimax-marketing/x-monitoring/data/runs/2026-07-15/enum_dead_letter.jsonl)
dead-letter enum: family=role value='unknown' context={'table': 'brands_accounts', 'brand_id': 'minimax', 'author_id': 'handle:AliceInfoAi'} (logged to /Users/fuchitalee/development/minimax-marketing/x-monitoring/data/runs/2026-07-15/enum_dead_letter.jsonl)
dead-letter enum: family=role value='unknown' context={'table': 'brands_accounts', 'brand_id': 'minimax', 'author_id': 'handle:4e6ypaTuHo'} (logged to /Users/fuchitalee/development/minimax-marketing/x-monitoring/data/runs/2026-07-15/enum_dead_letter.jsonl)
dead-letter enum: family=role value='unknown' context={'table': 'brands_accounts', 'brand_id': 'minimax', 'author_id': 'handle:AnubisEgx'} (logged to /Users/fuchitalee/development/minimax-marketing/x-monitoring/data/runs/2026-07-15/enum_dead_letter.jsonl)
dead-letter enum: family=role value='unknown' context={'table': 'brands_accounts', 'brand_id': 'minimax', 'author_id': 'handle:with_gene2626'} (logged to /Users/fuchitalee/development/minimax-marketing/x-monitoring/data/runs/2026-07-15/enum_dead_letter.jsonl)
dead-letter enum: family=role value='unknown' context={'table': 'brands_accounts', 'brand_id': 'minimax', 'author_id': 'handle:LongHashVC'} (logged to /Users/fuchitalee/development/minimax-marketing/x-monitoring/data/runs/2026-07-15/enum_dead_letter.jsonl)
dead-letter enum: family=role value='unknown' context={'table': 'brands_accounts', 'brand_id': 'minimax', 'author_id': 'handle:YogSoth0'} (logged to /Users/fuchitalee/development/minimax-marketing/x-monitoring/data/runs/2026-07-15/enum_dead_letter.jsonl)
dead-letter enum: family=role value='unknown' context={'table': 'brands_accounts', 'brand_id': 'minimax', 'author_id': 'handle:trydotworks'} (logged to /Users/fuchitalee/development/minimax-marketing/x-monitoring/data/runs/2026-07-15/enum_dead_letter.jsonl)
dead-letter enum: family=role value='unknown' context={'table': 'brands_accounts', 'brand_id': 'minimax', 'author_id': 'handle:Supermanskill'} (logged to /Users/fuchitalee/development/minimax-marketing/x-monitoring/data/runs/2026-07-15/enum_dead_letter.jsonl)
dead-letter enum: family=role value='unknown' context={'table': 'brands_accounts', 'brand_id': 'minimax', 'author_id': 'handle:ambergroup_io'} (logged to /Users/fuchitalee/development/minimax-marketing/x-monitoring/data/runs/2026-07-15/enum_dead_letter.jsonl)
dead-letter enum: family=role value='unknown' context={'table': 'brands_accounts', 'brand_id': 'minimax', 'author_id': 'handle:Beethoven779'} (logged to /Users/fuchitalee/development/minimax-marketing/x-monitoring/data/runs/2026-07-15/enum_dead_letter.jsonl)
dead-letter enum: family=role value='unknown' context={'table': 'brands_accounts', 'brand_id': 'minimax', 'author_id': 'handle:Ooommm59You'} (logged to /Users/fuchitalee/development/minimax-marketing/x-monitoring/data/runs/2026-07-15/enum_dead_letter.jsonl)
dead-letter enum: family=role value='unknown' context={'table': 'brands_accounts', 'brand_id': 'minimax', 'author_id': 'handle:BobbyApocalypse'} (logged to /Users/fuchitalee/development/minimax-marketing/x-monitoring/data/runs/2026-07-15/enum_dead_letter.jsonl)
dead-letter enum: family=role value='unknown' context={'table': 'brands_accounts', 'brand_id': 'minimax', 'author_id': 'handle:ruchernchong'} (logged to /Users/fuchitalee/development/minimax-marketing/x-monitoring/data/runs/2026-07-15/enum_dead_letter.jsonl)
dead-letter enum: family=role value='unknown' context={'table': 'brands_accounts', 'brand_id': 'minimax', 'author_id': 'handle:aquiffoo'} (logged to /Users/fuchitalee/development/minimax-marketing/x-monitoring/data/runs/2026-07-15/enum_dead_letter.jsonl)
dead-letter enum: family=role value='unknown' context={'table': 'brands_accounts', 'brand_id': 'minimax', 'author_id': 'handle:ivanfioravanti'} (logged to /Users/fuchitalee/development/minimax-marketing/x-monitoring/data/runs/2026-07-15/enum_dead_letter.jsonl)
dead-letter enum: family=role value='unknown' context={'table': 'brands_accounts', 'brand_id': 'minimax', 'author_id': 'handle:HuggingModels'} (logged to /Users/fuchitalee/development/minimax-marketing/x-monitoring/data/runs/2026-07-15/enum_dead_letter.jsonl)
dead-letter enum: family=role value='unknown' context={'table': 'brands_accounts', 'brand_id': 'minimax', 'author_id': 'handle:DrSadek_'} (logged to /Users/fuchitalee/development/minimax-marketing/x-monitoring/data/runs/2026-07-15/enum_dead_letter.jsonl)
dead-letter enum: family=role value='unknown' context={'table': 'brands_accounts', 'brand_id': 'minimax', 'author_id': 'handle:sarcaxtiSX'} (logged to /Users/fuchitalee/development/minimax-marketing/x-monitoring/data/runs/2026-07-15/enum_dead_letter.jsonl)
dead-letter enum: family=role value='unknown' context={'table': 'brands_accounts', 'brand_id': 'minimax', 'author_id': 'handle:chenshaoju'} (logged to /Users/fuchitalee/development/minimax-marketing/x-monitoring/data/runs/2026-07-15/enum_dead_letter.jsonl)
dead-letter enum: family=role value='unknown' context={'table': 'brands_accounts', 'brand_id': 'minimax', 'author_id': 'handle:JonnyD'} (logged to /Users/fuchitalee/development/minimax-marketing/x-monitoring/data/runs/2026-07-15/enum_dead_letter.jsonl)
dead-letter enum: family=role value='unknown' context={'table': 'brands_accounts', 'brand_id': 'minimax', 'author_id': 'handle:lionman888888'} (logged to /Users/fuchitalee/development/minimax-marketing/x-monitoring/data/runs/2026-07-15/enum_dead_letter.jsonl)
dead-letter enum: family=role value='unknown' context={'table': 'brands_accounts', 'brand_id': 'minimax', 'author_id': 'handle:aiComingFast'} (logged to /Users/fuchitalee/development/minimax-marketing/x-monitoring/data/runs/2026-07-15/enum_dead_letter.jsonl)
dead-letter enum: family=role value='unknown' context={'table': 'brands_accounts', 'brand_id': 'minimax', 'author_id': 'handle:SymlinkX'} (logged to /Users/fuchitalee/development/minimax-marketing/x-monitoring/data/runs/2026-07-15/enum_dead_letter.jsonl)
dead-letter enum: family=role value='unknown' context={'table': 'brands_accounts', 'brand_id': 'minimax', 'author_id': 'handle:VincentLogic'} (logged to /Users/fuchitalee/development/minimax-marketing/x-monitoring/data/runs/2026-07-15/enum_dead_letter.jsonl)
dead-letter enum: family=role value='unknown' context={'table': 'brands_accounts', 'brand_id': 'minimax', 'author_id': 'handle:decoded_dev'} (logged to /Users/fuchitalee/development/minimax-marketing/x-monitoring/data/runs/2026-07-15/enum_dead_letter.jsonl)
dead-letter enum: family=role value='unknown' context={'table': 'brands_accounts', 'brand_id': 'minimax', 'author_id': 'handle:Sentdex'} (logged to /Users/fuchitalee/development/minimax-marketing/x-monitoring/data/runs/2026-07-15/enum_dead_letter.jsonl)
dead-letter enum: family=role value='unknown' context={'table': 'brands_accounts', 'brand_id': 'minimax', 'author_id': 'handle:xyster'} (logged to /Users/fuchitalee/development/minimax-marketing/x-monitoring/data/runs/2026-07-15/enum_dead_letter.jsonl)
dead-letter enum: family=role value='unknown' context={'table': 'brands_accounts', 'brand_id': 'minimax', 'author_id': 'handle:dlozanovic'} (logged to /Users/fuchitalee/development/minimax-marketing/x-monitoring/data/runs/2026-07-15/enum_dead_letter.jsonl)
dead-letter enum: family=role value='unknown' context={'table': 'brands_accounts', 'brand_id': 'minimax', 'author_id': 'handle:BwcDeals'} (logged to /Users/fuchitalee/development/minimax-marketing/x-monitoring/data/runs/2026-07-15/enum_dead_letter.jsonl)
dead-letter enum: family=role value='unknown' context={'table': 'brands_accounts', 'brand_id': 'minimax', 'author_id': 'handle:heyellieday'} (logged to /Users/fuchitalee/development/minimax-marketing/x-monitoring/data/runs/2026-07-15/enum_dead_letter.jsonl)
dead-letter enum: family=role value='unknown' context={'table': 'brands_accounts', 'brand_id': 'minimax', 'author_id': 'handle:pigeon__s'} (logged to /Users/fuchitalee/development/minimax-marketing/x-monitoring/data/runs/2026-07-15/enum_dead_letter.jsonl)
dead-letter enum: family=role value='unknown' context={'table': 'brands_accounts', 'brand_id': 'minimax', 'author_id': 'handle:wisenergynoah'} (logged to /Users/fuchitalee/development/minimax-marketing/x-monitoring/data/runs/2026-07-15/enum_dead_letter.jsonl)
dead-letter enum: family=role value='unknown' context={'table': 'brands_accounts', 'brand_id': 'minimax', 'author_id': 'handle:sanjoxbuilds'} (logged to /Users/fuchitalee/development/minimax-marketing/x-monitoring/data/runs/2026-07-15/enum_dead_letter.jsonl)
dead-letter enum: family=role value='unknown' context={'table': 'brands_accounts', 'brand_id': 'minimax', 'author_id': 'handle:airesearch12'} (logged to /Users/fuchitalee/development/minimax-marketing/x-monitoring/data/runs/2026-07-15/enum_dead_letter.jsonl)
dead-letter enum: family=role value='unknown' context={'table': 'brands_accounts', 'brand_id': 'minimax', 'author_id': 'handle:UnslothAI'} (logged to /Users/fuchitalee/development/minimax-marketing/x-monitoring/data/runs/2026-07-15/enum_dead_letter.jsonl)
dead-letter enum: family=role value='unknown' context={'table': 'brands_accounts', 'brand_id': 'minimax', 'author_id': 'handle:JakeKAllDay'} (logged to /Users/fuchitalee/development/minimax-marketing/x-monitoring/data/runs/2026-07-15/enum_dead_letter.jsonl)
dead-letter enum: family=role value='unknown' context={'table': 'brands_accounts', 'brand_id': 'minimax', 'author_id': 'handle:thetripathi58'} (logged to /Users/fuchitalee/development/minimax-marketing/x-monitoring/data/runs/2026-07-15/enum_dead_letter.jsonl)
dead-letter enum: family=role value='unknown' context={'table': 'brands_accounts', 'brand_id': 'minimax', 'author_id': 'handle:TheLouieCo'} (logged to /Users/fuchitalee/development/minimax-marketing/x-monitoring/data/runs/2026-07-15/enum_dead_letter.jsonl)
dead-letter enum: family=role value='unknown' context={'table': 'brands_accounts', 'brand_id': 'minimax', 'author_id': 'handle:moikapy'} (logged to /Users/fuchitalee/development/minimax-marketing/x-monitoring/data/runs/2026-07-15/enum_dead_letter.jsonl)
dead-letter enum: family=role value='unknown' context={'table': 'brands_accounts', 'brand_id': 'minimax', 'author_id': 'handle:ash_csx'} (logged to /Users/fuchitalee/development/minimax-marketing/x-monitoring/data/runs/2026-07-15/enum_dead_letter.jsonl)
dead-letter enum: family=role value='unknown' context={'table': 'brands_accounts', 'brand_id': 'minimax', 'author_id': 'handle:direkturcrypto'} (logged to /Users/fuchitalee/development/minimax-marketing/x-monitoring/data/runs/2026-07-15/enum_dead_letter.jsonl)
dead-letter enum: family=role value='unknown' context={'table': 'brands_accounts', 'brand_id': 'minimax', 'author_id': 'handle:dalu_hey'} (logged to /Users/fuchitalee/development/minimax-marketing/x-monitoring/data/runs/2026-07-15/enum_dead_letter.jsonl)
dead-letter enum: family=role value='unknown' context={'table': 'brands_accounts', 'brand_id': 'minimax', 'author_id': 'handle:halfbloodmoney'} (logged to /Users/fuchitalee/development/minimax-marketing/x-monitoring/data/runs/2026-07-15/enum_dead_letter.jsonl)
dead-letter enum: family=role value='unknown' context={'table': 'brands_accounts', 'brand_id': 'minimax', 'author_id': 'handle:SimonTNRE'} (logged to /Users/fuchitalee/development/minimax-marketing/x-monitoring/data/runs/2026-07-15/enum_dead_letter.jsonl)
dead-letter enum: family=role value='unknown' context={'table': 'brands_accounts', 'brand_id': 'minimax', 'author_id': 'handle:akshmnd'} (logged to /Users/fuchitalee/development/minimax-marketing/x-monitoring/data/runs/2026-07-15/enum_dead_letter.jsonl)
dead-letter enum: family=role value='unknown' context={'table': 'brands_accounts', 'brand_id': 'minimax', 'author_id': 'handle:XadenRyan'} (logged to /Users/fuchitalee/development/minimax-marketing/x-monitoring/data/runs/2026-07-15/enum_dead_letter.jsonl)
dead-letter enum: family=role value='unknown' context={'table': 'brands_accounts', 'brand_id': 'minimax', 'author_id': 'handle:PawelJLisowski'} (logged to /Users/fuchitalee/development/minimax-marketing/x-monitoring/data/runs/2026-07-15/enum_dead_letter.jsonl)
dead-letter enum: family=role value='unknown' context={'table': 'brands_accounts', 'brand_id': 'minimax', 'author_id': 'handle:Div_pradeep'} (logged to /Users/fuchitalee/development/minimax-marketing/x-monitoring/data/runs/2026-07-15/enum_dead_letter.jsonl)
dead-letter enum: family=role value='unknown' context={'table': 'brands_accounts', 'brand_id': 'minimax', 'author_id': 'handle:ExpertKelvin_AI'} (logged to /Users/fuchitalee/development/minimax-marketing/x-monitoring/data/runs/2026-07-15/enum_dead_letter.jsonl)
dead-letter enum: family=role value='unknown' context={'table': 'brands_accounts', 'brand_id': 'minimax', 'author_id': 'handle:wangruipro'} (logged to /Users/fuchitalee/development/minimax-marketing/x-monitoring/data/runs/2026-07-15/enum_dead_letter.jsonl)
dead-letter enum: family=role value='unknown' context={'table': 'brands_accounts', 'brand_id': 'minimax', 'author_id': 'handle:antirez'} (logged to /Users/fuchitalee/development/minimax-marketing/x-monitoring/data/runs/2026-07-15/enum_dead_letter.jsonl)
dead-letter enum: family=role value='unknown' context={'table': 'brands_accounts', 'brand_id': 'minimax', 'author_id': 'handle:DavidFlagg20'} (logged to /Users/fuchitalee/development/minimax-marketing/x-monitoring/data/runs/2026-07-15/enum_dead_letter.jsonl)
dead-letter enum: family=role value='unknown' context={'table': 'brands_accounts', 'brand_id': 'minimax', 'author_id': 'handle:AutomationKing0'} (logged to /Users/fuchitalee/development/minimax-marketing/x-monitoring/data/runs/2026-07-15/enum_dead_letter.jsonl)
dead-letter enum: family=role value='unknown' context={'table': 'brands_accounts', 'brand_id': 'qwen', 'author_id': 'handle:starpower_tech'} (logged to /Users/fuchitalee/development/minimax-marketing/x-monitoring/data/runs/2026-07-15/enum_dead_letter.jsonl)
dead-letter enum: family=role value='unknown' context={'table': 'brands_accounts', 'brand_id': 'qwen', 'author_id': 'handle:iletimerkezi'} (logged to /Users/fuchitalee/development/minimax-marketing/x-monitoring/data/runs/2026-07-15/enum_dead_letter.jsonl)
dead-letter enum: family=role value='unknown' context={'table': 'brands_accounts', 'brand_id': 'qwen', 'author_id': 'handle:Mike_Preston17'} (logged to /Users/fuchitalee/development/minimax-marketing/x-monitoring/data/runs/2026-07-15/enum_dead_letter.jsonl)
dead-letter enum: family=role value='unknown' context={'table': 'brands_accounts', 'brand_id': 'qwen', 'author_id': 'handle:DavE_660'} (logged to /Users/fuchitalee/development/minimax-marketing/x-monitoring/data/runs/2026-07-15/enum_dead_letter.jsonl)
dead-letter enum: family=role value='unknown' context={'table': 'brands_accounts', 'brand_id': 'qwen', 'author_id': 'handle:alvarobartt'} (logged to /Users/fuchitalee/development/minimax-marketing/x-monitoring/data/runs/2026-07-15/enum_dead_letter.jsonl)
dead-letter enum: family=role value='unknown' context={'table': 'brands_accounts', 'brand_id': 'qwen', 'author_id': 'handle:shawshank_rat'} (logged to /Users/fuchitalee/development/minimax-marketing/x-monitoring/data/runs/2026-07-15/enum_dead_letter.jsonl)
dead-letter enum: family=role value='unknown' context={'table': 'brands_accounts', 'brand_id': 'qwen', 'author_id': 'handle:kuntaykunt'} (logged to /Users/fuchitalee/development/minimax-marketing/x-monitoring/data/runs/2026-07-15/enum_dead_letter.jsonl)
dead-letter enum: family=role value='unknown' context={'table': 'brands_accounts', 'brand_id': 'qwen', 'author_id': 'handle:CertainLogicAI'} (logged to /Users/fuchitalee/development/minimax-marketing/x-monitoring/data/runs/2026-07-15/enum_dead_letter.jsonl)
dead-letter enum: family=role value='unknown' context={'table': 'brands_accounts', 'brand_id': 'qwen', 'author_id': 'handle:pezy2423'} (logged to /Users/fuchitalee/development/minimax-marketing/x-monitoring/data/runs/2026-07-15/enum_dead_letter.jsonl)
dead-letter enum: family=role value='unknown' context={'table': 'brands_accounts', 'brand_id': 'qwen', 'author_id': 'handle:huntRealNumbers'} (logged to /Users/fuchitalee/development/minimax-marketing/x-monitoring/data/runs/2026-07-15/enum_dead_letter.jsonl)
dead-letter enum: family=role value='unknown' context={'table': 'brands_accounts', 'brand_id': 'qwen', 'author_id': 'handle:dann462'} (logged to /Users/fuchitalee/development/minimax-marketing/x-monitoring/data/runs/2026-07-15/enum_dead_letter.jsonl)
dead-letter enum: family=role value='unknown' context={'table': 'brands_accounts', 'brand_id': 'qwen', 'author_id': 'handle:CryZe107'} (logged to /Users/fuchitalee/development/minimax-marketing/x-monitoring/data/runs/2026-07-15/enum_dead_letter.jsonl)
dead-letter enum: family=role value='unknown' context={'table': 'brands_accounts', 'brand_id': 'qwen', 'author_id': 'handle:indexx___'} (logged to /Users/fuchitalee/development/minimax-marketing/x-monitoring/data/runs/2026-07-15/enum_dead_letter.jsonl)
dead-letter enum: family=role value='unknown' context={'table': 'brands_accounts', 'brand_id': 'qwen', 'author_id': 'handle:dezign_ash'} (logged to /Users/fuchitalee/development/minimax-marketing/x-monitoring/data/runs/2026-07-15/enum_dead_letter.jsonl)
dead-letter enum: family=role value='unknown' context={'table': 'brands_accounts', 'brand_id': 'qwen', 'author_id': 'handle:MensInfinita'} (logged to /Users/fuchitalee/development/minimax-marketing/x-monitoring/data/runs/2026-07-15/enum_dead_letter.jsonl)
dead-letter enum: family=role value='unknown' context={'table': 'brands_accounts', 'brand_id': 'qwen', 'author_id': 'handle:Shuyusyz'} (logged to /Users/fuchitalee/development/minimax-marketing/x-monitoring/data/runs/2026-07-15/enum_dead_letter.jsonl)
dead-letter enum: family=role value='unknown' context={'table': 'brands_accounts', 'brand_id': 'qwen', 'author_id': 'handle:RaoulDukeDegen'} (logged to /Users/fuchitalee/development/minimax-marketing/x-monitoring/data/runs/2026-07-15/enum_dead_letter.jsonl)
dead-letter enum: family=role value='unknown' context={'table': 'brands_accounts', 'brand_id': 'qwen', 'author_id': 'handle:Myrikko'} (logged to /Users/fuchitalee/development/minimax-marketing/x-monitoring/data/runs/2026-07-15/enum_dead_letter.jsonl)
dead-letter enum: family=role value='unknown' context={'table': 'brands_accounts', 'brand_id': 'qwen', 'author_id': 'handle:kubedoll'} (logged to /Users/fuchitalee/development/minimax-marketing/x-monitoring/data/runs/2026-07-15/enum_dead_letter.jsonl)
dead-letter enum: family=role value='unknown' context={'table': 'brands_accounts', 'brand_id': 'qwen', 'author_id': 'handle:groktopus'} (logged to /Users/fuchitalee/development/minimax-marketing/x-monitoring/data/runs/2026-07-15/enum_dead_letter.jsonl)
dead-letter enum: family=role value='unknown' context={'table': 'brands_accounts', 'brand_id': 'qwen', 'author_id': 'handle:Ben01Den'} (logged to /Users/fuchitalee/development/minimax-marketing/x-monitoring/data/runs/2026-07-15/enum_dead_letter.jsonl)
dead-letter enum: family=role value='unknown' context={'table': 'brands_accounts', 'brand_id': 'qwen', 'author_id': 'handle:liemfukliang'} (logged to /Users/fuchitalee/development/minimax-marketing/x-monitoring/data/runs/2026-07-15/enum_dead_letter.jsonl)
dead-letter enum: family=role value='unknown' context={'table': 'brands_accounts', 'brand_id': 'qwen', 'author_id': 'handle:SandeshRajx'} (logged to /Users/fuchitalee/development/minimax-marketing/x-monitoring/data/runs/2026-07-15/enum_dead_letter.jsonl)
dead-letter enum: family=role value='unknown' context={'table': 'brands_accounts', 'brand_id': 'qwen', 'author_id': 'handle:nisten'} (logged to /Users/fuchitalee/development/minimax-marketing/x-monitoring/data/runs/2026-07-15/enum_dead_letter.jsonl)
dead-letter enum: family=role value='unknown' context={'table': 'brands_accounts', 'brand_id': 'qwen', 'author_id': 'handle:gopinath9629'} (logged to /Users/fuchitalee/development/minimax-marketing/x-monitoring/data/runs/2026-07-15/enum_dead_letter.jsonl)
dead-letter enum: family=role value='unknown' context={'table': 'brands_accounts', 'brand_id': 'qwen', 'author_id': 'handle:hey_liot'} (logged to /Users/fuchitalee/development/minimax-marketing/x-monitoring/data/runs/2026-07-15/enum_dead_letter.jsonl)
dead-letter enum: family=role value='unknown' context={'table': 'brands_accounts', 'brand_id': 'qwen', 'author_id': 'handle:repojournal'} (logged to /Users/fuchitalee/development/minimax-marketing/x-monitoring/data/runs/2026-07-15/enum_dead_letter.jsonl)
dead-letter enum: family=role value='unknown' context={'table': 'brands_accounts', 'brand_id': 'qwen', 'author_id': 'handle:ElInsuranceGuy'} (logged to /Users/fuchitalee/development/minimax-marketing/x-monitoring/data/runs/2026-07-15/enum_dead_letter.jsonl)
dead-letter enum: family=role value='unknown' context={'table': 'brands_accounts', 'brand_id': 'qwen', 'author_id': 'handle:the_joshua_hill'} (logged to /Users/fuchitalee/development/minimax-marketing/x-monitoring/data/runs/2026-07-15/enum_dead_letter.jsonl)
dead-letter enum: family=role value='unknown' context={'table': 'brands_accounts', 'brand_id': 'qwen', 'author_id': 'handle:Alex753429'} (logged to /Users/fuchitalee/development/minimax-marketing/x-monitoring/data/runs/2026-07-15/enum_dead_letter.jsonl)
dead-letter enum: family=role value='unknown' context={'table': 'brands_accounts', 'brand_id': 'qwen', 'author_id': 'handle:emmariezee01'} (logged to /Users/fuchitalee/development/minimax-marketing/x-monitoring/data/runs/2026-07-15/enum_dead_letter.jsonl)
dead-letter enum: family=role value='unknown' context={'table': 'brands_accounts', 'brand_id': 'qwen', 'author_id': 'handle:yume_arasaki'} (logged to /Users/fuchitalee/development/minimax-marketing/x-monitoring/data/runs/2026-07-15/enum_dead_letter.jsonl)
dead-letter enum: family=role value='unknown' context={'table': 'brands_accounts', 'brand_id': 'qwen', 'author_id': 'handle:xao_lanVT'} (logged to /Users/fuchitalee/development/minimax-marketing/x-monitoring/data/runs/2026-07-15/enum_dead_letter.jsonl)
dead-letter enum: family=role value='unknown' context={'table': 'brands_accounts', 'brand_id': 'qwen', 'author_id': 'handle:glimps_k'} (logged to /Users/fuchitalee/development/minimax-marketing/x-monitoring/data/runs/2026-07-15/enum_dead_letter.jsonl)
dead-letter enum: family=role value='unknown' context={'table': 'brands_accounts', 'brand_id': 'qwen', 'author_id': 'handle:parweb'} (logged to /Users/fuchitalee/development/minimax-marketing/x-monitoring/data/runs/2026-07-15/enum_dead_letter.jsonl)
dead-letter enum: family=role value='unknown' context={'table': 'brands_accounts', 'brand_id': 'qwen', 'author_id': 'handle:e_etini'} (logged to /Users/fuchitalee/development/minimax-marketing/x-monitoring/data/runs/2026-07-15/enum_dead_letter.jsonl)
dead-letter enum: family=role value='unknown' context={'table': 'brands_accounts', 'brand_id': 'qwen', 'author_id': 'handle:MiaAI_lab'} (logged to /Users/fuchitalee/development/minimax-marketing/x-monitoring/data/runs/2026-07-15/enum_dead_letter.jsonl)
dead-letter enum: family=role value='unknown' context={'table': 'brands_accounts', 'brand_id': 'qwen', 'author_id': 'handle:SecPerkinsStan'} (logged to /Users/fuchitalee/development/minimax-marketing/x-monitoring/data/runs/2026-07-15/enum_dead_letter.jsonl)
dead-letter enum: family=role value='unknown' context={'table': 'brands_accounts', 'brand_id': 'qwen', 'author_id': 'handle:ljupc0'} (logged to /Users/fuchitalee/development/minimax-marketing/x-monitoring/data/runs/2026-07-15/enum_dead_letter.jsonl)
dead-letter enum: family=role value='unknown' context={'table': 'brands_accounts', 'brand_id': 'qwen', 'author_id': 'handle:az__GZ5ahQTA'} (logged to /Users/fuchitalee/development/minimax-marketing/x-monitoring/data/runs/2026-07-15/enum_dead_letter.jsonl)
dead-letter enum: family=role value='unknown' context={'table': 'brands_accounts', 'brand_id': 'qwen', 'author_id': 'handle:Bassmaster187'} (logged to /Users/fuchitalee/development/minimax-marketing/x-monitoring/data/runs/2026-07-15/enum_dead_letter.jsonl)
dead-letter enum: family=role value='unknown' context={'table': 'brands_accounts', 'brand_id': 'qwen', 'author_id': 'handle:agentfoxlog'} (logged to /Users/fuchitalee/development/minimax-marketing/x-monitoring/data/runs/2026-07-15/enum_dead_letter.jsonl)
dead-letter enum: family=role value='unknown' context={'table': 'brands_accounts', 'brand_id': 'qwen', 'author_id': 'handle:RobIsTheName2'} (logged to /Users/fuchitalee/development/minimax-marketing/x-monitoring/data/runs/2026-07-15/enum_dead_letter.jsonl)
dead-letter enum: family=role value='unknown' context={'table': 'brands_accounts', 'brand_id': 'qwen', 'author_id': 'handle:MyopicRaccoon'} (logged to /Users/fuchitalee/development/minimax-marketing/x-monitoring/data/runs/2026-07-15/enum_dead_letter.jsonl)
dead-letter enum: family=role value='unknown' context={'table': 'brands_accounts', 'brand_id': 'qwen', 'author_id': 'handle:aicreatorpath'} (logged to /Users/fuchitalee/development/minimax-marketing/x-monitoring/data/runs/2026-07-15/enum_dead_letter.jsonl)
dead-letter enum: family=role value='unknown' context={'table': 'brands_accounts', 'brand_id': 'qwen', 'author_id': 'handle:ShankhadeepSho1'} (logged to /Users/fuchitalee/development/minimax-marketing/x-monitoring/data/runs/2026-07-15/enum_dead_letter.jsonl)
dead-letter enum: family=role value='unknown' context={'table': 'brands_accounts', 'brand_id': 'qwen', 'author_id': 'handle:Denis_skripnik'} (logged to /Users/fuchitalee/development/minimax-marketing/x-monitoring/data/runs/2026-07-15/enum_dead_letter.jsonl)
dead-letter enum: family=role value='unknown' context={'table': 'brands_accounts', 'brand_id': 'qwen', 'author_id': 'handle:mrluiscalderon'} (logged to /Users/fuchitalee/development/minimax-marketing/x-monitoring/data/runs/2026-07-15/enum_dead_letter.jsonl)
dead-letter enum: family=role value='unknown' context={'table': 'brands_accounts', 'brand_id': 'qwen', 'author_id': 'handle:glitch_'} (logged to /Users/fuchitalee/development/minimax-marketing/x-monitoring/data/runs/2026-07-15/enum_dead_letter.jsonl)
dead-letter enum: family=role value='unknown' context={'table': 'brands_accounts', 'brand_id': 'qwen', 'author_id': 'handle:ariel_teologia'} (logged to /Users/fuchitalee/development/minimax-marketing/x-monitoring/data/runs/2026-07-15/enum_dead_letter.jsonl)
dead-letter enum: family=role value='unknown' context={'table': 'brands_accounts', 'brand_id': 'qwen', 'author_id': 'handle:NftCelestials'} (logged to /Users/fuchitalee/development/minimax-marketing/x-monitoring/data/runs/2026-07-15/enum_dead_letter.jsonl)
dead-letter enum: family=role value='unknown' context={'table': 'brands_accounts', 'brand_id': 'qwen', 'author_id': 'handle:TheRevengeDavid'} (logged to /Users/fuchitalee/development/minimax-marketing/x-monitoring/data/runs/2026-07-15/enum_dead_letter.jsonl)
dead-letter enum: family=role value='unknown' context={'table': 'brands_accounts', 'brand_id': 'qwen', 'author_id': 'handle:georgecursor'} (logged to /Users/fuchitalee/development/minimax-marketing/x-monitoring/data/runs/2026-07-15/enum_dead_letter.jsonl)
dead-letter enum: family=role value='unknown' context={'table': 'brands_accounts', 'brand_id': 'qwen', 'author_id': 'handle:__spekulator__'} (logged to /Users/fuchitalee/development/minimax-marketing/x-monitoring/data/runs/2026-07-15/enum_dead_letter.jsonl)
dead-letter enum: family=role value='unknown' context={'table': 'brands_accounts', 'brand_id': 'qwen', 'author_id': 'handle:TheColonyAI'} (logged to /Users/fuchitalee/development/minimax-marketing/x-monitoring/data/runs/2026-07-15/enum_dead_letter.jsonl)
dead-letter enum: family=role value='unknown' context={'table': 'brands_accounts', 'brand_id': 'qwen', 'author_id': 'handle:_pasadenian_'} (logged to /Users/fuchitalee/development/minimax-marketing/x-monitoring/data/runs/2026-07-15/enum_dead_letter.jsonl)
dead-letter enum: family=role value='unknown' context={'table': 'brands_accounts', 'brand_id': 'qwen', 'author_id': 'handle:ree1dist'} (logged to /Users/fuchitalee/development/minimax-marketing/x-monitoring/data/runs/2026-07-15/enum_dead_letter.jsonl)
dead-letter enum: family=role value='unknown' context={'table': 'brands_accounts', 'brand_id': 'qwen', 'author_id': 'handle:idoccor'} (logged to /Users/fuchitalee/development/minimax-marketing/x-monitoring/data/runs/2026-07-15/enum_dead_letter.jsonl)
dead-letter enum: family=role value='unknown' context={'table': 'brands_accounts', 'brand_id': 'qwen', 'author_id': 'handle:Dave_Charland'} (logged to /Users/fuchitalee/development/minimax-marketing/x-monitoring/data/runs/2026-07-15/enum_dead_letter.jsonl)
dead-letter enum: family=role value='unknown' context={'table': 'brands_accounts', 'brand_id': 'qwen', 'author_id': 'handle:DanVitorPH'} (logged to /Users/fuchitalee/development/minimax-marketing/x-monitoring/data/runs/2026-07-15/enum_dead_letter.jsonl)
dead-letter enum: family=role value='unknown' context={'table': 'brands_accounts', 'brand_id': 'qwen', 'author_id': 'handle:m_pulkit'} (logged to /Users/fuchitalee/development/minimax-marketing/x-monitoring/data/runs/2026-07-15/enum_dead_letter.jsonl)
dead-letter enum: family=role value='unknown' context={'table': 'brands_accounts', 'brand_id': 'qwen', 'author_id': 'handle:KingOfBitchain'} (logged to /Users/fuchitalee/development/minimax-marketing/x-monitoring/data/runs/2026-07-15/enum_dead_letter.jsonl)
dead-letter enum: family=role value='unknown' context={'table': 'brands_accounts', 'brand_id': 'qwen', 'author_id': 'handle:EngMoElgaraihy'} (logged to /Users/fuchitalee/development/minimax-marketing/x-monitoring/data/runs/2026-07-15/enum_dead_letter.jsonl)
dead-letter enum: family=role value='unknown' context={'table': 'brands_accounts', 'brand_id': 'qwen', 'author_id': 'handle:dbgray'} (logged to /Users/fuchitalee/development/minimax-marketing/x-monitoring/data/runs/2026-07-15/enum_dead_letter.jsonl)
dead-letter enum: family=role value='unknown' context={'table': 'brands_accounts', 'brand_id': 'qwen', 'author_id': 'handle:EOlonov'} (logged to /Users/fuchitalee/development/minimax-marketing/x-monitoring/data/runs/2026-07-15/enum_dead_letter.jsonl)
dead-letter enum: family=role value='unknown' context={'table': 'brands_accounts', 'brand_id': 'qwen', 'author_id': 'handle:dawn2042'} (logged to /Users/fuchitalee/development/minimax-marketing/x-monitoring/data/runs/2026-07-15/enum_dead_letter.jsonl)
dead-letter enum: family=role value='unknown' context={'table': 'brands_accounts', 'brand_id': 'qwen', 'author_id': 'handle:djnmrjnvc'} (logged to /Users/fuchitalee/development/minimax-marketing/x-monitoring/data/runs/2026-07-15/enum_dead_letter.jsonl)
dead-letter enum: family=role value='unknown' context={'table': 'brands_accounts', 'brand_id': 'qwen', 'author_id': 'handle:memgrafter'} (logged to /Users/fuchitalee/development/minimax-marketing/x-monitoring/data/runs/2026-07-15/enum_dead_letter.jsonl)
dead-letter enum: family=role value='unknown' context={'table': 'brands_accounts', 'brand_id': 'qwen', 'author_id': 'handle:SMT_Solvers'} (logged to /Users/fuchitalee/development/minimax-marketing/x-monitoring/data/runs/2026-07-15/enum_dead_letter.jsonl)
dead-letter enum: family=role value='unknown' context={'table': 'brands_accounts', 'brand_id': 'qwen', 'author_id': 'handle:VolodBoich'} (logged to /Users/fuchitalee/development/minimax-marketing/x-monitoring/data/runs/2026-07-15/enum_dead_letter.jsonl)
dead-letter enum: family=role value='unknown' context={'table': 'brands_accounts', 'brand_id': 'qwen', 'author_id': 'handle:robkde'} (logged to /Users/fuchitalee/development/minimax-marketing/x-monitoring/data/runs/2026-07-15/enum_dead_letter.jsonl)
dead-letter enum: family=role value='unknown' context={'table': 'brands_accounts', 'brand_id': 'qwen', 'author_id': 'handle:Peaky8linders'} (logged to /Users/fuchitalee/development/minimax-marketing/x-monitoring/data/runs/2026-07-15/enum_dead_letter.jsonl)
dead-letter enum: family=role value='unknown' context={'table': 'brands_accounts', 'brand_id': 'qwen', 'author_id': 'handle:UtaAoya'} (logged to /Users/fuchitalee/development/minimax-marketing/x-monitoring/data/runs/2026-07-15/enum_dead_letter.jsonl)
dead-letter enum: family=role value='unknown' context={'table': 'brands_accounts', 'brand_id': 'qwen', 'author_id': 'handle:testingcatalog'} (logged to /Users/fuchitalee/development/minimax-marketing/x-monitoring/data/runs/2026-07-15/enum_dead_letter.jsonl)
dead-letter enum: family=role value='unknown' context={'table': 'brands_accounts', 'brand_id': 'qwen', 'author_id': 'handle:michelleefang'} (logged to /Users/fuchitalee/development/minimax-marketing/x-monitoring/data/runs/2026-07-15/enum_dead_letter.jsonl)
dead-letter enum: family=role value='unknown' context={'table': 'brands_accounts', 'brand_id': 'qwen', 'author_id': 'handle:HuggingModels'} (logged to /Users/fuchitalee/development/minimax-marketing/x-monitoring/data/runs/2026-07-15/enum_dead_letter.jsonl)
dead-letter enum: family=role value='unknown' context={'table': 'brands_accounts', 'brand_id': 'qwen', 'author_id': 'handle:JeffSte17327059'} (logged to /Users/fuchitalee/development/minimax-marketing/x-monitoring/data/runs/2026-07-15/enum_dead_letter.jsonl)
dead-letter enum: family=role value='unknown' context={'table': 'brands_accounts', 'brand_id': 'qwen', 'author_id': 'handle:da5ch0'} (logged to /Users/fuchitalee/development/minimax-marketing/x-monitoring/data/runs/2026-07-15/enum_dead_letter.jsonl)
dead-letter enum: family=role value='unknown' context={'table': 'brands_accounts', 'brand_id': 'qwen', 'author_id': 'handle:UrbanAstroFella'} (logged to /Users/fuchitalee/development/minimax-marketing/x-monitoring/data/runs/2026-07-15/enum_dead_letter.jsonl)
dead-letter enum: family=role value='unknown' context={'table': 'brands_accounts', 'brand_id': 'qwen', 'author_id': 'handle:iGoinsane101'} (logged to /Users/fuchitalee/development/minimax-marketing/x-monitoring/data/runs/2026-07-15/enum_dead_letter.jsonl)
dead-letter enum: family=role value='unknown' context={'table': 'brands_accounts', 'brand_id': 'qwen', 'author_id': 'handle:nagaremono24'} (logged to /Users/fuchitalee/development/minimax-marketing/x-monitoring/data/runs/2026-07-15/enum_dead_letter.jsonl)
dead-letter enum: family=role value='unknown' context={'table': 'brands_accounts', 'brand_id': 'qwen', 'author_id': 'handle:jcatblackhat'} (logged to /Users/fuchitalee/development/minimax-marketing/x-monitoring/data/runs/2026-07-15/enum_dead_letter.jsonl)
dead-letter enum: family=role value='unknown' context={'table': 'brands_accounts', 'brand_id': 'qwen', 'author_id': 'handle:robertomasymas'} (logged to /Users/fuchitalee/development/minimax-marketing/x-monitoring/data/runs/2026-07-15/enum_dead_letter.jsonl)
dead-letter enum: family=role value='unknown' context={'table': 'brands_accounts', 'brand_id': 'qwen', 'author_id': 'handle:StefanMaier'} (logged to /Users/fuchitalee/development/minimax-marketing/x-monitoring/data/runs/2026-07-15/enum_dead_letter.jsonl)
dead-letter enum: family=role value='unknown' context={'table': 'brands_accounts', 'brand_id': 'qwen', 'author_id': 'handle:danyurkin'} (logged to /Users/fuchitalee/development/minimax-marketing/x-monitoring/data/runs/2026-07-15/enum_dead_letter.jsonl)
dead-letter enum: family=role value='unknown' context={'table': 'brands_accounts', 'brand_id': 'qwen', 'author_id': 'handle:ToothlessAt58'} (logged to /Users/fuchitalee/development/minimax-marketing/x-monitoring/data/runs/2026-07-15/enum_dead_letter.jsonl)
dead-letter enum: family=role value='unknown' context={'table': 'brands_accounts', 'brand_id': 'qwen', 'author_id': 'handle:mgoetzke'} (logged to /Users/fuchitalee/development/minimax-marketing/x-monitoring/data/runs/2026-07-15/enum_dead_letter.jsonl)
dead-letter enum: family=role value='unknown' context={'table': 'brands_accounts', 'brand_id': 'qwen', 'author_id': 'handle:ItsmeAjayKV'} (logged to /Users/fuchitalee/development/minimax-marketing/x-monitoring/data/runs/2026-07-15/enum_dead_letter.jsonl)
dead-letter enum: family=role value='unknown' context={'table': 'brands_accounts', 'brand_id': 'qwen', 'author_id': 'handle:Vipinshrma9'} (logged to /Users/fuchitalee/development/minimax-marketing/x-monitoring/data/runs/2026-07-15/enum_dead_letter.jsonl)
dead-letter enum: family=role value='unknown' context={'table': 'brands_accounts', 'brand_id': 'qwen', 'author_id': 'handle:notnotrishi'} (logged to /Users/fuchitalee/development/minimax-marketing/x-monitoring/data/runs/2026-07-15/enum_dead_letter.jsonl)
dead-letter enum: family=role value='unknown' context={'table': 'brands_accounts', 'brand_id': 'qwen', 'author_id': 'handle:_markfenner'} (logged to /Users/fuchitalee/development/minimax-marketing/x-monitoring/data/runs/2026-07-15/enum_dead_letter.jsonl)
dead-letter enum: family=role value='unknown' context={'table': 'brands_accounts', 'brand_id': 'qwen', 'author_id': 'handle:proxicon84'} (logged to /Users/fuchitalee/development/minimax-marketing/x-monitoring/data/runs/2026-07-15/enum_dead_letter.jsonl)
dead-letter enum: family=role value='unknown' context={'table': 'brands_accounts', 'brand_id': 'qwen', 'author_id': 'handle:GregWBuckle7'} (logged to /Users/fuchitalee/development/minimax-marketing/x-monitoring/data/runs/2026-07-15/enum_dead_letter.jsonl)
dead-letter enum: family=role value='unknown' context={'table': 'brands_accounts', 'brand_id': 'qwen', 'author_id': 'handle:superalesha'} (logged to /Users/fuchitalee/development/minimax-marketing/x-monitoring/data/runs/2026-07-15/enum_dead_letter.jsonl)
dead-letter enum: family=role value='unknown' context={'table': 'brands_accounts', 'brand_id': 'qwen', 'author_id': 'handle:ShaneRobinett'} (logged to /Users/fuchitalee/development/minimax-marketing/x-monitoring/data/runs/2026-07-15/enum_dead_letter.jsonl)
dead-letter enum: family=role value='unknown' context={'table': 'brands_accounts', 'brand_id': 'qwen', 'author_id': 'handle:theSethian'} (logged to /Users/fuchitalee/development/minimax-marketing/x-monitoring/data/runs/2026-07-15/enum_dead_letter.jsonl)
dead-letter enum: family=role value='unknown' context={'table': 'brands_accounts', 'brand_id': 'qwen', 'author_id': 'handle:apt_hq'} (logged to /Users/fuchitalee/development/minimax-marketing/x-monitoring/data/runs/2026-07-15/enum_dead_letter.jsonl)
dead-letter enum: family=role value='unknown' context={'table': 'brands_accounts', 'brand_id': 'qwen', 'author_id': 'handle:masonwarner'} (logged to /Users/fuchitalee/development/minimax-marketing/x-monitoring/data/runs/2026-07-15/enum_dead_letter.jsonl)
dead-letter enum: family=role value='unknown' context={'table': 'brands_accounts', 'brand_id': 'qwen', 'author_id': 'handle:Chromadera'} (logged to /Users/fuchitalee/development/minimax-marketing/x-monitoring/data/runs/2026-07-15/enum_dead_letter.jsonl)
dead-letter enum: family=role value='unknown' context={'table': 'brands_accounts', 'brand_id': 'qwen', 'author_id': 'handle:ianlpaterson'} (logged to /Users/fuchitalee/development/minimax-marketing/x-monitoring/data/runs/2026-07-15/enum_dead_letter.jsonl)
dead-letter enum: family=role value='unknown' context={'table': 'brands_accounts', 'brand_id': 'qwen', 'author_id': 'handle:Brjen'} (logged to /Users/fuchitalee/development/minimax-marketing/x-monitoring/data/runs/2026-07-15/enum_dead_letter.jsonl)
dead-letter enum: family=role value='unknown' context={'table': 'brands_accounts', 'brand_id': 'qwen', 'author_id': 'handle:itsManghwani'} (logged to /Users/fuchitalee/development/minimax-marketing/x-monitoring/data/runs/2026-07-15/enum_dead_letter.jsonl)
dead-letter enum: family=role value='unknown' context={'table': 'brands_accounts', 'brand_id': 'qwen', 'author_id': 'handle:ehsan_denton'} (logged to /Users/fuchitalee/development/minimax-marketing/x-monitoring/data/runs/2026-07-15/enum_dead_letter.jsonl)
dead-letter enum: family=role value='unknown' context={'table': 'brands_accounts', 'brand_id': 'qwen', 'author_id': 'handle:Fargonavt'} (logged to /Users/fuchitalee/development/minimax-marketing/x-monitoring/data/runs/2026-07-15/enum_dead_letter.jsonl)
dead-letter enum: family=role value='unknown' context={'table': 'brands_accounts', 'brand_id': 'qwen', 'author_id': 'handle:iraiansar'} (logged to /Users/fuchitalee/development/minimax-marketing/x-monitoring/data/runs/2026-07-15/enum_dead_letter.jsonl)
dead-letter enum: family=role value='unknown' context={'table': 'brands_accounts', 'brand_id': 'qwen', 'author_id': 'handle:gajesh'} (logged to /Users/fuchitalee/development/minimax-marketing/x-monitoring/data/runs/2026-07-15/enum_dead_letter.jsonl)
dead-letter enum: family=role value='unknown' context={'table': 'brands_accounts', 'brand_id': 'qwen', 'author_id': 'handle:aor_rex'} (logged to /Users/fuchitalee/development/minimax-marketing/x-monitoring/data/runs/2026-07-15/enum_dead_letter.jsonl)
dead-letter enum: family=role value='unknown' context={'table': 'brands_accounts', 'brand_id': 'qwen', 'author_id': 'handle:MichaelGannotti'} (logged to /Users/fuchitalee/development/minimax-marketing/x-monitoring/data/runs/2026-07-15/enum_dead_letter.jsonl)
dead-letter enum: family=role value='unknown' context={'table': 'brands_accounts', 'brand_id': 'qwen', 'author_id': 'handle:Roman_Him'} (logged to /Users/fuchitalee/development/minimax-marketing/x-monitoring/data/runs/2026-07-15/enum_dead_letter.jsonl)
dead-letter enum: family=role value='unknown' context={'table': 'brands_accounts', 'brand_id': 'qwen', 'author_id': 'handle:effi288'} (logged to /Users/fuchitalee/development/minimax-marketing/x-monitoring/data/runs/2026-07-15/enum_dead_letter.jsonl)
dead-letter enum: family=role value='unknown' context={'table': 'brands_accounts', 'brand_id': 'qwen', 'author_id': 'handle:Impedro29'} (logged to /Users/fuchitalee/development/minimax-marketing/x-monitoring/data/runs/2026-07-15/enum_dead_letter.jsonl)
dead-letter enum: family=role value='unknown' context={'table': 'brands_accounts', 'brand_id': 'qwen', 'author_id': 'handle:JJitsev'} (logged to /Users/fuchitalee/development/minimax-marketing/x-monitoring/data/runs/2026-07-15/enum_dead_letter.jsonl)
dead-letter enum: family=role value='unknown' context={'table': 'brands_accounts', 'brand_id': 'qwen', 'author_id': 'handle:PrplHddWrrr'} (logged to /Users/fuchitalee/development/minimax-marketing/x-monitoring/data/runs/2026-07-15/enum_dead_letter.jsonl)
dead-letter enum: family=role value='unknown' context={'table': 'brands_accounts', 'brand_id': 'qwen', 'author_id': 'handle:NatyShi_'} (logged to /Users/fuchitalee/development/minimax-marketing/x-monitoring/data/runs/2026-07-15/enum_dead_letter.jsonl)
dead-letter enum: family=role value='unknown' context={'table': 'brands_accounts', 'brand_id': 'qwen', 'author_id': 'handle:stevejohnsonfm'} (logged to /Users/fuchitalee/development/minimax-marketing/x-monitoring/data/runs/2026-07-15/enum_dead_letter.jsonl)
dead-letter enum: family=role value='unknown' context={'table': 'brands_accounts', 'brand_id': 'qwen', 'author_id': 'handle:Detours_is_Life'} (logged to /Users/fuchitalee/development/minimax-marketing/x-monitoring/data/runs/2026-07-15/enum_dead_letter.jsonl)
dead-letter enum: family=role value='unknown' context={'table': 'brands_accounts', 'brand_id': 'qwen', 'author_id': 'handle:LittleBallOPurr'} (logged to /Users/fuchitalee/development/minimax-marketing/x-monitoring/data/runs/2026-07-15/enum_dead_letter.jsonl)
dead-letter enum: family=role value='unknown' context={'table': 'brands_accounts', 'brand_id': 'qwen', 'author_id': 'handle:Hi_Mrinal'} (logged to /Users/fuchitalee/development/minimax-marketing/x-monitoring/data/runs/2026-07-15/enum_dead_letter.jsonl)
dead-letter enum: family=role value='unknown' context={'table': 'brands_accounts', 'brand_id': 'qwen', 'author_id': 'handle:Quantum_Naut'} (logged to /Users/fuchitalee/development/minimax-marketing/x-monitoring/data/runs/2026-07-15/enum_dead_letter.jsonl)
dead-letter enum: family=role value='unknown' context={'table': 'brands_accounts', 'brand_id': 'qwen', 'author_id': 'handle:nichtsalsdavid'} (logged to /Users/fuchitalee/development/minimax-marketing/x-monitoring/data/runs/2026-07-15/enum_dead_letter.jsonl)
dead-letter enum: family=role value='unknown' context={'table': 'brands_accounts', 'brand_id': 'qwen', 'author_id': 'handle:mfanogama'} (logged to /Users/fuchitalee/development/minimax-marketing/x-monitoring/data/runs/2026-07-15/enum_dead_letter.jsonl)
dead-letter enum: family=role value='unknown' context={'table': 'brands_accounts', 'brand_id': 'qwen', 'author_id': 'handle:oncelcebeci'} (logged to /Users/fuchitalee/development/minimax-marketing/x-monitoring/data/runs/2026-07-15/enum_dead_letter.jsonl)
dead-letter enum: family=role value='unknown' context={'table': 'brands_accounts', 'brand_id': 'qwen', 'author_id': 'handle:TajVincent'} (logged to /Users/fuchitalee/development/minimax-marketing/x-monitoring/data/runs/2026-07-15/enum_dead_letter.jsonl)
dead-letter enum: family=role value='unknown' context={'table': 'brands_accounts', 'brand_id': 'qwen', 'author_id': 'handle:FreeBTC21SN'} (logged to /Users/fuchitalee/development/minimax-marketing/x-monitoring/data/runs/2026-07-15/enum_dead_letter.jsonl)
dead-letter enum: family=role value='unknown' context={'table': 'brands_accounts', 'brand_id': 'qwen', 'author_id': 'handle:saen_dev'} (logged to /Users/fuchitalee/development/minimax-marketing/x-monitoring/data/runs/2026-07-15/enum_dead_letter.jsonl)
dead-letter enum: family=role value='unknown' context={'table': 'brands_accounts', 'brand_id': 'qwen', 'author_id': 'handle:sudoingX'} (logged to /Users/fuchitalee/development/minimax-marketing/x-monitoring/data/runs/2026-07-15/enum_dead_letter.jsonl)
dead-letter enum: family=role value='unknown' context={'table': 'brands_accounts', 'brand_id': 'qwen', 'author_id': 'handle:dgrid_ai'} (logged to /Users/fuchitalee/development/minimax-marketing/x-monitoring/data/runs/2026-07-15/enum_dead_letter.jsonl)
dead-letter enum: family=role value='unknown' context={'table': 'brands_accounts', 'brand_id': 'qwen', 'author_id': 'handle:getkredex'} (logged to /Users/fuchitalee/development/minimax-marketing/x-monitoring/data/runs/2026-07-15/enum_dead_letter.jsonl)
dead-letter enum: family=role value='unknown' context={'table': 'brands_accounts', 'brand_id': 'qwen', 'author_id': 'handle:anvie'} (logged to /Users/fuchitalee/development/minimax-marketing/x-monitoring/data/runs/2026-07-15/enum_dead_letter.jsonl)
dead-letter enum: family=role value='unknown' context={'table': 'brands_accounts', 'brand_id': 'qwen', 'author_id': 'handle:i_mika_el'} (logged to /Users/fuchitalee/development/minimax-marketing/x-monitoring/data/runs/2026-07-15/enum_dead_letter.jsonl)
dead-letter enum: family=role value='unknown' context={'table': 'brands_accounts', 'brand_id': 'qwen', 'author_id': 'handle:goyalshaliniuk'} (logged to /Users/fuchitalee/development/minimax-marketing/x-monitoring/data/runs/2026-07-15/enum_dead_letter.jsonl)
dead-letter enum: family=role value='unknown' context={'table': 'brands_accounts', 'brand_id': 'qwen', 'author_id': 'handle:aixbt_agent'} (logged to /Users/fuchitalee/development/minimax-marketing/x-monitoring/data/runs/2026-07-15/enum_dead_letter.jsonl)
dead-letter enum: family=role value='unknown' context={'table': 'brands_accounts', 'brand_id': 'qwen', 'author_id': 'handle:TheAIShrink'} (logged to /Users/fuchitalee/development/minimax-marketing/x-monitoring/data/runs/2026-07-15/enum_dead_letter.jsonl)
dead-letter enum: family=role value='unknown' context={'table': 'brands_accounts', 'brand_id': 'qwen', 'author_id': 'handle:DMBTrivia'} (logged to /Users/fuchitalee/development/minimax-marketing/x-monitoring/data/runs/2026-07-15/enum_dead_letter.jsonl)
dead-letter enum: family=role value='unknown' context={'table': 'brands_accounts', 'brand_id': 'qwen', 'author_id': 'handle:kaikuspa'} (logged to /Users/fuchitalee/development/minimax-marketing/x-monitoring/data/runs/2026-07-15/enum_dead_letter.jsonl)
dead-letter enum: family=role value='unknown' context={'table': 'brands_accounts', 'brand_id': 'qwen', 'author_id': 'handle:Happy_HoBo_Joe'} (logged to /Users/fuchitalee/development/minimax-marketing/x-monitoring/data/runs/2026-07-15/enum_dead_letter.jsonl)
dead-letter enum: family=role value='unknown' context={'table': 'brands_accounts', 'brand_id': 'qwen', 'author_id': 'handle:Keeen_EN'} (logged to /Users/fuchitalee/development/minimax-marketing/x-monitoring/data/runs/2026-07-15/enum_dead_letter.jsonl)
dead-letter enum: family=role value='unknown' context={'table': 'brands_accounts', 'brand_id': 'qwen', 'author_id': 'handle:cis_female'} (logged to /Users/fuchitalee/development/minimax-marketing/x-monitoring/data/runs/2026-07-15/enum_dead_letter.jsonl)
dead-letter enum: family=role value='unknown' context={'table': 'brands_accounts', 'brand_id': 'qwen', 'author_id': 'handle:LyraeLive'} (logged to /Users/fuchitalee/development/minimax-marketing/x-monitoring/data/runs/2026-07-15/enum_dead_letter.jsonl)
dead-letter enum: family=role value='unknown' context={'table': 'brands_accounts', 'brand_id': 'qwen', 'author_id': 'handle:oozeclue'} (logged to /Users/fuchitalee/development/minimax-marketing/x-monitoring/data/runs/2026-07-15/enum_dead_letter.jsonl)
dead-letter enum: family=role value='unknown' context={'table': 'brands_accounts', 'brand_id': 'qwen', 'author_id': 'handle:pugnacious_polk'} (logged to /Users/fuchitalee/development/minimax-marketing/x-monitoring/data/runs/2026-07-15/enum_dead_letter.jsonl)
dead-letter enum: family=role value='unknown' context={'table': 'brands_accounts', 'brand_id': 'qwen', 'author_id': 'handle:Forgework_'} (logged to /Users/fuchitalee/development/minimax-marketing/x-monitoring/data/runs/2026-07-15/enum_dead_letter.jsonl)
dead-letter enum: family=role value='unknown' context={'table': 'brands_accounts', 'brand_id': 'qwen', 'author_id': 'handle:ayayalar'} (logged to /Users/fuchitalee/development/minimax-marketing/x-monitoring/data/runs/2026-07-15/enum_dead_letter.jsonl)
dead-letter enum: family=role value='unknown' context={'table': 'brands_accounts', 'brand_id': 'qwen', 'author_id': 'handle:blundertactics'} (logged to /Users/fuchitalee/development/minimax-marketing/x-monitoring/data/runs/2026-07-15/enum_dead_letter.jsonl)
dead-letter enum: family=role value='unknown' context={'table': 'brands_accounts', 'brand_id': 'qwen', 'author_id': 'handle:0xnglif'} (logged to /Users/fuchitalee/development/minimax-marketing/x-monitoring/data/runs/2026-07-15/enum_dead_letter.jsonl)
dead-letter enum: family=role value='unknown' context={'table': 'brands_accounts', 'brand_id': 'qwen', 'author_id': 'handle:marcbenedet'} (logged to /Users/fuchitalee/development/minimax-marketing/x-monitoring/data/runs/2026-07-15/enum_dead_letter.jsonl)
dead-letter enum: family=role value='unknown' context={'table': 'brands_accounts', 'brand_id': 'qwen', 'author_id': 'handle:Dev_TheAnalyst'} (logged to /Users/fuchitalee/development/minimax-marketing/x-monitoring/data/runs/2026-07-15/enum_dead_letter.jsonl)
dead-letter enum: family=role value='unknown' context={'table': 'brands_accounts', 'brand_id': 'qwen', 'author_id': 'handle:_machi47'} (logged to /Users/fuchitalee/development/minimax-marketing/x-monitoring/data/runs/2026-07-15/enum_dead_letter.jsonl)
dead-letter enum: family=role value='unknown' context={'table': 'brands_accounts', 'brand_id': 'qwen', 'author_id': 'handle:notnullptr'} (logged to /Users/fuchitalee/development/minimax-marketing/x-monitoring/data/runs/2026-07-15/enum_dead_letter.jsonl)
dead-letter enum: family=role value='unknown' context={'table': 'brands_accounts', 'brand_id': 'qwen', 'author_id': 'handle:udinburgh'} (logged to /Users/fuchitalee/development/minimax-marketing/x-monitoring/data/runs/2026-07-15/enum_dead_letter.jsonl)
dead-letter enum: family=role value='unknown' context={'table': 'brands_accounts', 'brand_id': 'qwen', 'author_id': 'handle:VipulS_1'} (logged to /Users/fuchitalee/development/minimax-marketing/x-monitoring/data/runs/2026-07-15/enum_dead_letter.jsonl)
dead-letter enum: family=role value='unknown' context={'table': 'brands_accounts', 'brand_id': 'qwen', 'author_id': 'handle:CashelFitz'} (logged to /Users/fuchitalee/development/minimax-marketing/x-monitoring/data/runs/2026-07-15/enum_dead_letter.jsonl)
dead-letter enum: family=role value='unknown' context={'table': 'brands_accounts', 'brand_id': 'qwen', 'author_id': 'handle:adelbucetta'} (logged to /Users/fuchitalee/development/minimax-marketing/x-monitoring/data/runs/2026-07-15/enum_dead_letter.jsonl)
dead-letter enum: family=role value='unknown' context={'table': 'brands_accounts', 'brand_id': 'qwen', 'author_id': 'handle:Vincent1111E'} (logged to /Users/fuchitalee/development/minimax-marketing/x-monitoring/data/runs/2026-07-15/enum_dead_letter.jsonl)
dead-letter enum: family=role value='unknown' context={'table': 'brands_accounts', 'brand_id': 'qwen', 'author_id': 'handle:hellonearthis'} (logged to /Users/fuchitalee/development/minimax-marketing/x-monitoring/data/runs/2026-07-15/enum_dead_letter.jsonl)
dead-letter enum: family=role value='unknown' context={'table': 'brands_accounts', 'brand_id': 'qwen', 'author_id': 'handle:twoya_kukucha'} (logged to /Users/fuchitalee/development/minimax-marketing/x-monitoring/data/runs/2026-07-15/enum_dead_letter.jsonl)
dead-letter enum: family=role value='unknown' context={'table': 'brands_accounts', 'brand_id': 'qwen', 'author_id': 'handle:LMtxIoTAdvisor'} (logged to /Users/fuchitalee/development/minimax-marketing/x-monitoring/data/runs/2026-07-15/enum_dead_letter.jsonl)
dead-letter enum: family=role value='unknown' context={'table': 'brands_accounts', 'brand_id': 'qwen', 'author_id': 'handle:TheValueist'} (logged to /Users/fuchitalee/development/minimax-marketing/x-monitoring/data/runs/2026-07-15/enum_dead_letter.jsonl)
dead-letter enum: family=role value='unknown' context={'table': 'brands_accounts', 'brand_id': 'qwen', 'author_id': 'handle:JustinSeawell'} (logged to /Users/fuchitalee/development/minimax-marketing/x-monitoring/data/runs/2026-07-15/enum_dead_letter.jsonl)
dead-letter enum: family=role value='unknown' context={'table': 'brands_accounts', 'brand_id': 'qwen', 'author_id': 'handle:LadyLibrty'} (logged to /Users/fuchitalee/development/minimax-marketing/x-monitoring/data/runs/2026-07-15/enum_dead_letter.jsonl)
dead-letter enum: family=role value='unknown' context={'table': 'brands_accounts', 'brand_id': 'qwen', 'author_id': 'handle:cartaleoni'} (logged to /Users/fuchitalee/development/minimax-marketing/x-monitoring/data/runs/2026-07-15/enum_dead_letter.jsonl)
dead-letter enum: family=role value='unknown' context={'table': 'brands_accounts', 'brand_id': 'qwen', 'author_id': 'handle:nothingrotf'} (logged to /Users/fuchitalee/development/minimax-marketing/x-monitoring/data/runs/2026-07-15/enum_dead_letter.jsonl)
dead-letter enum: family=role value='unknown' context={'table': 'brands_accounts', 'brand_id': 'qwen', 'author_id': 'handle:FrozenScythex'} (logged to /Users/fuchitalee/development/minimax-marketing/x-monitoring/data/runs/2026-07-15/enum_dead_letter.jsonl)
dead-letter enum: family=role value='unknown' context={'table': 'brands_accounts', 'brand_id': 'qwen', 'author_id': 'handle:Panical'} (logged to /Users/fuchitalee/development/minimax-marketing/x-monitoring/data/runs/2026-07-15/enum_dead_letter.jsonl)
dead-letter enum: family=role value='unknown' context={'table': 'brands_accounts', 'brand_id': 'qwen', 'author_id': 'handle:AgorithmAg'} (logged to /Users/fuchitalee/development/minimax-marketing/x-monitoring/data/runs/2026-07-15/enum_dead_letter.jsonl)
dead-letter enum: family=role value='unknown' context={'table': 'brands_accounts', 'brand_id': 'qwen', 'author_id': 'handle:SpoonOS_ai'} (logged to /Users/fuchitalee/development/minimax-marketing/x-monitoring/data/runs/2026-07-15/enum_dead_letter.jsonl)
dead-letter enum: family=role value='unknown' context={'table': 'brands_accounts', 'brand_id': 'qwen', 'author_id': 'handle:DerekColley_'} (logged to /Users/fuchitalee/development/minimax-marketing/x-monitoring/data/runs/2026-07-15/enum_dead_letter.jsonl)
dead-letter enum: family=role value='unknown' context={'table': 'brands_accounts', 'brand_id': 'qwen', 'author_id': 'handle:AlhamFikri'} (logged to /Users/fuchitalee/development/minimax-marketing/x-monitoring/data/runs/2026-07-15/enum_dead_letter.jsonl)
dead-letter enum: family=role value='unknown' context={'table': 'brands_accounts', 'brand_id': 'qwen', 'author_id': 'handle:air_codex'} (logged to /Users/fuchitalee/development/minimax-marketing/x-monitoring/data/runs/2026-07-15/enum_dead_letter.jsonl)
dead-letter enum: family=role value='unknown' context={'table': 'brands_accounts', 'brand_id': 'qwen', 'author_id': 'handle:grdremplacant'} (logged to /Users/fuchitalee/development/minimax-marketing/x-monitoring/data/runs/2026-07-15/enum_dead_letter.jsonl)
dead-letter enum: family=role value='unknown' context={'table': 'brands_accounts', 'brand_id': 'qwen', 'author_id': 'handle:vimalbudsz'} (logged to /Users/fuchitalee/development/minimax-marketing/x-monitoring/data/runs/2026-07-15/enum_dead_letter.jsonl)
dead-letter enum: family=role value='unknown' context={'table': 'brands_accounts', 'brand_id': 'qwen', 'author_id': 'handle:Nephren__Ka'} (logged to /Users/fuchitalee/development/minimax-marketing/x-monitoring/data/runs/2026-07-15/enum_dead_letter.jsonl)
dead-letter enum: family=role value='unknown' context={'table': 'brands_accounts', 'brand_id': 'qwen', 'author_id': 'handle:Rayspencilsama'} (logged to /Users/fuchitalee/development/minimax-marketing/x-monitoring/data/runs/2026-07-15/enum_dead_letter.jsonl)
dead-letter enum: family=role value='unknown' context={'table': 'brands_accounts', 'brand_id': 'qwen', 'author_id': 'handle:Darkemperor514'} (logged to /Users/fuchitalee/development/minimax-marketing/x-monitoring/data/runs/2026-07-15/enum_dead_letter.jsonl)
dead-letter enum: family=role value='unknown' context={'table': 'brands_accounts', 'brand_id': 'qwen', 'author_id': 'handle:Chinazhidx'} (logged to /Users/fuchitalee/development/minimax-marketing/x-monitoring/data/runs/2026-07-15/enum_dead_letter.jsonl)
dead-letter enum: family=role value='unknown' context={'table': 'brands_accounts', 'brand_id': 'qwen', 'author_id': 'handle:zatmania'} (logged to /Users/fuchitalee/development/minimax-marketing/x-monitoring/data/runs/2026-07-15/enum_dead_letter.jsonl)
dead-letter enum: family=role value='unknown' context={'table': 'brands_accounts', 'brand_id': 'qwen', 'author_id': 'handle:wayama_ryousuke'} (logged to /Users/fuchitalee/development/minimax-marketing/x-monitoring/data/runs/2026-07-15/enum_dead_letter.jsonl)
dead-letter enum: family=role value='unknown' context={'table': 'brands_accounts', 'brand_id': 'qwen', 'author_id': 'handle:ShenDigital'} (logged to /Users/fuchitalee/development/minimax-marketing/x-monitoring/data/runs/2026-07-15/enum_dead_letter.jsonl)
dead-letter enum: family=role value='unknown' context={'table': 'brands_accounts', 'brand_id': 'qwen', 'author_id': 'handle:caseyjp11'} (logged to /Users/fuchitalee/development/minimax-marketing/x-monitoring/data/runs/2026-07-15/enum_dead_letter.jsonl)
dead-letter enum: family=role value='unknown' context={'table': 'brands_accounts', 'brand_id': 'qwen', 'author_id': 'handle:lPwoKGhMONO8Uo1'} (logged to /Users/fuchitalee/development/minimax-marketing/x-monitoring/data/runs/2026-07-15/enum_dead_letter.jsonl)
dead-letter enum: family=role value='unknown' context={'table': 'brands_accounts', 'brand_id': 'qwen', 'author_id': 'handle:GaelOffmysoul'} (logged to /Users/fuchitalee/development/minimax-marketing/x-monitoring/data/runs/2026-07-15/enum_dead_letter.jsonl)
dead-letter enum: family=role value='unknown' context={'table': 'brands_accounts', 'brand_id': 'qwen', 'author_id': 'handle:rom081704'} (logged to /Users/fuchitalee/development/minimax-marketing/x-monitoring/data/runs/2026-07-15/enum_dead_letter.jsonl)
dead-letter enum: family=role value='unknown' context={'table': 'brands_accounts', 'brand_id': 'qwen', 'author_id': 'handle:bookwormengr'} (logged to /Users/fuchitalee/development/minimax-marketing/x-monitoring/data/runs/2026-07-15/enum_dead_letter.jsonl)
dead-letter enum: family=role value='unknown' context={'table': 'brands_accounts', 'brand_id': 'qwen', 'author_id': 'handle:gausts_pgs'} (logged to /Users/fuchitalee/development/minimax-marketing/x-monitoring/data/runs/2026-07-15/enum_dead_letter.jsonl)
dead-letter enum: family=role value='unknown' context={'table': 'brands_accounts', 'brand_id': 'qwen', 'author_id': 'handle:FeanFiltonpair'} (logged to /Users/fuchitalee/development/minimax-marketing/x-monitoring/data/runs/2026-07-15/enum_dead_letter.jsonl)
dead-letter enum: family=role value='unknown' context={'table': 'brands_accounts', 'brand_id': 'qwen', 'author_id': 'handle:MainzOnX'} (logged to /Users/fuchitalee/development/minimax-marketing/x-monitoring/data/runs/2026-07-15/enum_dead_letter.jsonl)
dead-letter enum: family=role value='unknown' context={'table': 'brands_accounts', 'brand_id': 'qwen', 'author_id': 'handle:web3eaglealpha'} (logged to /Users/fuchitalee/development/minimax-marketing/x-monitoring/data/runs/2026-07-15/enum_dead_letter.jsonl)
dead-letter enum: family=role value='unknown' context={'table': 'brands_accounts', 'brand_id': 'qwen', 'author_id': 'handle:neeraj___ai'} (logged to /Users/fuchitalee/development/minimax-marketing/x-monitoring/data/runs/2026-07-15/enum_dead_letter.jsonl)
dead-letter enum: family=role value='unknown' context={'table': 'brands_accounts', 'brand_id': 'qwen', 'author_id': 'handle:romir_jain'} (logged to /Users/fuchitalee/development/minimax-marketing/x-monitoring/data/runs/2026-07-15/enum_dead_letter.jsonl)
dead-letter enum: family=role value='unknown' context={'table': 'brands_accounts', 'brand_id': 'qwen', 'author_id': 'handle:irotaka3'} (logged to /Users/fuchitalee/development/minimax-marketing/x-monitoring/data/runs/2026-07-15/enum_dead_letter.jsonl)
dead-letter enum: family=role value='unknown' context={'table': 'brands_accounts', 'brand_id': 'qwen', 'author_id': 'handle:MooncastOnline'} (logged to /Users/fuchitalee/development/minimax-marketing/x-monitoring/data/runs/2026-07-15/enum_dead_letter.jsonl)
dead-letter enum: family=role value='unknown' context={'table': 'brands_accounts', 'brand_id': 'qwen', 'author_id': 'handle:kpertsev'} (logged to /Users/fuchitalee/development/minimax-marketing/x-monitoring/data/runs/2026-07-15/enum_dead_letter.jsonl)
dead-letter enum: family=role value='unknown' context={'table': 'brands_accounts', 'brand_id': 'qwen', 'author_id': 'handle:dhunter_tw'} (logged to /Users/fuchitalee/development/minimax-marketing/x-monitoring/data/runs/2026-07-15/enum_dead_letter.jsonl)
dead-letter enum: family=role value='unknown' context={'table': 'brands_accounts', 'brand_id': 'qwen', 'author_id': 'handle:p123415251'} (logged to /Users/fuchitalee/development/minimax-marketing/x-monitoring/data/runs/2026-07-15/enum_dead_letter.jsonl)
dead-letter enum: family=role value='unknown' context={'table': 'brands_accounts', 'brand_id': 'qwen', 'author_id': 'handle:CCryptoTraders'} (logged to /Users/fuchitalee/development/minimax-marketing/x-monitoring/data/runs/2026-07-15/enum_dead_letter.jsonl)
dead-letter enum: family=role value='unknown' context={'table': 'brands_accounts', 'brand_id': 'qwen', 'author_id': 'handle:ApplyWiseAi'} (logged to /Users/fuchitalee/development/minimax-marketing/x-monitoring/data/runs/2026-07-15/enum_dead_letter.jsonl)
dead-letter enum: family=role value='unknown' context={'table': 'brands_accounts', 'brand_id': 'qwen', 'author_id': 'handle:Ri_s_ko'} (logged to /Users/fuchitalee/development/minimax-marketing/x-monitoring/data/runs/2026-07-15/enum_dead_letter.jsonl)
dead-letter enum: family=role value='unknown' context={'table': 'brands_accounts', 'brand_id': 'qwen', 'author_id': 'handle:LeanKinPrazli'} (logged to /Users/fuchitalee/development/minimax-marketing/x-monitoring/data/runs/2026-07-15/enum_dead_letter.jsonl)
dead-letter enum: family=role value='unknown' context={'table': 'brands_accounts', 'brand_id': 'qwen', 'author_id': 'handle:AustinDotCodes'} (logged to /Users/fuchitalee/development/minimax-marketing/x-monitoring/data/runs/2026-07-15/enum_dead_letter.jsonl)
dead-letter enum: family=role value='unknown' context={'table': 'brands_accounts', 'brand_id': 'qwen', 'author_id': 'handle:advancedjd'} (logged to /Users/fuchitalee/development/minimax-marketing/x-monitoring/data/runs/2026-07-15/enum_dead_letter.jsonl)
dead-letter enum: family=role value='unknown' context={'table': 'brands_accounts', 'brand_id': 'qwen', 'author_id': 'handle:ErdalToprak'} (logged to /Users/fuchitalee/development/minimax-marketing/x-monitoring/data/runs/2026-07-15/enum_dead_letter.jsonl)
dead-letter enum: family=role value='unknown' context={'table': 'brands_accounts', 'brand_id': 'qwen', 'author_id': 'handle:Sherlock_Hopes'} (logged to /Users/fuchitalee/development/minimax-marketing/x-monitoring/data/runs/2026-07-15/enum_dead_letter.jsonl)
dead-letter enum: family=role value='unknown' context={'table': 'brands_accounts', 'brand_id': 'qwen', 'author_id': 'handle:PromptDreamer81'} (logged to /Users/fuchitalee/development/minimax-marketing/x-monitoring/data/runs/2026-07-15/enum_dead_letter.jsonl)
dead-letter enum: family=role value='unknown' context={'table': 'brands_accounts', 'brand_id': 'qwen', 'author_id': 'handle:HaseebMir91'} (logged to /Users/fuchitalee/development/minimax-marketing/x-monitoring/data/runs/2026-07-15/enum_dead_letter.jsonl)
dead-letter enum: family=role value='unknown' context={'table': 'brands_accounts', 'brand_id': 'qwen', 'author_id': 'handle:iansltx'} (logged to /Users/fuchitalee/development/minimax-marketing/x-monitoring/data/runs/2026-07-15/enum_dead_letter.jsonl)
dead-letter enum: family=role value='unknown' context={'table': 'brands_accounts', 'brand_id': 'qwen', 'author_id': 'handle:NikiBelokopytov'} (logged to /Users/fuchitalee/development/minimax-marketing/x-monitoring/data/runs/2026-07-15/enum_dead_letter.jsonl)
dead-letter enum: family=role value='unknown' context={'table': 'brands_accounts', 'brand_id': 'qwen', 'author_id': 'handle:essobi'} (logged to /Users/fuchitalee/development/minimax-marketing/x-monitoring/data/runs/2026-07-15/enum_dead_letter.jsonl)
dead-letter enum: family=role value='unknown' context={'table': 'brands_accounts', 'brand_id': 'qwen', 'author_id': 'handle:TechPostsEU'} (logged to /Users/fuchitalee/development/minimax-marketing/x-monitoring/data/runs/2026-07-15/enum_dead_letter.jsonl)
dead-letter enum: family=role value='unknown' context={'table': 'brands_accounts', 'brand_id': 'qwen', 'author_id': 'handle:Uccio_nft'} (logged to /Users/fuchitalee/development/minimax-marketing/x-monitoring/data/runs/2026-07-15/enum_dead_letter.jsonl)
dead-letter enum: family=role value='unknown' context={'table': 'brands_accounts', 'brand_id': 'qwen', 'author_id': 'handle:SpoogemanGhost'} (logged to /Users/fuchitalee/development/minimax-marketing/x-monitoring/data/runs/2026-07-15/enum_dead_letter.jsonl)
dead-letter enum: family=role value='unknown' context={'table': 'brands_accounts', 'brand_id': 'qwen', 'author_id': 'handle:Emily_brown_22'} (logged to /Users/fuchitalee/development/minimax-marketing/x-monitoring/data/runs/2026-07-15/enum_dead_letter.jsonl)
dead-letter enum: family=role value='unknown' context={'table': 'brands_accounts', 'brand_id': 'qwen', 'author_id': 'handle:SlimTradeyBaby'} (logged to /Users/fuchitalee/development/minimax-marketing/x-monitoring/data/runs/2026-07-15/enum_dead_letter.jsonl)
dead-letter enum: family=role value='unknown' context={'table': 'brands_accounts', 'brand_id': 'qwen', 'author_id': 'handle:timelessdev'} (logged to /Users/fuchitalee/development/minimax-marketing/x-monitoring/data/runs/2026-07-15/enum_dead_letter.jsonl)
dead-letter enum: family=role value='unknown' context={'table': 'brands_accounts', 'brand_id': 'qwen', 'author_id': 'handle:TMO_22_'} (logged to /Users/fuchitalee/development/minimax-marketing/x-monitoring/data/runs/2026-07-15/enum_dead_letter.jsonl)
dead-letter enum: family=role value='unknown' context={'table': 'brands_accounts', 'brand_id': 'qwen', 'author_id': 'handle:selectsand'} (logged to /Users/fuchitalee/development/minimax-marketing/x-monitoring/data/runs/2026-07-15/enum_dead_letter.jsonl)
dead-letter enum: family=role value='unknown' context={'table': 'brands_accounts', 'brand_id': 'qwen', 'author_id': 'handle:wonky_chart'} (logged to /Users/fuchitalee/development/minimax-marketing/x-monitoring/data/runs/2026-07-15/enum_dead_letter.jsonl)
dead-letter enum: family=role value='unknown' context={'table': 'brands_accounts', 'brand_id': 'qwen', 'author_id': 'handle:tradeseekers'} (logged to /Users/fuchitalee/development/minimax-marketing/x-monitoring/data/runs/2026-07-15/enum_dead_letter.jsonl)
dead-letter enum: family=role value='unknown' context={'table': 'brands_accounts', 'brand_id': 'qwen', 'author_id': 'handle:yay3d'} (logged to /Users/fuchitalee/development/minimax-marketing/x-monitoring/data/runs/2026-07-15/enum_dead_letter.jsonl)
dead-letter enum: family=role value='unknown' context={'table': 'brands_accounts', 'brand_id': 'qwen', 'author_id': 'handle:NFTreeVerse'} (logged to /Users/fuchitalee/development/minimax-marketing/x-monitoring/data/runs/2026-07-15/enum_dead_letter.jsonl)
dead-letter enum: family=role value='unknown' context={'table': 'brands_accounts', 'brand_id': 'qwen', 'author_id': 'handle:x509dot'} (logged to /Users/fuchitalee/development/minimax-marketing/x-monitoring/data/runs/2026-07-15/enum_dead_letter.jsonl)
dead-letter enum: family=role value='unknown' context={'table': 'brands_accounts', 'brand_id': 'qwen', 'author_id': 'handle:LittleNonsuch'} (logged to /Users/fuchitalee/development/minimax-marketing/x-monitoring/data/runs/2026-07-15/enum_dead_letter.jsonl)
dead-letter enum: family=role value='unknown' context={'table': 'brands_accounts', 'brand_id': 'qwen', 'author_id': 'handle:jauneclaude'} (logged to /Users/fuchitalee/development/minimax-marketing/x-monitoring/data/runs/2026-07-15/enum_dead_letter.jsonl)
dead-letter enum: family=role value='unknown' context={'table': 'brands_accounts', 'brand_id': 'qwen', 'author_id': 'handle:calloc134'} (logged to /Users/fuchitalee/development/minimax-marketing/x-monitoring/data/runs/2026-07-15/enum_dead_letter.jsonl)
dead-letter enum: family=role value='unknown' context={'table': 'brands_accounts', 'brand_id': 'qwen', 'author_id': 'handle:ccgencc'} (logged to /Users/fuchitalee/development/minimax-marketing/x-monitoring/data/runs/2026-07-15/enum_dead_letter.jsonl)
dead-letter enum: family=role value='unknown' context={'table': 'brands_accounts', 'brand_id': 'qwen', 'author_id': 'handle:Shoestring_Lab'} (logged to /Users/fuchitalee/development/minimax-marketing/x-monitoring/data/runs/2026-07-15/enum_dead_letter.jsonl)
dead-letter enum: family=role value='unknown' context={'table': 'brands_accounts', 'brand_id': 'qwen', 'author_id': 'handle:MathdeProf'} (logged to /Users/fuchitalee/development/minimax-marketing/x-monitoring/data/runs/2026-07-15/enum_dead_letter.jsonl)
dead-letter enum: family=role value='unknown' context={'table': 'brands_accounts', 'brand_id': 'qwen', 'author_id': 'handle:0xMadMaks'} (logged to /Users/fuchitalee/development/minimax-marketing/x-monitoring/data/runs/2026-07-15/enum_dead_letter.jsonl)
dead-letter enum: family=role value='unknown' context={'table': 'brands_accounts', 'brand_id': 'qwen', 'author_id': 'handle:DragonGroky'} (logged to /Users/fuchitalee/development/minimax-marketing/x-monitoring/data/runs/2026-07-15/enum_dead_letter.jsonl)
dead-letter enum: family=role value='unknown' context={'table': 'brands_accounts', 'brand_id': 'qwen', 'author_id': 'handle:hotschmoe'} (logged to /Users/fuchitalee/development/minimax-marketing/x-monitoring/data/runs/2026-07-15/enum_dead_letter.jsonl)
dead-letter enum: family=role value='unknown' context={'table': 'brands_accounts', 'brand_id': 'qwen', 'author_id': 'handle:kuzikov_com'} (logged to /Users/fuchitalee/development/minimax-marketing/x-monitoring/data/runs/2026-07-15/enum_dead_letter.jsonl)
dead-letter enum: family=role value='unknown' context={'table': 'brands_accounts', 'brand_id': 'qwen', 'author_id': 'handle:real_winidi'} (logged to /Users/fuchitalee/development/minimax-marketing/x-monitoring/data/runs/2026-07-15/enum_dead_letter.jsonl)
dead-letter enum: family=role value='unknown' context={'table': 'brands_accounts', 'brand_id': 'qwen', 'author_id': 'handle:ACiszewski_'} (logged to /Users/fuchitalee/development/minimax-marketing/x-monitoring/data/runs/2026-07-15/enum_dead_letter.jsonl)
dead-letter enum: family=role value='unknown' context={'table': 'brands_accounts', 'brand_id': 'qwen', 'author_id': 'handle:batcz'} (logged to /Users/fuchitalee/development/minimax-marketing/x-monitoring/data/runs/2026-07-15/enum_dead_letter.jsonl)
dead-letter enum: family=role value='unknown' context={'table': 'brands_accounts', 'brand_id': 'qwen', 'author_id': 'handle:datamit_c'} (logged to /Users/fuchitalee/development/minimax-marketing/x-monitoring/data/runs/2026-07-15/enum_dead_letter.jsonl)
dead-letter enum: family=role value='unknown' context={'table': 'brands_accounts', 'brand_id': 'qwen', 'author_id': 'handle:rcolidba'} (logged to /Users/fuchitalee/development/minimax-marketing/x-monitoring/data/runs/2026-07-15/enum_dead_letter.jsonl)
dead-letter enum: family=role value='unknown' context={'table': 'brands_accounts', 'brand_id': 'qwen', 'author_id': 'handle:samarknowsit'} (logged to /Users/fuchitalee/development/minimax-marketing/x-monitoring/data/runs/2026-07-15/enum_dead_letter.jsonl)
dead-letter enum: family=role value='unknown' context={'table': 'brands_accounts', 'brand_id': 'qwen', 'author_id': 'handle:c_gint'} (logged to /Users/fuchitalee/development/minimax-marketing/x-monitoring/data/runs/2026-07-15/enum_dead_letter.jsonl)
dead-letter enum: family=role value='unknown' context={'table': 'brands_accounts', 'brand_id': 'qwen', 'author_id': 'handle:cesaremuszka'} (logged to /Users/fuchitalee/development/minimax-marketing/x-monitoring/data/runs/2026-07-15/enum_dead_letter.jsonl)
dead-letter enum: family=role value='unknown' context={'table': 'brands_accounts', 'brand_id': 'qwen', 'author_id': 'handle:itamiworks'} (logged to /Users/fuchitalee/development/minimax-marketing/x-monitoring/data/runs/2026-07-15/enum_dead_letter.jsonl)
dead-letter enum: family=role value='unknown' context={'table': 'brands_accounts', 'brand_id': 'qwen', 'author_id': 'handle:sakurayukiai'} (logged to /Users/fuchitalee/development/minimax-marketing/x-monitoring/data/runs/2026-07-15/enum_dead_letter.jsonl)
dead-letter enum: family=role value='unknown' context={'table': 'brands_accounts', 'brand_id': 'qwen', 'author_id': 'handle:drMurlly'} (logged to /Users/fuchitalee/development/minimax-marketing/x-monitoring/data/runs/2026-07-15/enum_dead_letter.jsonl)
dead-letter enum: family=role value='unknown' context={'table': 'brands_accounts', 'brand_id': 'qwen', 'author_id': 'handle:MikCampanelli'} (logged to /Users/fuchitalee/development/minimax-marketing/x-monitoring/data/runs/2026-07-15/enum_dead_letter.jsonl)
dead-letter enum: family=role value='unknown' context={'table': 'brands_accounts', 'brand_id': 'qwen', 'author_id': 'handle:goofieguru'} (logged to /Users/fuchitalee/development/minimax-marketing/x-monitoring/data/runs/2026-07-15/enum_dead_letter.jsonl)
dead-letter enum: family=role value='unknown' context={'table': 'brands_accounts', 'brand_id': 'qwen', 'author_id': 'handle:WillyDrucker'} (logged to /Users/fuchitalee/development/minimax-marketing/x-monitoring/data/runs/2026-07-15/enum_dead_letter.jsonl)
dead-letter enum: family=role value='unknown' context={'table': 'brands_accounts', 'brand_id': 'qwen', 'author_id': 'handle:Vamzzz93'} (logged to /Users/fuchitalee/development/minimax-marketing/x-monitoring/data/runs/2026-07-15/enum_dead_letter.jsonl)
dead-letter enum: family=role value='unknown' context={'table': 'brands_accounts', 'brand_id': 'qwen', 'author_id': 'handle:jmbollenbacher'} (logged to /Users/fuchitalee/development/minimax-marketing/x-monitoring/data/runs/2026-07-15/enum_dead_letter.jsonl)
dead-letter enum: family=role value='unknown' context={'table': 'brands_accounts', 'brand_id': 'qwen', 'author_id': 'handle:strugglercss'} (logged to /Users/fuchitalee/development/minimax-marketing/x-monitoring/data/runs/2026-07-15/enum_dead_letter.jsonl)
dead-letter enum: family=role value='unknown' context={'table': 'brands_accounts', 'brand_id': 'qwen', 'author_id': 'handle:aquiffoo'} (logged to /Users/fuchitalee/development/minimax-marketing/x-monitoring/data/runs/2026-07-15/enum_dead_letter.jsonl)
dead-letter enum: family=role value='unknown' context={'table': 'brands_accounts', 'brand_id': 'qwen', 'author_id': 'handle:DorianGrayMelih'} (logged to /Users/fuchitalee/development/minimax-marketing/x-monitoring/data/runs/2026-07-15/enum_dead_letter.jsonl)
dead-letter enum: family=role value='unknown' context={'table': 'brands_accounts', 'brand_id': 'qwen', 'author_id': 'handle:maxkan_'} (logged to /Users/fuchitalee/development/minimax-marketing/x-monitoring/data/runs/2026-07-15/enum_dead_letter.jsonl)
dead-letter enum: family=role value='unknown' context={'table': 'brands_accounts', 'brand_id': 'qwen', 'author_id': 'handle:Alek_Mitch'} (logged to /Users/fuchitalee/development/minimax-marketing/x-monitoring/data/runs/2026-07-15/enum_dead_letter.jsonl)
dead-letter enum: family=role value='unknown' context={'table': 'brands_accounts', 'brand_id': 'qwen', 'author_id': 'handle:MatthewParrott'} (logged to /Users/fuchitalee/development/minimax-marketing/x-monitoring/data/runs/2026-07-15/enum_dead_letter.jsonl)
dead-letter enum: family=role value='unknown' context={'table': 'brands_accounts', 'brand_id': 'qwen', 'author_id': 'handle:TooPolemic'} (logged to /Users/fuchitalee/development/minimax-marketing/x-monitoring/data/runs/2026-07-15/enum_dead_letter.jsonl)
dead-letter enum: family=role value='unknown' context={'table': 'brands_accounts', 'brand_id': 'qwen', 'author_id': 'handle:AnthonyMaio'} (logged to /Users/fuchitalee/development/minimax-marketing/x-monitoring/data/runs/2026-07-15/enum_dead_letter.jsonl)
dead-letter enum: family=role value='unknown' context={'table': 'brands_accounts', 'brand_id': 'qwen', 'author_id': 'handle:kartik_mandar'} (logged to /Users/fuchitalee/development/minimax-marketing/x-monitoring/data/runs/2026-07-15/enum_dead_letter.jsonl)
dead-letter enum: family=role value='unknown' context={'table': 'brands_accounts', 'brand_id': 'qwen', 'author_id': 'handle:MGHerder'} (logged to /Users/fuchitalee/development/minimax-marketing/x-monitoring/data/runs/2026-07-15/enum_dead_letter.jsonl)
dead-letter enum: family=role value='unknown' context={'table': 'brands_accounts', 'brand_id': 'qwen', 'author_id': 'handle:antonbabenko'} (logged to /Users/fuchitalee/development/minimax-marketing/x-monitoring/data/runs/2026-07-15/enum_dead_letter.jsonl)
dead-letter enum: family=role value='unknown' context={'table': 'brands_accounts', 'brand_id': 'qwen', 'author_id': 'handle:chenshaoju'} (logged to /Users/fuchitalee/development/minimax-marketing/x-monitoring/data/runs/2026-07-15/enum_dead_letter.jsonl)
dead-letter enum: family=role value='unknown' context={'table': 'brands_accounts', 'brand_id': 'qwen', 'author_id': 'handle:VincentLogic'} (logged to /Users/fuchitalee/development/minimax-marketing/x-monitoring/data/runs/2026-07-15/enum_dead_letter.jsonl)
dead-letter enum: family=role value='unknown' context={'table': 'brands_accounts', 'brand_id': 'qwen', 'author_id': 'handle:HenrykAbram'} (logged to /Users/fuchitalee/development/minimax-marketing/x-monitoring/data/runs/2026-07-15/enum_dead_letter.jsonl)
dead-letter enum: family=role value='unknown' context={'table': 'brands_accounts', 'brand_id': 'qwen', 'author_id': 'handle:_overment'} (logged to /Users/fuchitalee/development/minimax-marketing/x-monitoring/data/runs/2026-07-15/enum_dead_letter.jsonl)
dead-letter enum: family=role value='unknown' context={'table': 'brands_accounts', 'brand_id': 'qwen', 'author_id': 'handle:lionman888888'} (logged to /Users/fuchitalee/development/minimax-marketing/x-monitoring/data/runs/2026-07-15/enum_dead_letter.jsonl)
dead-letter enum: family=role value='unknown' context={'table': 'brands_accounts', 'brand_id': 'qwen', 'author_id': 'handle:aiComingFast'} (logged to /Users/fuchitalee/development/minimax-marketing/x-monitoring/data/runs/2026-07-15/enum_dead_letter.jsonl)
dead-letter enum: family=role value='unknown' context={'table': 'brands_accounts', 'brand_id': 'qwen', 'author_id': 'handle:0xLoca'} (logged to /Users/fuchitalee/development/minimax-marketing/x-monitoring/data/runs/2026-07-15/enum_dead_letter.jsonl)
dead-letter enum: family=role value='unknown' context={'table': 'brands_accounts', 'brand_id': 'qwen', 'author_id': 'handle:SymlinkX'} (logged to /Users/fuchitalee/development/minimax-marketing/x-monitoring/data/runs/2026-07-15/enum_dead_letter.jsonl)
dead-letter enum: family=role value='unknown' context={'table': 'brands_accounts', 'brand_id': 'qwen', 'author_id': 'handle:kishorelive'} (logged to /Users/fuchitalee/development/minimax-marketing/x-monitoring/data/runs/2026-07-15/enum_dead_letter.jsonl)
dead-letter enum: family=role value='unknown' context={'table': 'brands_accounts', 'brand_id': 'qwen', 'author_id': 'handle:pwnalisa1'} (logged to /Users/fuchitalee/development/minimax-marketing/x-monitoring/data/runs/2026-07-15/enum_dead_letter.jsonl)
dead-letter enum: family=role value='unknown' context={'table': 'brands_accounts', 'brand_id': 'qwen', 'author_id': 'handle:Tech2Wild'} (logged to /Users/fuchitalee/development/minimax-marketing/x-monitoring/data/runs/2026-07-15/enum_dead_letter.jsonl)
dead-letter enum: family=role value='unknown' context={'table': 'brands_accounts', 'brand_id': 'qwen', 'author_id': 'handle:dlozanovic'} (logged to /Users/fuchitalee/development/minimax-marketing/x-monitoring/data/runs/2026-07-15/enum_dead_letter.jsonl)
dead-letter enum: family=role value='unknown' context={'table': 'brands_accounts', 'brand_id': 'qwen', 'author_id': 'handle:JaimeOrtega'} (logged to /Users/fuchitalee/development/minimax-marketing/x-monitoring/data/runs/2026-07-15/enum_dead_letter.jsonl)
dead-letter enum: family=role value='unknown' context={'table': 'brands_accounts', 'brand_id': 'qwen', 'author_id': 'handle:MelissaKampers'} (logged to /Users/fuchitalee/development/minimax-marketing/x-monitoring/data/runs/2026-07-15/enum_dead_letter.jsonl)
dead-letter enum: family=role value='unknown' context={'table': 'brands_accounts', 'brand_id': 'qwen', 'author_id': 'handle:maziarmazi23572'} (logged to /Users/fuchitalee/development/minimax-marketing/x-monitoring/data/runs/2026-07-15/enum_dead_letter.jsonl)
dead-letter enum: family=role value='unknown' context={'table': 'brands_accounts', 'brand_id': 'qwen', 'author_id': 'handle:Elettra251'} (logged to /Users/fuchitalee/development/minimax-marketing/x-monitoring/data/runs/2026-07-15/enum_dead_letter.jsonl)
dead-letter enum: family=role value='unknown' context={'table': 'brands_accounts', 'brand_id': 'qwen', 'author_id': 'handle:Yushell'} (logged to /Users/fuchitalee/development/minimax-marketing/x-monitoring/data/runs/2026-07-15/enum_dead_letter.jsonl)
dead-letter enum: family=role value='unknown' context={'table': 'brands_accounts', 'brand_id': 'qwen', 'author_id': 'handle:LottoLabs'} (logged to /Users/fuchitalee/development/minimax-marketing/x-monitoring/data/runs/2026-07-15/enum_dead_letter.jsonl)
dead-letter enum: family=role value='unknown' context={'table': 'brands_accounts', 'brand_id': 'qwen', 'author_id': 'handle:shangmaumau'} (logged to /Users/fuchitalee/development/minimax-marketing/x-monitoring/data/runs/2026-07-15/enum_dead_letter.jsonl)
dead-letter enum: family=role value='unknown' context={'table': 'brands_accounts', 'brand_id': 'qwen', 'author_id': 'handle:Jomolos'} (logged to /Users/fuchitalee/development/minimax-marketing/x-monitoring/data/runs/2026-07-15/enum_dead_letter.jsonl)
dead-letter enum: family=role value='unknown' context={'table': 'brands_accounts', 'brand_id': 'qwen', 'author_id': 'handle:atulkumarzz'} (logged to /Users/fuchitalee/development/minimax-marketing/x-monitoring/data/runs/2026-07-15/enum_dead_letter.jsonl)
dead-letter enum: family=role value='unknown' context={'table': 'brands_accounts', 'brand_id': 'qwen', 'author_id': 'handle:ash_csx'} (logged to /Users/fuchitalee/development/minimax-marketing/x-monitoring/data/runs/2026-07-15/enum_dead_letter.jsonl)
dead-letter enum: family=role value='unknown' context={'table': 'brands_accounts', 'brand_id': 'qwen', 'author_id': 'handle:riyazmd774'} (logged to /Users/fuchitalee/development/minimax-marketing/x-monitoring/data/runs/2026-07-15/enum_dead_letter.jsonl)
dead-letter enum: family=role value='unknown' context={'table': 'brands_accounts', 'brand_id': 'qwen', 'author_id': 'handle:iamelijahkhan'} (logged to /Users/fuchitalee/development/minimax-marketing/x-monitoring/data/runs/2026-07-15/enum_dead_letter.jsonl)
dead-letter enum: family=role value='unknown' context={'table': 'brands_accounts', 'brand_id': 'qwen', 'author_id': 'handle:AndrewK404'} (logged to /Users/fuchitalee/development/minimax-marketing/x-monitoring/data/runs/2026-07-15/enum_dead_letter.jsonl)
dead-letter enum: family=role value='unknown' context={'table': 'brands_accounts', 'brand_id': 'qwen', 'author_id': 'handle:pothuLabs'} (logged to /Users/fuchitalee/development/minimax-marketing/x-monitoring/data/runs/2026-07-15/enum_dead_letter.jsonl)
dead-letter enum: family=role value='unknown' context={'table': 'brands_accounts', 'brand_id': 'qwen', 'author_id': 'handle:BigAl_PHD'} (logged to /Users/fuchitalee/development/minimax-marketing/x-monitoring/data/runs/2026-07-15/enum_dead_letter.jsonl)
dead-letter enum: family=role value='unknown' context={'table': 'brands_accounts', 'brand_id': 'qwen', 'author_id': 'handle:paulosaelias'} (logged to /Users/fuchitalee/development/minimax-marketing/x-monitoring/data/runs/2026-07-15/enum_dead_letter.jsonl)
dead-letter enum: family=role value='unknown' context={'table': 'brands_accounts', 'brand_id': 'qwen', 'author_id': 'handle:alwayslatenite'} (logged to /Users/fuchitalee/development/minimax-marketing/x-monitoring/data/runs/2026-07-15/enum_dead_letter.jsonl)
dead-letter enum: family=role value='unknown' context={'table': 'brands_accounts', 'brand_id': 'qwen', 'author_id': 'handle:AnasBf1'} (logged to /Users/fuchitalee/development/minimax-marketing/x-monitoring/data/runs/2026-07-15/enum_dead_letter.jsonl)
dead-letter enum: family=role value='unknown' context={'table': 'brands_accounts', 'brand_id': 'qwen', 'author_id': 'handle:chernobratz'} (logged to /Users/fuchitalee/development/minimax-marketing/x-monitoring/data/runs/2026-07-15/enum_dead_letter.jsonl)
dead-letter enum: family=role value='unknown' context={'table': 'brands_accounts', 'brand_id': 'qwen', 'author_id': 'handle:hnshah'} (logged to /Users/fuchitalee/development/minimax-marketing/x-monitoring/data/runs/2026-07-15/enum_dead_letter.jsonl)
dead-letter enum: family=role value='unknown' context={'table': 'brands_accounts', 'brand_id': 'qwen', 'author_id': 'handle:LeRobotHF'} (logged to /Users/fuchitalee/development/minimax-marketing/x-monitoring/data/runs/2026-07-15/enum_dead_letter.jsonl)
dead-letter enum: family=role value='unknown' context={'table': 'brands_accounts', 'brand_id': 'qwen', 'author_id': 'handle:AndyJScott'} (logged to /Users/fuchitalee/development/minimax-marketing/x-monitoring/data/runs/2026-07-15/enum_dead_letter.jsonl)
dead-letter enum: family=role value='unknown' context={'table': 'brands_accounts', 'brand_id': 'qwen', 'author_id': 'handle:knowRowan'} (logged to /Users/fuchitalee/development/minimax-marketing/x-monitoring/data/runs/2026-07-15/enum_dead_letter.jsonl)
dead-letter enum: family=role value='unknown' context={'table': 'brands_accounts', 'brand_id': 'qwen', 'author_id': 'handle:quantumleap68'} (logged to /Users/fuchitalee/development/minimax-marketing/x-monitoring/data/runs/2026-07-15/enum_dead_letter.jsonl)
dead-letter enum: family=role value='unknown' context={'table': 'brands_accounts', 'brand_id': 'qwen', 'author_id': 'handle:masahirochaen'} (logged to /Users/fuchitalee/development/minimax-marketing/x-monitoring/data/runs/2026-07-15/enum_dead_letter.jsonl)
dead-letter enum: family=role value='unknown' context={'table': 'brands_accounts', 'brand_id': 'qwen', 'author_id': 'handle:postimortem'} (logged to /Users/fuchitalee/development/minimax-marketing/x-monitoring/data/runs/2026-07-15/enum_dead_letter.jsonl)
dead-letter enum: family=role value='unknown' context={'table': 'brands_accounts', 'brand_id': 'qwen', 'author_id': 'handle:MetacriticCap'} (logged to /Users/fuchitalee/development/minimax-marketing/x-monitoring/data/runs/2026-07-15/enum_dead_letter.jsonl)
dead-letter enum: family=role value='unknown' context={'table': 'brands_accounts', 'brand_id': 'qwen', 'author_id': 'handle:oaklandpimp'} (logged to /Users/fuchitalee/development/minimax-marketing/x-monitoring/data/runs/2026-07-15/enum_dead_letter.jsonl)
dead-letter enum: family=role value='unknown' context={'table': 'brands_accounts', 'brand_id': 'qwen', 'author_id': 'handle:NyanpasuKA'} (logged to /Users/fuchitalee/development/minimax-marketing/x-monitoring/data/runs/2026-07-15/enum_dead_letter.jsonl)
dead-letter enum: family=role value='unknown' context={'table': 'brands_accounts', 'brand_id': 'qwen', 'author_id': 'handle:DavidFlagg20'} (logged to /Users/fuchitalee/development/minimax-marketing/x-monitoring/data/runs/2026-07-15/enum_dead_letter.jsonl)
dead-letter enum: family=role value='unknown' context={'table': 'brands_accounts', 'brand_id': 'deepseek', 'author_id': 'handle:TokenandoAI'} (logged to /Users/fuchitalee/development/minimax-marketing/x-monitoring/data/runs/2026-07-15/enum_dead_letter.jsonl)
dead-letter enum: family=role value='unknown' context={'table': 'brands_accounts', 'brand_id': 'deepseek', 'author_id': 'handle:realjonshon'} (logged to /Users/fuchitalee/development/minimax-marketing/x-monitoring/data/runs/2026-07-15/enum_dead_letter.jsonl)
dead-letter enum: family=role value='unknown' context={'table': 'brands_accounts', 'brand_id': 'deepseek', 'author_id': 'handle:vps20571'} (logged to /Users/fuchitalee/development/minimax-marketing/x-monitoring/data/runs/2026-07-15/enum_dead_letter.jsonl)
dead-letter enum: family=role value='unknown' context={'table': 'brands_accounts', 'brand_id': 'deepseek', 'author_id': 'handle:wisplite'} (logged to /Users/fuchitalee/development/minimax-marketing/x-monitoring/data/runs/2026-07-15/enum_dead_letter.jsonl)
dead-letter enum: family=role value='unknown' context={'table': 'brands_accounts', 'brand_id': 'deepseek', 'author_id': 'handle:RemiBourgeot'} (logged to /Users/fuchitalee/development/minimax-marketing/x-monitoring/data/runs/2026-07-15/enum_dead_letter.jsonl)
dead-letter enum: family=role value='unknown' context={'table': 'brands_accounts', 'brand_id': 'deepseek', 'author_id': 'handle:dorlando1997'} (logged to /Users/fuchitalee/development/minimax-marketing/x-monitoring/data/runs/2026-07-15/enum_dead_letter.jsonl)
dead-letter enum: family=role value='unknown' context={'table': 'brands_accounts', 'brand_id': 'deepseek', 'author_id': 'handle:trydotworks'} (logged to /Users/fuchitalee/development/minimax-marketing/x-monitoring/data/runs/2026-07-15/enum_dead_letter.jsonl)
dead-letter enum: family=role value='unknown' context={'table': 'brands_accounts', 'brand_id': 'deepseek', 'author_id': 'handle:ShinkaIoT'} (logged to /Users/fuchitalee/development/minimax-marketing/x-monitoring/data/runs/2026-07-15/enum_dead_letter.jsonl)
dead-letter enum: family=role value='unknown' context={'table': 'brands_accounts', 'brand_id': 'deepseek', 'author_id': 'handle:VectorQl'} (logged to /Users/fuchitalee/development/minimax-marketing/x-monitoring/data/runs/2026-07-15/enum_dead_letter.jsonl)
dead-letter enum: family=role value='unknown' context={'table': 'brands_accounts', 'brand_id': 'deepseek', 'author_id': 'handle:protea008'} (logged to /Users/fuchitalee/development/minimax-marketing/x-monitoring/data/runs/2026-07-15/enum_dead_letter.jsonl)
dead-letter enum: family=role value='unknown' context={'table': 'brands_accounts', 'brand_id': 'deepseek', 'author_id': 'handle:iamronka'} (logged to /Users/fuchitalee/development/minimax-marketing/x-monitoring/data/runs/2026-07-15/enum_dead_letter.jsonl)
dead-letter enum: family=role value='unknown' context={'table': 'brands_accounts', 'brand_id': 'deepseek', 'author_id': 'handle:JohnsonSmither'} (logged to /Users/fuchitalee/development/minimax-marketing/x-monitoring/data/runs/2026-07-15/enum_dead_letter.jsonl)
dead-letter enum: family=role value='unknown' context={'table': 'brands_accounts', 'brand_id': 'deepseek', 'author_id': 'handle:jahooma'} (logged to /Users/fuchitalee/development/minimax-marketing/x-monitoring/data/runs/2026-07-15/enum_dead_letter.jsonl)
dead-letter enum: family=role value='unknown' context={'table': 'brands_accounts', 'brand_id': 'deepseek', 'author_id': 'handle:schaeffer100'} (logged to /Users/fuchitalee/development/minimax-marketing/x-monitoring/data/runs/2026-07-15/enum_dead_letter.jsonl)
dead-letter enum: family=role value='unknown' context={'table': 'brands_accounts', 'brand_id': 'deepseek', 'author_id': 'handle:alicalimli_dev'} (logged to /Users/fuchitalee/development/minimax-marketing/x-monitoring/data/runs/2026-07-15/enum_dead_letter.jsonl)
dead-letter enum: family=role value='unknown' context={'table': 'brands_accounts', 'brand_id': 'deepseek', 'author_id': 'handle:dravida_goruk'} (logged to /Users/fuchitalee/development/minimax-marketing/x-monitoring/data/runs/2026-07-15/enum_dead_letter.jsonl)
dead-letter enum: family=role value='unknown' context={'table': 'brands_accounts', 'brand_id': 'deepseek', 'author_id': 'handle:indiesoftwaredv'} (logged to /Users/fuchitalee/development/minimax-marketing/x-monitoring/data/runs/2026-07-15/enum_dead_letter.jsonl)
dead-letter enum: family=role value='unknown' context={'table': 'brands_accounts', 'brand_id': 'deepseek', 'author_id': 'handle:HBrooksLive'} (logged to /Users/fuchitalee/development/minimax-marketing/x-monitoring/data/runs/2026-07-15/enum_dead_letter.jsonl)
dead-letter enum: family=role value='unknown' context={'table': 'brands_accounts', 'brand_id': 'deepseek', 'author_id': 'handle:Hopehope_G_hope'} (logged to /Users/fuchitalee/development/minimax-marketing/x-monitoring/data/runs/2026-07-15/enum_dead_letter.jsonl)
dead-letter enum: family=role value='unknown' context={'table': 'brands_accounts', 'brand_id': 'deepseek', 'author_id': 'handle:SpanglishGamer'} (logged to /Users/fuchitalee/development/minimax-marketing/x-monitoring/data/runs/2026-07-15/enum_dead_letter.jsonl)
dead-letter enum: family=role value='unknown' context={'table': 'brands_accounts', 'brand_id': 'deepseek', 'author_id': 'handle:revolterab'} (logged to /Users/fuchitalee/development/minimax-marketing/x-monitoring/data/runs/2026-07-15/enum_dead_letter.jsonl)
dead-letter enum: family=role value='unknown' context={'table': 'brands_accounts', 'brand_id': 'deepseek', 'author_id': 'handle:gudanglifehack'} (logged to /Users/fuchitalee/development/minimax-marketing/x-monitoring/data/runs/2026-07-15/enum_dead_letter.jsonl)
dead-letter enum: family=role value='unknown' context={'table': 'brands_accounts', 'brand_id': 'deepseek', 'author_id': 'handle:ryunjinx_'} (logged to /Users/fuchitalee/development/minimax-marketing/x-monitoring/data/runs/2026-07-15/enum_dead_letter.jsonl)
dead-letter enum: family=role value='unknown' context={'table': 'brands_accounts', 'brand_id': 'deepseek', 'author_id': 'handle:adsha44'} (logged to /Users/fuchitalee/development/minimax-marketing/x-monitoring/data/runs/2026-07-15/enum_dead_letter.jsonl)
dead-letter enum: family=role value='unknown' context={'table': 'brands_accounts', 'brand_id': 'deepseek', 'author_id': 'handle:jukan05'} (logged to /Users/fuchitalee/development/minimax-marketing/x-monitoring/data/runs/2026-07-15/enum_dead_letter.jsonl)
dead-letter enum: family=role value='unknown' context={'table': 'brands_accounts', 'brand_id': 'deepseek', 'author_id': 'handle:Tech2Wild'} (logged to /Users/fuchitalee/development/minimax-marketing/x-monitoring/data/runs/2026-07-15/enum_dead_letter.jsonl)
dead-letter enum: family=role value='unknown' context={'table': 'brands_accounts', 'brand_id': 'deepseek', 'author_id': 'handle:quiet_node'} (logged to /Users/fuchitalee/development/minimax-marketing/x-monitoring/data/runs/2026-07-15/enum_dead_letter.jsonl)
dead-letter enum: family=role value='unknown' context={'table': 'brands_accounts', 'brand_id': 'deepseek', 'author_id': 'handle:alexanderbenz'} (logged to /Users/fuchitalee/development/minimax-marketing/x-monitoring/data/runs/2026-07-15/enum_dead_letter.jsonl)
dead-letter enum: family=role value='unknown' context={'table': 'brands_accounts', 'brand_id': 'deepseek', 'author_id': 'handle:BossGalka'} (logged to /Users/fuchitalee/development/minimax-marketing/x-monitoring/data/runs/2026-07-15/enum_dead_letter.jsonl)
dead-letter enum: family=role value='unknown' context={'table': 'brands_accounts', 'brand_id': 'deepseek', 'author_id': 'handle:HamoodMehmood'} (logged to /Users/fuchitalee/development/minimax-marketing/x-monitoring/data/runs/2026-07-15/enum_dead_letter.jsonl)
dead-letter enum: family=role value='unknown' context={'table': 'brands_accounts', 'brand_id': 'deepseek', 'author_id': 'handle:Myrikko'} (logged to /Users/fuchitalee/development/minimax-marketing/x-monitoring/data/runs/2026-07-15/enum_dead_letter.jsonl)
dead-letter enum: family=role value='unknown' context={'table': 'brands_accounts', 'brand_id': 'deepseek', 'author_id': 'handle:SkyeSharkie'} (logged to /Users/fuchitalee/development/minimax-marketing/x-monitoring/data/runs/2026-07-15/enum_dead_letter.jsonl)
dead-letter enum: family=role value='unknown' context={'table': 'brands_accounts', 'brand_id': 'deepseek', 'author_id': 'handle:Rohit2401a'} (logged to /Users/fuchitalee/development/minimax-marketing/x-monitoring/data/runs/2026-07-15/enum_dead_letter.jsonl)
dead-letter enum: family=role value='unknown' context={'table': 'brands_accounts', 'brand_id': 'deepseek', 'author_id': 'handle:Chasa_____'} (logged to /Users/fuchitalee/development/minimax-marketing/x-monitoring/data/runs/2026-07-15/enum_dead_letter.jsonl)
dead-letter enum: family=role value='unknown' context={'table': 'brands_accounts', 'brand_id': 'deepseek', 'author_id': 'handle:Njeos9'} (logged to /Users/fuchitalee/development/minimax-marketing/x-monitoring/data/runs/2026-07-15/enum_dead_letter.jsonl)
dead-letter enum: family=role value='unknown' context={'table': 'brands_accounts', 'brand_id': 'deepseek', 'author_id': 'handle:TWHM4'} (logged to /Users/fuchitalee/development/minimax-marketing/x-monitoring/data/runs/2026-07-15/enum_dead_letter.jsonl)
dead-letter enum: family=role value='unknown' context={'table': 'brands_accounts', 'brand_id': 'deepseek', 'author_id': 'handle:ravacholok'} (logged to /Users/fuchitalee/development/minimax-marketing/x-monitoring/data/runs/2026-07-15/enum_dead_letter.jsonl)
dead-letter enum: family=role value='unknown' context={'table': 'brands_accounts', 'brand_id': 'deepseek', 'author_id': 'handle:AtMapshock'} (logged to /Users/fuchitalee/development/minimax-marketing/x-monitoring/data/runs/2026-07-15/enum_dead_letter.jsonl)
dead-letter enum: family=role value='unknown' context={'table': 'brands_accounts', 'brand_id': 'deepseek', 'author_id': 'handle:49agents'} (logged to /Users/fuchitalee/development/minimax-marketing/x-monitoring/data/runs/2026-07-15/enum_dead_letter.jsonl)
dead-letter enum: family=role value='unknown' context={'table': 'brands_accounts', 'brand_id': 'deepseek', 'author_id': 'handle:Meshs_One'} (logged to /Users/fuchitalee/development/minimax-marketing/x-monitoring/data/runs/2026-07-15/enum_dead_letter.jsonl)
dead-letter enum: family=role value='unknown' context={'table': 'brands_accounts', 'brand_id': 'deepseek', 'author_id': 'handle:liemfukliang'} (logged to /Users/fuchitalee/development/minimax-marketing/x-monitoring/data/runs/2026-07-15/enum_dead_letter.jsonl)
dead-letter enum: family=role value='unknown' context={'table': 'brands_accounts', 'brand_id': 'deepseek', 'author_id': 'handle:deesha_tech'} (logged to /Users/fuchitalee/development/minimax-marketing/x-monitoring/data/runs/2026-07-15/enum_dead_letter.jsonl)
dead-letter enum: family=role value='unknown' context={'table': 'brands_accounts', 'brand_id': 'deepseek', 'author_id': 'handle:n1ckstr3'} (logged to /Users/fuchitalee/development/minimax-marketing/x-monitoring/data/runs/2026-07-15/enum_dead_letter.jsonl)
dead-letter enum: family=role value='unknown' context={'table': 'brands_accounts', 'brand_id': 'deepseek', 'author_id': 'handle:yume_arasaki'} (logged to /Users/fuchitalee/development/minimax-marketing/x-monitoring/data/runs/2026-07-15/enum_dead_letter.jsonl)
dead-letter enum: family=role value='unknown' context={'table': 'brands_accounts', 'brand_id': 'deepseek', 'author_id': 'handle:Awesome_O_AI'} (logged to /Users/fuchitalee/development/minimax-marketing/x-monitoring/data/runs/2026-07-15/enum_dead_letter.jsonl)
dead-letter enum: family=role value='unknown' context={'table': 'brands_accounts', 'brand_id': 'deepseek', 'author_id': 'handle:HalfBoiledHero'} (logged to /Users/fuchitalee/development/minimax-marketing/x-monitoring/data/runs/2026-07-15/enum_dead_letter.jsonl)
dead-letter enum: family=role value='unknown' context={'table': 'brands_accounts', 'brand_id': 'deepseek', 'author_id': 'handle:AiderAiDev'} (logged to /Users/fuchitalee/development/minimax-marketing/x-monitoring/data/runs/2026-07-15/enum_dead_letter.jsonl)
dead-letter enum: family=role value='unknown' context={'table': 'brands_accounts', 'brand_id': 'deepseek', 'author_id': 'handle:TheGoldenAnvil'} (logged to /Users/fuchitalee/development/minimax-marketing/x-monitoring/data/runs/2026-07-15/enum_dead_letter.jsonl)
dead-letter enum: family=role value='unknown' context={'table': 'brands_accounts', 'brand_id': 'deepseek', 'author_id': 'handle:secretof320mhz'} (logged to /Users/fuchitalee/development/minimax-marketing/x-monitoring/data/runs/2026-07-15/enum_dead_letter.jsonl)
dead-letter enum: family=role value='unknown' context={'table': 'brands_accounts', 'brand_id': 'deepseek', 'author_id': 'handle:oss_zukan'} (logged to /Users/fuchitalee/development/minimax-marketing/x-monitoring/data/runs/2026-07-15/enum_dead_letter.jsonl)
dead-letter enum: family=role value='unknown' context={'table': 'brands_accounts', 'brand_id': 'deepseek', 'author_id': 'handle:glimps_k'} (logged to /Users/fuchitalee/development/minimax-marketing/x-monitoring/data/runs/2026-07-15/enum_dead_letter.jsonl)
dead-letter enum: family=role value='unknown' context={'table': 'brands_accounts', 'brand_id': 'deepseek', 'author_id': 'handle:originalkinglee'} (logged to /Users/fuchitalee/development/minimax-marketing/x-monitoring/data/runs/2026-07-15/enum_dead_letter.jsonl)
dead-letter enum: family=role value='unknown' context={'table': 'brands_accounts', 'brand_id': 'deepseek', 'author_id': 'handle:Soso_fun_yt'} (logged to /Users/fuchitalee/development/minimax-marketing/x-monitoring/data/runs/2026-07-15/enum_dead_letter.jsonl)
dead-letter enum: family=role value='unknown' context={'table': 'brands_accounts', 'brand_id': 'deepseek', 'author_id': 'handle:Vvikramai'} (logged to /Users/fuchitalee/development/minimax-marketing/x-monitoring/data/runs/2026-07-15/enum_dead_letter.jsonl)
dead-letter enum: family=role value='unknown' context={'table': 'brands_accounts', 'brand_id': 'deepseek', 'author_id': 'handle:e_etini'} (logged to /Users/fuchitalee/development/minimax-marketing/x-monitoring/data/runs/2026-07-15/enum_dead_letter.jsonl)
dead-letter enum: family=role value='unknown' context={'table': 'brands_accounts', 'brand_id': 'deepseek', 'author_id': 'handle:ayyuu1688'} (logged to /Users/fuchitalee/development/minimax-marketing/x-monitoring/data/runs/2026-07-15/enum_dead_letter.jsonl)
dead-letter enum: family=role value='unknown' context={'table': 'brands_accounts', 'brand_id': 'deepseek', 'author_id': 'handle:arifgpt'} (logged to /Users/fuchitalee/development/minimax-marketing/x-monitoring/data/runs/2026-07-15/enum_dead_letter.jsonl)
dead-letter enum: family=role value='unknown' context={'table': 'brands_accounts', 'brand_id': 'deepseek', 'author_id': 'handle:Nithinlogs'} (logged to /Users/fuchitalee/development/minimax-marketing/x-monitoring/data/runs/2026-07-15/enum_dead_letter.jsonl)
dead-letter enum: family=role value='unknown' context={'table': 'brands_accounts', 'brand_id': 'deepseek', 'author_id': 'handle:ljupc0'} (logged to /Users/fuchitalee/development/minimax-marketing/x-monitoring/data/runs/2026-07-15/enum_dead_letter.jsonl)
dead-letter enum: family=role value='unknown' context={'table': 'brands_accounts', 'brand_id': 'deepseek', 'author_id': 'handle:Mani36857773'} (logged to /Users/fuchitalee/development/minimax-marketing/x-monitoring/data/runs/2026-07-15/enum_dead_letter.jsonl)
dead-letter enum: family=role value='unknown' context={'table': 'brands_accounts', 'brand_id': 'deepseek', 'author_id': 'handle:imzodev'} (logged to /Users/fuchitalee/development/minimax-marketing/x-monitoring/data/runs/2026-07-15/enum_dead_letter.jsonl)
dead-letter enum: family=role value='unknown' context={'table': 'brands_accounts', 'brand_id': 'deepseek', 'author_id': 'handle:mylifcc'} (logged to /Users/fuchitalee/development/minimax-marketing/x-monitoring/data/runs/2026-07-15/enum_dead_letter.jsonl)
dead-letter enum: family=role value='unknown' context={'table': 'brands_accounts', 'brand_id': 'deepseek', 'author_id': 'handle:JonasLeighton2'} (logged to /Users/fuchitalee/development/minimax-marketing/x-monitoring/data/runs/2026-07-15/enum_dead_letter.jsonl)
dead-letter enum: family=role value='unknown' context={'table': 'brands_accounts', 'brand_id': 'deepseek', 'author_id': 'handle:0x_sakata'} (logged to /Users/fuchitalee/development/minimax-marketing/x-monitoring/data/runs/2026-07-15/enum_dead_letter.jsonl)
dead-letter enum: family=role value='unknown' context={'table': 'brands_accounts', 'brand_id': 'deepseek', 'author_id': 'handle:liustack'} (logged to /Users/fuchitalee/development/minimax-marketing/x-monitoring/data/runs/2026-07-15/enum_dead_letter.jsonl)
dead-letter enum: family=role value='unknown' context={'table': 'brands_accounts', 'brand_id': 'deepseek', 'author_id': 'handle:zeewasd'} (logged to /Users/fuchitalee/development/minimax-marketing/x-monitoring/data/runs/2026-07-15/enum_dead_letter.jsonl)
dead-letter enum: family=role value='unknown' context={'table': 'brands_accounts', 'brand_id': 'deepseek', 'author_id': 'handle:x402_Layer'} (logged to /Users/fuchitalee/development/minimax-marketing/x-monitoring/data/runs/2026-07-15/enum_dead_letter.jsonl)
dead-letter enum: family=role value='unknown' context={'table': 'brands_accounts', 'brand_id': 'deepseek', 'author_id': 'handle:TRUMPNobelPeace'} (logged to /Users/fuchitalee/development/minimax-marketing/x-monitoring/data/runs/2026-07-15/enum_dead_letter.jsonl)
dead-letter enum: family=role value='unknown' context={'table': 'brands_accounts', 'brand_id': 'deepseek', 'author_id': 'handle:bepituLaz'} (logged to /Users/fuchitalee/development/minimax-marketing/x-monitoring/data/runs/2026-07-15/enum_dead_letter.jsonl)
dead-letter enum: family=role value='unknown' context={'table': 'brands_accounts', 'brand_id': 'deepseek', 'author_id': 'handle:AIModelsDaily'} (logged to /Users/fuchitalee/development/minimax-marketing/x-monitoring/data/runs/2026-07-15/enum_dead_letter.jsonl)
dead-letter enum: family=role value='unknown' context={'table': 'brands_accounts', 'brand_id': 'deepseek', 'author_id': 'handle:Denis_skripnik'} (logged to /Users/fuchitalee/development/minimax-marketing/x-monitoring/data/runs/2026-07-15/enum_dead_letter.jsonl)
dead-letter enum: family=role value='unknown' context={'table': 'brands_accounts', 'brand_id': 'deepseek', 'author_id': 'handle:glitch_'} (logged to /Users/fuchitalee/development/minimax-marketing/x-monitoring/data/runs/2026-07-15/enum_dead_letter.jsonl)
dead-letter enum: family=role value='unknown' context={'table': 'brands_accounts', 'brand_id': 'deepseek', 'author_id': 'handle:parweb'} (logged to /Users/fuchitalee/development/minimax-marketing/x-monitoring/data/runs/2026-07-15/enum_dead_letter.jsonl)
dead-letter enum: family=role value='unknown' context={'table': 'brands_accounts', 'brand_id': 'deepseek', 'author_id': 'handle:ConsciousRide'} (logged to /Users/fuchitalee/development/minimax-marketing/x-monitoring/data/runs/2026-07-15/enum_dead_letter.jsonl)
dead-letter enum: family=role value='unknown' context={'table': 'brands_accounts', 'brand_id': 'deepseek', 'author_id': 'handle:LeinonaA69'} (logged to /Users/fuchitalee/development/minimax-marketing/x-monitoring/data/runs/2026-07-15/enum_dead_letter.jsonl)
dead-letter enum: family=role value='unknown' context={'table': 'brands_accounts', 'brand_id': 'deepseek', 'author_id': 'handle:CosmicMangzoqz'} (logged to /Users/fuchitalee/development/minimax-marketing/x-monitoring/data/runs/2026-07-15/enum_dead_letter.jsonl)
dead-letter enum: family=role value='unknown' context={'table': 'brands_accounts', 'brand_id': 'deepseek', 'author_id': 'handle:migtissera'} (logged to /Users/fuchitalee/development/minimax-marketing/x-monitoring/data/runs/2026-07-15/enum_dead_letter.jsonl)
dead-letter enum: family=role value='unknown' context={'table': 'brands_accounts', 'brand_id': 'deepseek', 'author_id': 'handle:mariodian'} (logged to /Users/fuchitalee/development/minimax-marketing/x-monitoring/data/runs/2026-07-15/enum_dead_letter.jsonl)
dead-letter enum: family=role value='unknown' context={'table': 'brands_accounts', 'brand_id': 'deepseek', 'author_id': 'handle:W0rker0fSecrets'} (logged to /Users/fuchitalee/development/minimax-marketing/x-monitoring/data/runs/2026-07-15/enum_dead_letter.jsonl)
dead-letter enum: family=role value='unknown' context={'table': 'brands_accounts', 'brand_id': 'deepseek', 'author_id': 'handle:TheLLMWhisperer'} (logged to /Users/fuchitalee/development/minimax-marketing/x-monitoring/data/runs/2026-07-15/enum_dead_letter.jsonl)
dead-letter enum: family=role value='unknown' context={'table': 'brands_accounts', 'brand_id': 'deepseek', 'author_id': 'handle:Beethoven779'} (logged to /Users/fuchitalee/development/minimax-marketing/x-monitoring/data/runs/2026-07-15/enum_dead_letter.jsonl)
dead-letter enum: family=role value='unknown' context={'table': 'brands_accounts', 'brand_id': 'deepseek', 'author_id': 'handle:aardid'} (logged to /Users/fuchitalee/development/minimax-marketing/x-monitoring/data/runs/2026-07-15/enum_dead_letter.jsonl)
dead-letter enum: family=role value='unknown' context={'table': 'brands_accounts', 'brand_id': 'deepseek', 'author_id': 'handle:janus_of_DC'} (logged to /Users/fuchitalee/development/minimax-marketing/x-monitoring/data/runs/2026-07-15/enum_dead_letter.jsonl)
dead-letter enum: family=role value='unknown' context={'table': 'brands_accounts', 'brand_id': 'deepseek', 'author_id': 'handle:FelipeBHZ'} (logged to /Users/fuchitalee/development/minimax-marketing/x-monitoring/data/runs/2026-07-15/enum_dead_letter.jsonl)
dead-letter enum: family=role value='unknown' context={'table': 'brands_accounts', 'brand_id': 'deepseek', 'author_id': 'handle:MichaelGannotti'} (logged to /Users/fuchitalee/development/minimax-marketing/x-monitoring/data/runs/2026-07-15/enum_dead_letter.jsonl)
dead-letter enum: family=role value='unknown' context={'table': 'brands_accounts', 'brand_id': 'deepseek', 'author_id': 'handle:jaminlabs'} (logged to /Users/fuchitalee/development/minimax-marketing/x-monitoring/data/runs/2026-07-15/enum_dead_letter.jsonl)
dead-letter enum: family=role value='unknown' context={'table': 'brands_accounts', 'brand_id': 'deepseek', 'author_id': 'handle:StudioZamudio'} (logged to /Users/fuchitalee/development/minimax-marketing/x-monitoring/data/runs/2026-07-15/enum_dead_letter.jsonl)
dead-letter enum: family=role value='unknown' context={'table': 'brands_accounts', 'brand_id': 'deepseek', 'author_id': 'handle:samwightt'} (logged to /Users/fuchitalee/development/minimax-marketing/x-monitoring/data/runs/2026-07-15/enum_dead_letter.jsonl)
dead-letter enum: family=role value='unknown' context={'table': 'brands_accounts', 'brand_id': 'deepseek', 'author_id': 'handle:claymill'} (logged to /Users/fuchitalee/development/minimax-marketing/x-monitoring/data/runs/2026-07-15/enum_dead_letter.jsonl)
dead-letter enum: family=role value='unknown' context={'table': 'brands_accounts', 'brand_id': 'deepseek', 'author_id': 'handle:AiOs_public'} (logged to /Users/fuchitalee/development/minimax-marketing/x-monitoring/data/runs/2026-07-15/enum_dead_letter.jsonl)
dead-letter enum: family=role value='unknown' context={'table': 'brands_accounts', 'brand_id': 'deepseek', 'author_id': 'handle:MEXC_News'} (logged to /Users/fuchitalee/development/minimax-marketing/x-monitoring/data/runs/2026-07-15/enum_dead_letter.jsonl)
dead-letter enum: family=role value='unknown' context={'table': 'brands_accounts', 'brand_id': 'deepseek', 'author_id': 'handle:Elaina43114880'} (logged to /Users/fuchitalee/development/minimax-marketing/x-monitoring/data/runs/2026-07-15/enum_dead_letter.jsonl)
dead-letter enum: family=role value='unknown' context={'table': 'brands_accounts', 'brand_id': 'deepseek', 'author_id': 'handle:ajisulist'} (logged to /Users/fuchitalee/development/minimax-marketing/x-monitoring/data/runs/2026-07-15/enum_dead_letter.jsonl)
dead-letter enum: family=role value='unknown' context={'table': 'brands_accounts', 'brand_id': 'deepseek', 'author_id': 'handle:runtimewire'} (logged to /Users/fuchitalee/development/minimax-marketing/x-monitoring/data/runs/2026-07-15/enum_dead_letter.jsonl)
dead-letter enum: family=role value='unknown' context={'table': 'brands_accounts', 'brand_id': 'deepseek', 'author_id': 'handle:monchi_sam_777'} (logged to /Users/fuchitalee/development/minimax-marketing/x-monitoring/data/runs/2026-07-15/enum_dead_letter.jsonl)
dead-letter enum: family=role value='unknown' context={'table': 'brands_accounts', 'brand_id': 'deepseek', 'author_id': 'handle:Dave_Charland'} (logged to /Users/fuchitalee/development/minimax-marketing/x-monitoring/data/runs/2026-07-15/enum_dead_letter.jsonl)
dead-letter enum: family=role value='unknown' context={'table': 'brands_accounts', 'brand_id': 'deepseek', 'author_id': 'handle:nvidia'} (logged to /Users/fuchitalee/development/minimax-marketing/x-monitoring/data/runs/2026-07-15/enum_dead_letter.jsonl)
dead-letter enum: family=role value='unknown' context={'table': 'brands_accounts', 'brand_id': 'deepseek', 'author_id': 'handle:Lewified'} (logged to /Users/fuchitalee/development/minimax-marketing/x-monitoring/data/runs/2026-07-15/enum_dead_letter.jsonl)
dead-letter enum: family=role value='unknown' context={'table': 'brands_accounts', 'brand_id': 'deepseek', 'author_id': 'handle:pbanavara'} (logged to /Users/fuchitalee/development/minimax-marketing/x-monitoring/data/runs/2026-07-15/enum_dead_letter.jsonl)
dead-letter enum: family=role value='unknown' context={'table': 'brands_accounts', 'brand_id': 'deepseek', 'author_id': 'handle:VolodBoich'} (logged to /Users/fuchitalee/development/minimax-marketing/x-monitoring/data/runs/2026-07-15/enum_dead_letter.jsonl)
dead-letter enum: family=role value='unknown' context={'table': 'brands_accounts', 'brand_id': 'deepseek', 'author_id': 'handle:frankgracy'} (logged to /Users/fuchitalee/development/minimax-marketing/x-monitoring/data/runs/2026-07-15/enum_dead_letter.jsonl)
dead-letter enum: family=role value='unknown' context={'table': 'brands_accounts', 'brand_id': 'deepseek', 'author_id': 'handle:DetectiBluePepe'} (logged to /Users/fuchitalee/development/minimax-marketing/x-monitoring/data/runs/2026-07-15/enum_dead_letter.jsonl)
dead-letter enum: family=role value='unknown' context={'table': 'brands_accounts', 'brand_id': 'deepseek', 'author_id': 'handle:AGIGuardian'} (logged to /Users/fuchitalee/development/minimax-marketing/x-monitoring/data/runs/2026-07-15/enum_dead_letter.jsonl)
dead-letter enum: family=role value='unknown' context={'table': 'brands_accounts', 'brand_id': 'deepseek', 'author_id': 'handle:giovanni_dev_'} (logged to /Users/fuchitalee/development/minimax-marketing/x-monitoring/data/runs/2026-07-15/enum_dead_letter.jsonl)
dead-letter enum: family=role value='unknown' context={'table': 'brands_accounts', 'brand_id': 'deepseek', 'author_id': 'handle:usman_builds'} (logged to /Users/fuchitalee/development/minimax-marketing/x-monitoring/data/runs/2026-07-15/enum_dead_letter.jsonl)
dead-letter enum: family=role value='unknown' context={'table': 'brands_accounts', 'brand_id': 'deepseek', 'author_id': 'handle:hellokillian'} (logged to /Users/fuchitalee/development/minimax-marketing/x-monitoring/data/runs/2026-07-15/enum_dead_letter.jsonl)
dead-letter enum: family=role value='unknown' context={'table': 'brands_accounts', 'brand_id': 'deepseek', 'author_id': 'handle:da5ch0'} (logged to /Users/fuchitalee/development/minimax-marketing/x-monitoring/data/runs/2026-07-15/enum_dead_letter.jsonl)
dead-letter enum: family=role value='unknown' context={'table': 'brands_accounts', 'brand_id': 'deepseek', 'author_id': 'handle:iGoinsane101'} (logged to /Users/fuchitalee/development/minimax-marketing/x-monitoring/data/runs/2026-07-15/enum_dead_letter.jsonl)
dead-letter enum: family=role value='unknown' context={'table': 'brands_accounts', 'brand_id': 'deepseek', 'author_id': 'handle:jcatblackhat'} (logged to /Users/fuchitalee/development/minimax-marketing/x-monitoring/data/runs/2026-07-15/enum_dead_letter.jsonl)
dead-letter enum: family=role value='unknown' context={'table': 'brands_accounts', 'brand_id': 'deepseek', 'author_id': 'handle:boardyai'} (logged to /Users/fuchitalee/development/minimax-marketing/x-monitoring/data/runs/2026-07-15/enum_dead_letter.jsonl)
dead-letter enum: family=role value='unknown' context={'table': 'brands_accounts', 'brand_id': 'deepseek', 'author_id': 'handle:DopeXSoap'} (logged to /Users/fuchitalee/development/minimax-marketing/x-monitoring/data/runs/2026-07-15/enum_dead_letter.jsonl)
dead-letter enum: family=role value='unknown' context={'table': 'brands_accounts', 'brand_id': 'deepseek', 'author_id': 'handle:ehdoa00'} (logged to /Users/fuchitalee/development/minimax-marketing/x-monitoring/data/runs/2026-07-15/enum_dead_letter.jsonl)
dead-letter enum: family=role value='unknown' context={'table': 'brands_accounts', 'brand_id': 'deepseek', 'author_id': 'handle:ssict'} (logged to /Users/fuchitalee/development/minimax-marketing/x-monitoring/data/runs/2026-07-15/enum_dead_letter.jsonl)
dead-letter enum: family=role value='unknown' context={'table': 'brands_accounts', 'brand_id': 'deepseek', 'author_id': 'handle:sbccompare'} (logged to /Users/fuchitalee/development/minimax-marketing/x-monitoring/data/runs/2026-07-15/enum_dead_letter.jsonl)
dead-letter enum: family=role value='unknown' context={'table': 'brands_accounts', 'brand_id': 'deepseek', 'author_id': 'handle:fourweekmba'} (logged to /Users/fuchitalee/development/minimax-marketing/x-monitoring/data/runs/2026-07-15/enum_dead_letter.jsonl)
dead-letter enum: family=role value='unknown' context={'table': 'brands_accounts', 'brand_id': 'deepseek', 'author_id': 'handle:RXed_EU'} (logged to /Users/fuchitalee/development/minimax-marketing/x-monitoring/data/runs/2026-07-15/enum_dead_letter.jsonl)
dead-letter enum: family=role value='unknown' context={'table': 'brands_accounts', 'brand_id': 'deepseek', 'author_id': 'handle:ToothlessAt58'} (logged to /Users/fuchitalee/development/minimax-marketing/x-monitoring/data/runs/2026-07-15/enum_dead_letter.jsonl)
dead-letter enum: family=role value='unknown' context={'table': 'brands_accounts', 'brand_id': 'deepseek', 'author_id': 'handle:Afuniima_wobe'} (logged to /Users/fuchitalee/development/minimax-marketing/x-monitoring/data/runs/2026-07-15/enum_dead_letter.jsonl)
dead-letter enum: family=role value='unknown' context={'table': 'brands_accounts', 'brand_id': 'deepseek', 'author_id': 'handle:fominaaalina'} (logged to /Users/fuchitalee/development/minimax-marketing/x-monitoring/data/runs/2026-07-15/enum_dead_letter.jsonl)
dead-letter enum: family=role value='unknown' context={'table': 'brands_accounts', 'brand_id': 'deepseek', 'author_id': 'handle:Vipinshrma9'} (logged to /Users/fuchitalee/development/minimax-marketing/x-monitoring/data/runs/2026-07-15/enum_dead_letter.jsonl)
dead-letter enum: family=role value='unknown' context={'table': 'brands_accounts', 'brand_id': 'deepseek', 'author_id': 'handle:_markfenner'} (logged to /Users/fuchitalee/development/minimax-marketing/x-monitoring/data/runs/2026-07-15/enum_dead_letter.jsonl)
dead-letter enum: family=role value='unknown' context={'table': 'brands_accounts', 'brand_id': 'deepseek', 'author_id': 'handle:trashpandaemoji'} (logged to /Users/fuchitalee/development/minimax-marketing/x-monitoring/data/runs/2026-07-15/enum_dead_letter.jsonl)
dead-letter enum: family=role value='unknown' context={'table': 'brands_accounts', 'brand_id': 'deepseek', 'author_id': 'handle:victoria_neiman'} (logged to /Users/fuchitalee/development/minimax-marketing/x-monitoring/data/runs/2026-07-15/enum_dead_letter.jsonl)
dead-letter enum: family=role value='unknown' context={'table': 'brands_accounts', 'brand_id': 'deepseek', 'author_id': 'handle:mdogostefano'} (logged to /Users/fuchitalee/development/minimax-marketing/x-monitoring/data/runs/2026-07-15/enum_dead_letter.jsonl)
dead-letter enum: family=role value='unknown' context={'table': 'brands_accounts', 'brand_id': 'deepseek', 'author_id': 'handle:Dziva_Samb1r1'} (logged to /Users/fuchitalee/development/minimax-marketing/x-monitoring/data/runs/2026-07-15/enum_dead_letter.jsonl)
dead-letter enum: family=role value='unknown' context={'table': 'brands_accounts', 'brand_id': 'deepseek', 'author_id': 'handle:AGTPinsights'} (logged to /Users/fuchitalee/development/minimax-marketing/x-monitoring/data/runs/2026-07-15/enum_dead_letter.jsonl)
dead-letter enum: family=role value='unknown' context={'table': 'brands_accounts', 'brand_id': 'deepseek', 'author_id': 'handle:LoganJastremski'} (logged to /Users/fuchitalee/development/minimax-marketing/x-monitoring/data/runs/2026-07-15/enum_dead_letter.jsonl)
dead-letter enum: family=role value='unknown' context={'table': 'brands_accounts', 'brand_id': 'deepseek', 'author_id': 'handle:mstrYoda_'} (logged to /Users/fuchitalee/development/minimax-marketing/x-monitoring/data/runs/2026-07-15/enum_dead_letter.jsonl)
dead-letter enum: family=role value='unknown' context={'table': 'brands_accounts', 'brand_id': 'deepseek', 'author_id': 'handle:Xinyao_Qiu'} (logged to /Users/fuchitalee/development/minimax-marketing/x-monitoring/data/runs/2026-07-15/enum_dead_letter.jsonl)
dead-letter enum: family=role value='unknown' context={'table': 'brands_accounts', 'brand_id': 'deepseek', 'author_id': 'handle:TheAIShrink'} (logged to /Users/fuchitalee/development/minimax-marketing/x-monitoring/data/runs/2026-07-15/enum_dead_letter.jsonl)
dead-letter enum: family=role value='unknown' context={'table': 'brands_accounts', 'brand_id': 'deepseek', 'author_id': 'handle:deftunix'} (logged to /Users/fuchitalee/development/minimax-marketing/x-monitoring/data/runs/2026-07-15/enum_dead_letter.jsonl)
dead-letter enum: family=role value='unknown' context={'table': 'brands_accounts', 'brand_id': 'deepseek', 'author_id': 'handle:clairehbennett'} (logged to /Users/fuchitalee/development/minimax-marketing/x-monitoring/data/runs/2026-07-15/enum_dead_letter.jsonl)
dead-letter enum: family=role value='unknown' context={'table': 'brands_accounts', 'brand_id': 'deepseek', 'author_id': 'handle:RainJane772'} (logged to /Users/fuchitalee/development/minimax-marketing/x-monitoring/data/runs/2026-07-15/enum_dead_letter.jsonl)
dead-letter enum: family=role value='unknown' context={'table': 'brands_accounts', 'brand_id': 'deepseek', 'author_id': 'handle:lthlnkso'} (logged to /Users/fuchitalee/development/minimax-marketing/x-monitoring/data/runs/2026-07-15/enum_dead_letter.jsonl)
dead-letter enum: family=role value='unknown' context={'table': 'brands_accounts', 'brand_id': 'deepseek', 'author_id': 'handle:narrativenavi'} (logged to /Users/fuchitalee/development/minimax-marketing/x-monitoring/data/runs/2026-07-15/enum_dead_letter.jsonl)
dead-letter enum: family=role value='unknown' context={'table': 'brands_accounts', 'brand_id': 'deepseek', 'author_id': 'handle:IamRamratan'} (logged to /Users/fuchitalee/development/minimax-marketing/x-monitoring/data/runs/2026-07-15/enum_dead_letter.jsonl)
dead-letter enum: family=role value='unknown' context={'table': 'brands_accounts', 'brand_id': 'deepseek', 'author_id': 'handle:AiForgeConsult'} (logged to /Users/fuchitalee/development/minimax-marketing/x-monitoring/data/runs/2026-07-15/enum_dead_letter.jsonl)
dead-letter enum: family=role value='unknown' context={'table': 'brands_accounts', 'brand_id': 'deepseek', 'author_id': 'handle:Ryan_Heltemes'} (logged to /Users/fuchitalee/development/minimax-marketing/x-monitoring/data/runs/2026-07-15/enum_dead_letter.jsonl)
dead-letter enum: family=role value='unknown' context={'table': 'brands_accounts', 'brand_id': 'deepseek', 'author_id': 'handle:5fakb48'} (logged to /Users/fuchitalee/development/minimax-marketing/x-monitoring/data/runs/2026-07-15/enum_dead_letter.jsonl)
dead-letter enum: family=role value='unknown' context={'table': 'brands_accounts', 'brand_id': 'deepseek', 'author_id': 'handle:VegElpy'} (logged to /Users/fuchitalee/development/minimax-marketing/x-monitoring/data/runs/2026-07-15/enum_dead_letter.jsonl)
dead-letter enum: family=role value='unknown' context={'table': 'brands_accounts', 'brand_id': 'deepseek', 'author_id': 'handle:brandnewnox'} (logged to /Users/fuchitalee/development/minimax-marketing/x-monitoring/data/runs/2026-07-15/enum_dead_letter.jsonl)
dead-letter enum: family=role value='unknown' context={'table': 'brands_accounts', 'brand_id': 'deepseek', 'author_id': 'handle:CemBuildsAi'} (logged to /Users/fuchitalee/development/minimax-marketing/x-monitoring/data/runs/2026-07-15/enum_dead_letter.jsonl)
dead-letter enum: family=role value='unknown' context={'table': 'brands_accounts', 'brand_id': 'deepseek', 'author_id': 'handle:cyburke'} (logged to /Users/fuchitalee/development/minimax-marketing/x-monitoring/data/runs/2026-07-15/enum_dead_letter.jsonl)
dead-letter enum: family=role value='unknown' context={'table': 'brands_accounts', 'brand_id': 'deepseek', 'author_id': 'handle:whitemakaka'} (logged to /Users/fuchitalee/development/minimax-marketing/x-monitoring/data/runs/2026-07-15/enum_dead_letter.jsonl)
dead-letter enum: family=role value='unknown' context={'table': 'brands_accounts', 'brand_id': 'deepseek', 'author_id': 'handle:theSethian'} (logged to /Users/fuchitalee/development/minimax-marketing/x-monitoring/data/runs/2026-07-15/enum_dead_letter.jsonl)
dead-letter enum: family=role value='unknown' context={'table': 'brands_accounts', 'brand_id': 'deepseek', 'author_id': 'handle:1337_sb'} (logged to /Users/fuchitalee/development/minimax-marketing/x-monitoring/data/runs/2026-07-15/enum_dead_letter.jsonl)
dead-letter enum: family=role value='unknown' context={'table': 'brands_accounts', 'brand_id': 'deepseek', 'author_id': 'handle:agentcommunity_'} (logged to /Users/fuchitalee/development/minimax-marketing/x-monitoring/data/runs/2026-07-15/enum_dead_letter.jsonl)
dead-letter enum: family=role value='unknown' context={'table': 'brands_accounts', 'brand_id': 'deepseek', 'author_id': 'handle:Costa_art06'} (logged to /Users/fuchitalee/development/minimax-marketing/x-monitoring/data/runs/2026-07-15/enum_dead_letter.jsonl)
dead-letter enum: family=role value='unknown' context={'table': 'brands_accounts', 'brand_id': 'deepseek', 'author_id': 'handle:Qubax_Ai'} (logged to /Users/fuchitalee/development/minimax-marketing/x-monitoring/data/runs/2026-07-15/enum_dead_letter.jsonl)
dead-letter enum: family=role value='unknown' context={'table': 'brands_accounts', 'brand_id': 'deepseek', 'author_id': 'handle:zaidmukaddam'} (logged to /Users/fuchitalee/development/minimax-marketing/x-monitoring/data/runs/2026-07-15/enum_dead_letter.jsonl)
dead-letter enum: family=role value='unknown' context={'table': 'brands_accounts', 'brand_id': 'deepseek', 'author_id': 'handle:seobrinys38'} (logged to /Users/fuchitalee/development/minimax-marketing/x-monitoring/data/runs/2026-07-15/enum_dead_letter.jsonl)
dead-letter enum: family=role value='unknown' context={'table': 'brands_accounts', 'brand_id': 'deepseek', 'author_id': 'handle:faradaymachines'} (logged to /Users/fuchitalee/development/minimax-marketing/x-monitoring/data/runs/2026-07-15/enum_dead_letter.jsonl)
dead-letter enum: family=role value='unknown' context={'table': 'brands_accounts', 'brand_id': 'deepseek', 'author_id': 'handle:stevejohnsonfm'} (logged to /Users/fuchitalee/development/minimax-marketing/x-monitoring/data/runs/2026-07-15/enum_dead_letter.jsonl)
dead-letter enum: family=role value='unknown' context={'table': 'brands_accounts', 'brand_id': 'deepseek', 'author_id': 'handle:GoForceX'} (logged to /Users/fuchitalee/development/minimax-marketing/x-monitoring/data/runs/2026-07-15/enum_dead_letter.jsonl)
dead-letter enum: family=role value='unknown' context={'table': 'brands_accounts', 'brand_id': 'deepseek', 'author_id': 'handle:wangruipro'} (logged to /Users/fuchitalee/development/minimax-marketing/x-monitoring/data/runs/2026-07-15/enum_dead_letter.jsonl)
dead-letter enum: family=role value='unknown' context={'table': 'brands_accounts', 'brand_id': 'deepseek', 'author_id': 'handle:Kelechiweb'} (logged to /Users/fuchitalee/development/minimax-marketing/x-monitoring/data/runs/2026-07-15/enum_dead_letter.jsonl)
dead-letter enum: family=role value='unknown' context={'table': 'brands_accounts', 'brand_id': 'deepseek', 'author_id': 'handle:jinghu2017'} (logged to /Users/fuchitalee/development/minimax-marketing/x-monitoring/data/runs/2026-07-15/enum_dead_letter.jsonl)
dead-letter enum: family=role value='unknown' context={'table': 'brands_accounts', 'brand_id': 'deepseek', 'author_id': 'handle:saen_dev'} (logged to /Users/fuchitalee/development/minimax-marketing/x-monitoring/data/runs/2026-07-15/enum_dead_letter.jsonl)
dead-letter enum: family=role value='unknown' context={'table': 'brands_accounts', 'brand_id': 'deepseek', 'author_id': 'handle:teneo_protocol'} (logged to /Users/fuchitalee/development/minimax-marketing/x-monitoring/data/runs/2026-07-15/enum_dead_letter.jsonl)
dead-letter enum: family=role value='unknown' context={'table': 'brands_accounts', 'brand_id': 'deepseek', 'author_id': 'handle:PrimeFlameX'} (logged to /Users/fuchitalee/development/minimax-marketing/x-monitoring/data/runs/2026-07-15/enum_dead_letter.jsonl)
dead-letter enum: family=role value='unknown' context={'table': 'brands_accounts', 'brand_id': 'deepseek', 'author_id': 'handle:RaoulDukeDegen'} (logged to /Users/fuchitalee/development/minimax-marketing/x-monitoring/data/runs/2026-07-15/enum_dead_letter.jsonl)
dead-letter enum: family=role value='unknown' context={'table': 'brands_accounts', 'brand_id': 'deepseek', 'author_id': 'handle:covrovski'} (logged to /Users/fuchitalee/development/minimax-marketing/x-monitoring/data/runs/2026-07-15/enum_dead_letter.jsonl)
dead-letter enum: family=role value='unknown' context={'table': 'brands_accounts', 'brand_id': 'deepseek', 'author_id': 'handle:bspectacledGOAT'} (logged to /Users/fuchitalee/development/minimax-marketing/x-monitoring/data/runs/2026-07-15/enum_dead_letter.jsonl)
dead-letter enum: family=role value='unknown' context={'table': 'brands_accounts', 'brand_id': 'deepseek', 'author_id': 'handle:DesignGears'} (logged to /Users/fuchitalee/development/minimax-marketing/x-monitoring/data/runs/2026-07-15/enum_dead_letter.jsonl)
dead-letter enum: family=role value='unknown' context={'table': 'brands_accounts', 'brand_id': 'deepseek', 'author_id': 'handle:invizive'} (logged to /Users/fuchitalee/development/minimax-marketing/x-monitoring/data/runs/2026-07-15/enum_dead_letter.jsonl)
dead-letter enum: family=role value='unknown' context={'table': 'brands_accounts', 'brand_id': 'deepseek', 'author_id': 'handle:wolfoftrenches'} (logged to /Users/fuchitalee/development/minimax-marketing/x-monitoring/data/runs/2026-07-15/enum_dead_letter.jsonl)
dead-letter enum: family=role value='unknown' context={'table': 'brands_accounts', 'brand_id': 'deepseek', 'author_id': 'handle:anvie'} (logged to /Users/fuchitalee/development/minimax-marketing/x-monitoring/data/runs/2026-07-15/enum_dead_letter.jsonl)
dead-letter enum: family=role value='unknown' context={'table': 'brands_accounts', 'brand_id': 'deepseek', 'author_id': 'handle:Leo100x'} (logged to /Users/fuchitalee/development/minimax-marketing/x-monitoring/data/runs/2026-07-15/enum_dead_letter.jsonl)
dead-letter enum: family=role value='unknown' context={'table': 'brands_accounts', 'brand_id': 'deepseek', 'author_id': 'handle:untanglingweb3'} (logged to /Users/fuchitalee/development/minimax-marketing/x-monitoring/data/runs/2026-07-15/enum_dead_letter.jsonl)
dead-letter enum: family=role value='unknown' context={'table': 'brands_accounts', 'brand_id': 'deepseek', 'author_id': 'handle:kapilansh_twt'} (logged to /Users/fuchitalee/development/minimax-marketing/x-monitoring/data/runs/2026-07-15/enum_dead_letter.jsonl)
dead-letter enum: family=role value='unknown' context={'table': 'brands_accounts', 'brand_id': 'deepseek', 'author_id': 'handle:AndyMcDeeOne'} (logged to /Users/fuchitalee/development/minimax-marketing/x-monitoring/data/runs/2026-07-15/enum_dead_letter.jsonl)
dead-letter enum: family=role value='unknown' context={'table': 'brands_accounts', 'brand_id': 'deepseek', 'author_id': 'handle:i_mika_el'} (logged to /Users/fuchitalee/development/minimax-marketing/x-monitoring/data/runs/2026-07-15/enum_dead_letter.jsonl)
dead-letter enum: family=role value='unknown' context={'table': 'brands_accounts', 'brand_id': 'deepseek', 'author_id': 'handle:goyalshaliniuk'} (logged to /Users/fuchitalee/development/minimax-marketing/x-monitoring/data/runs/2026-07-15/enum_dead_letter.jsonl)
dead-letter enum: family=role value='unknown' context={'table': 'brands_accounts', 'brand_id': 'deepseek', 'author_id': 'handle:rehanhaider'} (logged to /Users/fuchitalee/development/minimax-marketing/x-monitoring/data/runs/2026-07-15/enum_dead_letter.jsonl)
dead-letter enum: family=role value='unknown' context={'table': 'brands_accounts', 'brand_id': 'deepseek', 'author_id': 'handle:dyigitpolat'} (logged to /Users/fuchitalee/development/minimax-marketing/x-monitoring/data/runs/2026-07-15/enum_dead_letter.jsonl)
dead-letter enum: family=role value='unknown' context={'table': 'brands_accounts', 'brand_id': 'deepseek', 'author_id': 'handle:teortaxesTex'} (logged to /Users/fuchitalee/development/minimax-marketing/x-monitoring/data/runs/2026-07-15/enum_dead_letter.jsonl)
dead-letter enum: family=role value='unknown' context={'table': 'brands_accounts', 'brand_id': 'deepseek', 'author_id': 'handle:george_veng'} (logged to /Users/fuchitalee/development/minimax-marketing/x-monitoring/data/runs/2026-07-15/enum_dead_letter.jsonl)
dead-letter enum: family=role value='unknown' context={'table': 'brands_accounts', 'brand_id': 'deepseek', 'author_id': 'handle:0xsibukxbt'} (logged to /Users/fuchitalee/development/minimax-marketing/x-monitoring/data/runs/2026-07-15/enum_dead_letter.jsonl)
dead-letter enum: family=role value='unknown' context={'table': 'brands_accounts', 'brand_id': 'deepseek', 'author_id': 'handle:Ricardo_Momo1'} (logged to /Users/fuchitalee/development/minimax-marketing/x-monitoring/data/runs/2026-07-15/enum_dead_letter.jsonl)
dead-letter enum: family=role value='unknown' context={'table': 'brands_accounts', 'brand_id': 'deepseek', 'author_id': 'handle:brianbellx'} (logged to /Users/fuchitalee/development/minimax-marketing/x-monitoring/data/runs/2026-07-15/enum_dead_letter.jsonl)
dead-letter enum: family=role value='unknown' context={'table': 'brands_accounts', 'brand_id': 'deepseek', 'author_id': 'handle:spiral_archtct'} (logged to /Users/fuchitalee/development/minimax-marketing/x-monitoring/data/runs/2026-07-15/enum_dead_letter.jsonl)
dead-letter enum: family=role value='unknown' context={'table': 'brands_accounts', 'brand_id': 'deepseek', 'author_id': 'handle:NyamaQuarter'} (logged to /Users/fuchitalee/development/minimax-marketing/x-monitoring/data/runs/2026-07-15/enum_dead_letter.jsonl)
dead-letter enum: family=role value='unknown' context={'table': 'brands_accounts', 'brand_id': 'deepseek', 'author_id': 'handle:preferredev_'} (logged to /Users/fuchitalee/development/minimax-marketing/x-monitoring/data/runs/2026-07-15/enum_dead_letter.jsonl)
dead-letter enum: family=role value='unknown' context={'table': 'brands_accounts', 'brand_id': 'deepseek', 'author_id': 'handle:ryiacy'} (logged to /Users/fuchitalee/development/minimax-marketing/x-monitoring/data/runs/2026-07-15/enum_dead_letter.jsonl)
dead-letter enum: family=role value='unknown' context={'table': 'brands_accounts', 'brand_id': 'deepseek', 'author_id': 'handle:LyraeLive'} (logged to /Users/fuchitalee/development/minimax-marketing/x-monitoring/data/runs/2026-07-15/enum_dead_letter.jsonl)
dead-letter enum: family=role value='unknown' context={'table': 'brands_accounts', 'brand_id': 'deepseek', 'author_id': 'handle:codermatt'} (logged to /Users/fuchitalee/development/minimax-marketing/x-monitoring/data/runs/2026-07-15/enum_dead_letter.jsonl)
dead-letter enum: family=role value='unknown' context={'table': 'brands_accounts', 'brand_id': 'deepseek', 'author_id': 'handle:StaticSnowman'} (logged to /Users/fuchitalee/development/minimax-marketing/x-monitoring/data/runs/2026-07-15/enum_dead_letter.jsonl)
dead-letter enum: family=role value='unknown' context={'table': 'brands_accounts', 'brand_id': 'deepseek', 'author_id': 'handle:edu904'} (logged to /Users/fuchitalee/development/minimax-marketing/x-monitoring/data/runs/2026-07-15/enum_dead_letter.jsonl)
dead-letter enum: family=role value='unknown' context={'table': 'brands_accounts', 'brand_id': 'deepseek', 'author_id': 'handle:blundertactics'} (logged to /Users/fuchitalee/development/minimax-marketing/x-monitoring/data/runs/2026-07-15/enum_dead_letter.jsonl)
dead-letter enum: family=role value='unknown' context={'table': 'brands_accounts', 'brand_id': 'deepseek', 'author_id': 'handle:Suparious'} (logged to /Users/fuchitalee/development/minimax-marketing/x-monitoring/data/runs/2026-07-15/enum_dead_letter.jsonl)
dead-letter enum: family=role value='unknown' context={'table': 'brands_accounts', 'brand_id': 'deepseek', 'author_id': 'handle:Tigger0000'} (logged to /Users/fuchitalee/development/minimax-marketing/x-monitoring/data/runs/2026-07-15/enum_dead_letter.jsonl)
dead-letter enum: family=role value='unknown' context={'table': 'brands_accounts', 'brand_id': 'deepseek', 'author_id': 'handle:HideyoOosawa'} (logged to /Users/fuchitalee/development/minimax-marketing/x-monitoring/data/runs/2026-07-15/enum_dead_letter.jsonl)
dead-letter enum: family=role value='unknown' context={'table': 'brands_accounts', 'brand_id': 'deepseek', 'author_id': 'handle:GetAskClaw'} (logged to /Users/fuchitalee/development/minimax-marketing/x-monitoring/data/runs/2026-07-15/enum_dead_letter.jsonl)
dead-letter enum: family=role value='unknown' context={'table': 'brands_accounts', 'brand_id': 'deepseek', 'author_id': 'handle:jmbollenbacher'} (logged to /Users/fuchitalee/development/minimax-marketing/x-monitoring/data/runs/2026-07-15/enum_dead_letter.jsonl)
dead-letter enum: family=role value='unknown' context={'table': 'brands_accounts', 'brand_id': 'deepseek', 'author_id': 'handle:kinfx_'} (logged to /Users/fuchitalee/development/minimax-marketing/x-monitoring/data/runs/2026-07-15/enum_dead_letter.jsonl)
dead-letter enum: family=role value='unknown' context={'table': 'brands_accounts', 'brand_id': 'deepseek', 'author_id': 'handle:VipulS_1'} (logged to /Users/fuchitalee/development/minimax-marketing/x-monitoring/data/runs/2026-07-15/enum_dead_letter.jsonl)
dead-letter enum: family=role value='unknown' context={'table': 'brands_accounts', 'brand_id': 'deepseek', 'author_id': 'handle:_machi47'} (logged to /Users/fuchitalee/development/minimax-marketing/x-monitoring/data/runs/2026-07-15/enum_dead_letter.jsonl)
dead-letter enum: family=role value='unknown' context={'table': 'brands_accounts', 'brand_id': 'deepseek', 'author_id': 'handle:kyookine'} (logged to /Users/fuchitalee/development/minimax-marketing/x-monitoring/data/runs/2026-07-15/enum_dead_letter.jsonl)
dead-letter enum: family=role value='unknown' context={'table': 'brands_accounts', 'brand_id': 'deepseek', 'author_id': 'handle:_thebadliar'} (logged to /Users/fuchitalee/development/minimax-marketing/x-monitoring/data/runs/2026-07-15/enum_dead_letter.jsonl)
dead-letter enum: family=role value='unknown' context={'table': 'brands_accounts', 'brand_id': 'deepseek', 'author_id': 'handle:CapitalNoma'} (logged to /Users/fuchitalee/development/minimax-marketing/x-monitoring/data/runs/2026-07-15/enum_dead_letter.jsonl)
dead-letter enum: family=role value='unknown' context={'table': 'brands_accounts', 'brand_id': 'deepseek', 'author_id': 'handle:Khalidalzarouni'} (logged to /Users/fuchitalee/development/minimax-marketing/x-monitoring/data/runs/2026-07-15/enum_dead_letter.jsonl)
dead-letter enum: family=role value='unknown' context={'table': 'brands_accounts', 'brand_id': 'deepseek', 'author_id': 'handle:devops724'} (logged to /Users/fuchitalee/development/minimax-marketing/x-monitoring/data/runs/2026-07-15/enum_dead_letter.jsonl)
dead-letter enum: family=role value='unknown' context={'table': 'brands_accounts', 'brand_id': 'deepseek', 'author_id': 'handle:ns123abc'} (logged to /Users/fuchitalee/development/minimax-marketing/x-monitoring/data/runs/2026-07-15/enum_dead_letter.jsonl)
dead-letter enum: family=role value='unknown' context={'table': 'brands_accounts', 'brand_id': 'deepseek', 'author_id': 'handle:dylan2045ad'} (logged to /Users/fuchitalee/development/minimax-marketing/x-monitoring/data/runs/2026-07-15/enum_dead_letter.jsonl)
dead-letter enum: family=role value='unknown' context={'table': 'brands_accounts', 'brand_id': 'deepseek', 'author_id': 'handle:AICharsiya'} (logged to /Users/fuchitalee/development/minimax-marketing/x-monitoring/data/runs/2026-07-15/enum_dead_letter.jsonl)
dead-letter enum: family=role value='unknown' context={'table': 'brands_accounts', 'brand_id': 'deepseek', 'author_id': 'handle:Hamzeml'} (logged to /Users/fuchitalee/development/minimax-marketing/x-monitoring/data/runs/2026-07-15/enum_dead_letter.jsonl)
dead-letter enum: family=role value='unknown' context={'table': 'brands_accounts', 'brand_id': 'deepseek', 'author_id': 'handle:mrculpo'} (logged to /Users/fuchitalee/development/minimax-marketing/x-monitoring/data/runs/2026-07-15/enum_dead_letter.jsonl)
dead-letter enum: family=role value='unknown' context={'table': 'brands_accounts', 'brand_id': 'deepseek', 'author_id': 'handle:slicknet'} (logged to /Users/fuchitalee/development/minimax-marketing/x-monitoring/data/runs/2026-07-15/enum_dead_letter.jsonl)
dead-letter enum: family=role value='unknown' context={'table': 'brands_accounts', 'brand_id': 'deepseek', 'author_id': 'handle:TheValueist'} (logged to /Users/fuchitalee/development/minimax-marketing/x-monitoring/data/runs/2026-07-15/enum_dead_letter.jsonl)
dead-letter enum: family=role value='unknown' context={'table': 'brands_accounts', 'brand_id': 'deepseek', 'author_id': 'handle:doubji'} (logged to /Users/fuchitalee/development/minimax-marketing/x-monitoring/data/runs/2026-07-15/enum_dead_letter.jsonl)
dead-letter enum: family=role value='unknown' context={'table': 'brands_accounts', 'brand_id': 'deepseek', 'author_id': 'handle:munim'} (logged to /Users/fuchitalee/development/minimax-marketing/x-monitoring/data/runs/2026-07-15/enum_dead_letter.jsonl)
dead-letter enum: family=role value='unknown' context={'table': 'brands_accounts', 'brand_id': 'deepseek', 'author_id': 'handle:chenchencheng20'} (logged to /Users/fuchitalee/development/minimax-marketing/x-monitoring/data/runs/2026-07-15/enum_dead_letter.jsonl)
dead-letter enum: family=role value='unknown' context={'table': 'brands_accounts', 'brand_id': 'deepseek', 'author_id': 'handle:talhazahid56'} (logged to /Users/fuchitalee/development/minimax-marketing/x-monitoring/data/runs/2026-07-15/enum_dead_letter.jsonl)
dead-letter enum: family=role value='unknown' context={'table': 'brands_accounts', 'brand_id': 'deepseek', 'author_id': 'handle:robobuncho'} (logged to /Users/fuchitalee/development/minimax-marketing/x-monitoring/data/runs/2026-07-15/enum_dead_letter.jsonl)
dead-letter enum: family=role value='unknown' context={'table': 'brands_accounts', 'brand_id': 'deepseek', 'author_id': 'handle:triaxam1'} (logged to /Users/fuchitalee/development/minimax-marketing/x-monitoring/data/runs/2026-07-15/enum_dead_letter.jsonl)
dead-letter enum: family=role value='unknown' context={'table': 'brands_accounts', 'brand_id': 'deepseek', 'author_id': 'handle:asaifxz'} (logged to /Users/fuchitalee/development/minimax-marketing/x-monitoring/data/runs/2026-07-15/enum_dead_letter.jsonl)
dead-letter enum: family=role value='unknown' context={'table': 'brands_accounts', 'brand_id': 'deepseek', 'author_id': 'handle:godzillionaires'} (logged to /Users/fuchitalee/development/minimax-marketing/x-monitoring/data/runs/2026-07-15/enum_dead_letter.jsonl)
dead-letter enum: family=role value='unknown' context={'table': 'brands_accounts', 'brand_id': 'deepseek', 'author_id': 'handle:gianpdomi'} (logged to /Users/fuchitalee/development/minimax-marketing/x-monitoring/data/runs/2026-07-15/enum_dead_letter.jsonl)
dead-letter enum: family=role value='unknown' context={'table': 'brands_accounts', 'brand_id': 'deepseek', 'author_id': 'handle:xicilion'} (logged to /Users/fuchitalee/development/minimax-marketing/x-monitoring/data/runs/2026-07-15/enum_dead_letter.jsonl)
dead-letter enum: family=role value='unknown' context={'table': 'brands_accounts', 'brand_id': 'deepseek', 'author_id': 'handle:wuyiqun'} (logged to /Users/fuchitalee/development/minimax-marketing/x-monitoring/data/runs/2026-07-15/enum_dead_letter.jsonl)
dead-letter enum: family=role value='unknown' context={'table': 'brands_accounts', 'brand_id': 'deepseek', 'author_id': 'handle:satofukugyo'} (logged to /Users/fuchitalee/development/minimax-marketing/x-monitoring/data/runs/2026-07-15/enum_dead_letter.jsonl)
dead-letter enum: family=role value='unknown' context={'table': 'brands_accounts', 'brand_id': 'deepseek', 'author_id': 'handle:FrozenScythex'} (logged to /Users/fuchitalee/development/minimax-marketing/x-monitoring/data/runs/2026-07-15/enum_dead_letter.jsonl)
dead-letter enum: family=role value='unknown' context={'table': 'brands_accounts', 'brand_id': 'deepseek', 'author_id': 'handle:BilawalRia60183'} (logged to /Users/fuchitalee/development/minimax-marketing/x-monitoring/data/runs/2026-07-15/enum_dead_letter.jsonl)
dead-letter enum: family=role value='unknown' context={'table': 'brands_accounts', 'brand_id': 'deepseek', 'author_id': 'handle:quantum_babylon'} (logged to /Users/fuchitalee/development/minimax-marketing/x-monitoring/data/runs/2026-07-15/enum_dead_letter.jsonl)
dead-letter enum: family=role value='unknown' context={'table': 'brands_accounts', 'brand_id': 'deepseek', 'author_id': 'handle:ShadowisCrazy'} (logged to /Users/fuchitalee/development/minimax-marketing/x-monitoring/data/runs/2026-07-15/enum_dead_letter.jsonl)
dead-letter enum: family=role value='unknown' context={'table': 'brands_accounts', 'brand_id': 'deepseek', 'author_id': 'handle:LucyBscalE'} (logged to /Users/fuchitalee/development/minimax-marketing/x-monitoring/data/runs/2026-07-15/enum_dead_letter.jsonl)
dead-letter enum: family=role value='unknown' context={'table': 'brands_accounts', 'brand_id': 'deepseek', 'author_id': 'handle:AlbetNv'} (logged to /Users/fuchitalee/development/minimax-marketing/x-monitoring/data/runs/2026-07-15/enum_dead_letter.jsonl)
dead-letter enum: family=role value='unknown' context={'table': 'brands_accounts', 'brand_id': 'deepseek', 'author_id': 'handle:m_barenkamp'} (logged to /Users/fuchitalee/development/minimax-marketing/x-monitoring/data/runs/2026-07-15/enum_dead_letter.jsonl)
dead-letter enum: family=role value='unknown' context={'table': 'brands_accounts', 'brand_id': 'deepseek', 'author_id': 'handle:PythonZhu'} (logged to /Users/fuchitalee/development/minimax-marketing/x-monitoring/data/runs/2026-07-15/enum_dead_letter.jsonl)
dead-letter enum: family=role value='unknown' context={'table': 'brands_accounts', 'brand_id': 'deepseek', 'author_id': 'handle:wow_finwit'} (logged to /Users/fuchitalee/development/minimax-marketing/x-monitoring/data/runs/2026-07-15/enum_dead_letter.jsonl)
dead-letter enum: family=role value='unknown' context={'table': 'brands_accounts', 'brand_id': 'deepseek', 'author_id': 'handle:orgn_official'} (logged to /Users/fuchitalee/development/minimax-marketing/x-monitoring/data/runs/2026-07-15/enum_dead_letter.jsonl)
dead-letter enum: family=role value='unknown' context={'table': 'brands_accounts', 'brand_id': 'deepseek', 'author_id': 'handle:MiaAI_lab'} (logged to /Users/fuchitalee/development/minimax-marketing/x-monitoring/data/runs/2026-07-15/enum_dead_letter.jsonl)
dead-letter enum: family=role value='unknown' context={'table': 'brands_accounts', 'brand_id': 'deepseek', 'author_id': 'handle:jxi5410'} (logged to /Users/fuchitalee/development/minimax-marketing/x-monitoring/data/runs/2026-07-15/enum_dead_letter.jsonl)
dead-letter enum: family=role value='unknown' context={'table': 'brands_accounts', 'brand_id': 'deepseek', 'author_id': 'handle:CertainLogicAI'} (logged to /Users/fuchitalee/development/minimax-marketing/x-monitoring/data/runs/2026-07-15/enum_dead_letter.jsonl)
dead-letter enum: family=role value='unknown' context={'table': 'brands_accounts', 'brand_id': 'deepseek', 'author_id': 'handle:abhas_tweeter'} (logged to /Users/fuchitalee/development/minimax-marketing/x-monitoring/data/runs/2026-07-15/enum_dead_letter.jsonl)
dead-letter enum: family=role value='unknown' context={'table': 'brands_accounts', 'brand_id': 'deepseek', 'author_id': 'handle:AgorithmAg'} (logged to /Users/fuchitalee/development/minimax-marketing/x-monitoring/data/runs/2026-07-15/enum_dead_letter.jsonl)
dead-letter enum: family=role value='unknown' context={'table': 'brands_accounts', 'brand_id': 'deepseek', 'author_id': 'handle:Faild_democracy'} (logged to /Users/fuchitalee/development/minimax-marketing/x-monitoring/data/runs/2026-07-15/enum_dead_letter.jsonl)
dead-letter enum: family=role value='unknown' context={'table': 'brands_accounts', 'brand_id': 'deepseek', 'author_id': 'handle:MagratheanUK'} (logged to /Users/fuchitalee/development/minimax-marketing/x-monitoring/data/runs/2026-07-15/enum_dead_letter.jsonl)
dead-letter enum: family=role value='unknown' context={'table': 'brands_accounts', 'brand_id': 'deepseek', 'author_id': 'handle:Spacew3asel'} (logged to /Users/fuchitalee/development/minimax-marketing/x-monitoring/data/runs/2026-07-15/enum_dead_letter.jsonl)
dead-letter enum: family=role value='unknown' context={'table': 'brands_accounts', 'brand_id': 'deepseek', 'author_id': 'handle:omidsaffari'} (logged to /Users/fuchitalee/development/minimax-marketing/x-monitoring/data/runs/2026-07-15/enum_dead_letter.jsonl)
dead-letter enum: family=role value='unknown' context={'table': 'brands_accounts', 'brand_id': 'deepseek', 'author_id': 'handle:LindaGreyHill'} (logged to /Users/fuchitalee/development/minimax-marketing/x-monitoring/data/runs/2026-07-15/enum_dead_letter.jsonl)
dead-letter enum: family=role value='unknown' context={'table': 'brands_accounts', 'brand_id': 'deepseek', 'author_id': 'handle:damdandusmus'} (logged to /Users/fuchitalee/development/minimax-marketing/x-monitoring/data/runs/2026-07-15/enum_dead_letter.jsonl)
dead-letter enum: family=role value='unknown' context={'table': 'brands_accounts', 'brand_id': 'deepseek', 'author_id': 'handle:JedFrankowski'} (logged to /Users/fuchitalee/development/minimax-marketing/x-monitoring/data/runs/2026-07-15/enum_dead_letter.jsonl)
dead-letter enum: family=role value='unknown' context={'table': 'brands_accounts', 'brand_id': 'deepseek', 'author_id': 'handle:DonRumataEstor'} (logged to /Users/fuchitalee/development/minimax-marketing/x-monitoring/data/runs/2026-07-15/enum_dead_letter.jsonl)
dead-letter enum: family=role value='unknown' context={'table': 'brands_accounts', 'brand_id': 'deepseek', 'author_id': 'handle:dockportx'} (logged to /Users/fuchitalee/development/minimax-marketing/x-monitoring/data/runs/2026-07-15/enum_dead_letter.jsonl)
dead-letter enum: family=role value='unknown' context={'table': 'brands_accounts', 'brand_id': 'deepseek', 'author_id': 'handle:superdoccimo'} (logged to /Users/fuchitalee/development/minimax-marketing/x-monitoring/data/runs/2026-07-15/enum_dead_letter.jsonl)
dead-letter enum: family=role value='unknown' context={'table': 'brands_accounts', 'brand_id': 'deepseek', 'author_id': 'handle:worztm'} (logged to /Users/fuchitalee/development/minimax-marketing/x-monitoring/data/runs/2026-07-15/enum_dead_letter.jsonl)
dead-letter enum: family=role value='unknown' context={'table': 'brands_accounts', 'brand_id': 'deepseek', 'author_id': 'handle:NateLuis8'} (logged to /Users/fuchitalee/development/minimax-marketing/x-monitoring/data/runs/2026-07-15/enum_dead_letter.jsonl)
dead-letter enum: family=role value='unknown' context={'table': 'brands_accounts', 'brand_id': 'deepseek', 'author_id': 'handle:GeekParkHQ'} (logged to /Users/fuchitalee/development/minimax-marketing/x-monitoring/data/runs/2026-07-15/enum_dead_letter.jsonl)
dead-letter enum: family=role value='unknown' context={'table': 'brands_accounts', 'brand_id': 'deepseek', 'author_id': 'handle:vernons'} (logged to /Users/fuchitalee/development/minimax-marketing/x-monitoring/data/runs/2026-07-15/enum_dead_letter.jsonl)
dead-letter enum: family=role value='unknown' context={'table': 'brands_accounts', 'brand_id': 'deepseek', 'author_id': 'handle:romir_jain'} (logged to /Users/fuchitalee/development/minimax-marketing/x-monitoring/data/runs/2026-07-15/enum_dead_letter.jsonl)
dead-letter enum: family=role value='unknown' context={'table': 'brands_accounts', 'brand_id': 'deepseek', 'author_id': 'handle:emocentrik'} (logged to /Users/fuchitalee/development/minimax-marketing/x-monitoring/data/runs/2026-07-15/enum_dead_letter.jsonl)
dead-letter enum: family=role value='unknown' context={'table': 'brands_accounts', 'brand_id': 'deepseek', 'author_id': 'handle:pai12468'} (logged to /Users/fuchitalee/development/minimax-marketing/x-monitoring/data/runs/2026-07-15/enum_dead_letter.jsonl)
dead-letter enum: family=role value='unknown' context={'table': 'brands_accounts', 'brand_id': 'deepseek', 'author_id': 'handle:RetroCoderX'} (logged to /Users/fuchitalee/development/minimax-marketing/x-monitoring/data/runs/2026-07-15/enum_dead_letter.jsonl)
dead-letter enum: family=role value='unknown' context={'table': 'brands_accounts', 'brand_id': 'deepseek', 'author_id': 'handle:air_codex'} (logged to /Users/fuchitalee/development/minimax-marketing/x-monitoring/data/runs/2026-07-15/enum_dead_letter.jsonl)
dead-letter enum: family=role value='unknown' context={'table': 'brands_accounts', 'brand_id': 'deepseek', 'author_id': 'handle:EOTW2024'} (logged to /Users/fuchitalee/development/minimax-marketing/x-monitoring/data/runs/2026-07-15/enum_dead_letter.jsonl)
dead-letter enum: family=role value='unknown' context={'table': 'brands_accounts', 'brand_id': 'deepseek', 'author_id': 'handle:excel_wang'} (logged to /Users/fuchitalee/development/minimax-marketing/x-monitoring/data/runs/2026-07-15/enum_dead_letter.jsonl)
dead-letter enum: family=role value='unknown' context={'table': 'brands_accounts', 'brand_id': 'deepseek', 'author_id': 'handle:vimalbudsz'} (logged to /Users/fuchitalee/development/minimax-marketing/x-monitoring/data/runs/2026-07-15/enum_dead_letter.jsonl)
dead-letter enum: family=role value='unknown' context={'table': 'brands_accounts', 'brand_id': 'deepseek', 'author_id': 'handle:ihxnnxs'} (logged to /Users/fuchitalee/development/minimax-marketing/x-monitoring/data/runs/2026-07-15/enum_dead_letter.jsonl)
dead-letter enum: family=role value='unknown' context={'table': 'brands_accounts', 'brand_id': 'deepseek', 'author_id': 'handle:TEN1010_io'} (logged to /Users/fuchitalee/development/minimax-marketing/x-monitoring/data/runs/2026-07-15/enum_dead_letter.jsonl)
dead-letter enum: family=role value='unknown' context={'table': 'brands_accounts', 'brand_id': 'deepseek', 'author_id': 'handle:k_sze'} (logged to /Users/fuchitalee/development/minimax-marketing/x-monitoring/data/runs/2026-07-15/enum_dead_letter.jsonl)
dead-letter enum: family=role value='unknown' context={'table': 'brands_accounts', 'brand_id': 'deepseek', 'author_id': 'handle:Nephren__Ka'} (logged to /Users/fuchitalee/development/minimax-marketing/x-monitoring/data/runs/2026-07-15/enum_dead_letter.jsonl)
dead-letter enum: family=role value='unknown' context={'table': 'brands_accounts', 'brand_id': 'deepseek', 'author_id': 'handle:JasonZX'} (logged to /Users/fuchitalee/development/minimax-marketing/x-monitoring/data/runs/2026-07-15/enum_dead_letter.jsonl)
dead-letter enum: family=role value='unknown' context={'table': 'brands_accounts', 'brand_id': 'deepseek', 'author_id': 'handle:RHInvestments17'} (logged to /Users/fuchitalee/development/minimax-marketing/x-monitoring/data/runs/2026-07-15/enum_dead_letter.jsonl)
dead-letter enum: family=role value='unknown' context={'table': 'brands_accounts', 'brand_id': 'deepseek', 'author_id': 'handle:anuntrapid_auto'} (logged to /Users/fuchitalee/development/minimax-marketing/x-monitoring/data/runs/2026-07-15/enum_dead_letter.jsonl)
dead-letter enum: family=role value='unknown' context={'table': 'brands_accounts', 'brand_id': 'deepseek', 'author_id': 'handle:SpaceFutur30'} (logged to /Users/fuchitalee/development/minimax-marketing/x-monitoring/data/runs/2026-07-15/enum_dead_letter.jsonl)
dead-letter enum: family=role value='unknown' context={'table': 'brands_accounts', 'brand_id': 'deepseek', 'author_id': 'handle:ronbmp'} (logged to /Users/fuchitalee/development/minimax-marketing/x-monitoring/data/runs/2026-07-15/enum_dead_letter.jsonl)
dead-letter enum: family=role value='unknown' context={'table': 'brands_accounts', 'brand_id': 'deepseek', 'author_id': 'handle:dayiakadijital'} (logged to /Users/fuchitalee/development/minimax-marketing/x-monitoring/data/runs/2026-07-15/enum_dead_letter.jsonl)
dead-letter enum: family=role value='unknown' context={'table': 'brands_accounts', 'brand_id': 'deepseek', 'author_id': 'handle:BiteyeCN'} (logged to /Users/fuchitalee/development/minimax-marketing/x-monitoring/data/runs/2026-07-15/enum_dead_letter.jsonl)
dead-letter enum: family=role value='unknown' context={'table': 'brands_accounts', 'brand_id': 'deepseek', 'author_id': 'handle:ehsan_denton'} (logged to /Users/fuchitalee/development/minimax-marketing/x-monitoring/data/runs/2026-07-15/enum_dead_letter.jsonl)
dead-letter enum: family=role value='unknown' context={'table': 'brands_accounts', 'brand_id': 'deepseek', 'author_id': 'handle:Levi_Researcher'} (logged to /Users/fuchitalee/development/minimax-marketing/x-monitoring/data/runs/2026-07-15/enum_dead_letter.jsonl)
dead-letter enum: family=role value='unknown' context={'table': 'brands_accounts', 'brand_id': 'deepseek', 'author_id': 'handle:mr3673'} (logged to /Users/fuchitalee/development/minimax-marketing/x-monitoring/data/runs/2026-07-15/enum_dead_letter.jsonl)
dead-letter enum: family=role value='unknown' context={'table': 'brands_accounts', 'brand_id': 'deepseek', 'author_id': 'handle:gauthampai'} (logged to /Users/fuchitalee/development/minimax-marketing/x-monitoring/data/runs/2026-07-15/enum_dead_letter.jsonl)
dead-letter enum: family=role value='unknown' context={'table': 'brands_accounts', 'brand_id': 'deepseek', 'author_id': 'handle:EcoDogLover'} (logged to /Users/fuchitalee/development/minimax-marketing/x-monitoring/data/runs/2026-07-15/enum_dead_letter.jsonl)
dead-letter enum: family=role value='unknown' context={'table': 'brands_accounts', 'brand_id': 'deepseek', 'author_id': 'handle:StudentOffersHQ'} (logged to /Users/fuchitalee/development/minimax-marketing/x-monitoring/data/runs/2026-07-15/enum_dead_letter.jsonl)
dead-letter enum: family=role value='unknown' context={'table': 'brands_accounts', 'brand_id': 'deepseek', 'author_id': 'handle:0xVeil'} (logged to /Users/fuchitalee/development/minimax-marketing/x-monitoring/data/runs/2026-07-15/enum_dead_letter.jsonl)
dead-letter enum: family=role value='unknown' context={'table': 'brands_accounts', 'brand_id': 'deepseek', 'author_id': 'handle:bookwormengr'} (logged to /Users/fuchitalee/development/minimax-marketing/x-monitoring/data/runs/2026-07-15/enum_dead_letter.jsonl)
dead-letter enum: family=role value='unknown' context={'table': 'brands_accounts', 'brand_id': 'deepseek', 'author_id': 'handle:Zcashsensei'} (logged to /Users/fuchitalee/development/minimax-marketing/x-monitoring/data/runs/2026-07-15/enum_dead_letter.jsonl)
dead-letter enum: family=role value='unknown' context={'table': 'brands_accounts', 'brand_id': 'deepseek', 'author_id': 'handle:Openbear23'} (logged to /Users/fuchitalee/development/minimax-marketing/x-monitoring/data/runs/2026-07-15/enum_dead_letter.jsonl)
dead-letter enum: family=role value='unknown' context={'table': 'brands_accounts', 'brand_id': 'deepseek', 'author_id': 'handle:Rational_Answer'} (logged to /Users/fuchitalee/development/minimax-marketing/x-monitoring/data/runs/2026-07-15/enum_dead_letter.jsonl)
dead-letter enum: family=role value='unknown' context={'table': 'brands_accounts', 'brand_id': 'deepseek', 'author_id': 'handle:mindinpanic'} (logged to /Users/fuchitalee/development/minimax-marketing/x-monitoring/data/runs/2026-07-15/enum_dead_letter.jsonl)
dead-letter enum: family=role value='unknown' context={'table': 'brands_accounts', 'brand_id': 'deepseek', 'author_id': 'handle:D_JohansenX'} (logged to /Users/fuchitalee/development/minimax-marketing/x-monitoring/data/runs/2026-07-15/enum_dead_letter.jsonl)
dead-letter enum: family=role value='unknown' context={'table': 'brands_accounts', 'brand_id': 'deepseek', 'author_id': 'handle:lPosumA0209'} (logged to /Users/fuchitalee/development/minimax-marketing/x-monitoring/data/runs/2026-07-15/enum_dead_letter.jsonl)
dead-letter enum: family=role value='unknown' context={'table': 'brands_accounts', 'brand_id': 'deepseek', 'author_id': 'handle:JohnPorter67985'} (logged to /Users/fuchitalee/development/minimax-marketing/x-monitoring/data/runs/2026-07-15/enum_dead_letter.jsonl)
dead-letter enum: family=role value='unknown' context={'table': 'brands_accounts', 'brand_id': 'deepseek', 'author_id': 'handle:fecolinhares'} (logged to /Users/fuchitalee/development/minimax-marketing/x-monitoring/data/runs/2026-07-15/enum_dead_letter.jsonl)
dead-letter enum: family=role value='unknown' context={'table': 'brands_accounts', 'brand_id': 'deepseek', 'author_id': 'handle:yinpengxuan'} (logged to /Users/fuchitalee/development/minimax-marketing/x-monitoring/data/runs/2026-07-15/enum_dead_letter.jsonl)
dead-letter enum: family=role value='unknown' context={'table': 'brands_accounts', 'brand_id': 'deepseek', 'author_id': 'handle:ankit2119'} (logged to /Users/fuchitalee/development/minimax-marketing/x-monitoring/data/runs/2026-07-15/enum_dead_letter.jsonl)
dead-letter enum: family=role value='unknown' context={'table': 'brands_accounts', 'brand_id': 'deepseek', 'author_id': 'handle:bt_sofia_ai'} (logged to /Users/fuchitalee/development/minimax-marketing/x-monitoring/data/runs/2026-07-15/enum_dead_letter.jsonl)
dead-letter enum: family=role value='unknown' context={'table': 'brands_accounts', 'brand_id': 'deepseek', 'author_id': 'handle:NFTMansa'} (logged to /Users/fuchitalee/development/minimax-marketing/x-monitoring/data/runs/2026-07-15/enum_dead_letter.jsonl)
dead-letter enum: family=role value='unknown' context={'table': 'brands_accounts', 'brand_id': 'deepseek', 'author_id': 'handle:Lucke_SCCP'} (logged to /Users/fuchitalee/development/minimax-marketing/x-monitoring/data/runs/2026-07-15/enum_dead_letter.jsonl)
dead-letter enum: family=role value='unknown' context={'table': 'brands_accounts', 'brand_id': 'deepseek', 'author_id': 'handle:0xgunboats'} (logged to /Users/fuchitalee/development/minimax-marketing/x-monitoring/data/runs/2026-07-15/enum_dead_letter.jsonl)
dead-letter enum: family=role value='unknown' context={'table': 'brands_accounts', 'brand_id': 'deepseek', 'author_id': 'handle:waefrebeorn'} (logged to /Users/fuchitalee/development/minimax-marketing/x-monitoring/data/runs/2026-07-15/enum_dead_letter.jsonl)
dead-letter enum: family=role value='unknown' context={'table': 'brands_accounts', 'brand_id': 'deepseek', 'author_id': 'handle:pankajkharode'} (logged to /Users/fuchitalee/development/minimax-marketing/x-monitoring/data/runs/2026-07-15/enum_dead_letter.jsonl)
dead-letter enum: family=role value='unknown' context={'table': 'brands_accounts', 'brand_id': 'deepseek', 'author_id': 'handle:imog'} (logged to /Users/fuchitalee/development/minimax-marketing/x-monitoring/data/runs/2026-07-15/enum_dead_letter.jsonl)
dead-letter enum: family=role value='unknown' context={'table': 'brands_accounts', 'brand_id': 'deepseek', 'author_id': 'handle:eliebakouch'} (logged to /Users/fuchitalee/development/minimax-marketing/x-monitoring/data/runs/2026-07-15/enum_dead_letter.jsonl)
dead-letter enum: family=role value='unknown' context={'table': 'brands_accounts', 'brand_id': 'deepseek', 'author_id': 'handle:potencytoact'} (logged to /Users/fuchitalee/development/minimax-marketing/x-monitoring/data/runs/2026-07-15/enum_dead_letter.jsonl)
dead-letter enum: family=role value='unknown' context={'table': 'brands_accounts', 'brand_id': 'deepseek', 'author_id': 'handle:NeoAIForecast'} (logged to /Users/fuchitalee/development/minimax-marketing/x-monitoring/data/runs/2026-07-15/enum_dead_letter.jsonl)
dead-letter enum: family=role value='unknown' context={'table': 'brands_accounts', 'brand_id': 'deepseek', 'author_id': 'handle:_pasadenian_'} (logged to /Users/fuchitalee/development/minimax-marketing/x-monitoring/data/runs/2026-07-15/enum_dead_letter.jsonl)
dead-letter enum: family=role value='unknown' context={'table': 'brands_accounts', 'brand_id': 'deepseek', 'author_id': 'handle:nasdaqpapi'} (logged to /Users/fuchitalee/development/minimax-marketing/x-monitoring/data/runs/2026-07-15/enum_dead_letter.jsonl)
dead-letter enum: family=role value='unknown' context={'table': 'brands_accounts', 'brand_id': 'deepseek', 'author_id': 'handle:arcade_meta'} (logged to /Users/fuchitalee/development/minimax-marketing/x-monitoring/data/runs/2026-07-15/enum_dead_letter.jsonl)
dead-letter enum: family=role value='unknown' context={'table': 'brands_accounts', 'brand_id': 'deepseek', 'author_id': 'handle:failclosedgirl'} (logged to /Users/fuchitalee/development/minimax-marketing/x-monitoring/data/runs/2026-07-15/enum_dead_letter.jsonl)
dead-letter enum: family=role value='unknown' context={'table': 'brands_accounts', 'brand_id': 'deepseek', 'author_id': 'handle:ice_bearcute'} (logged to /Users/fuchitalee/development/minimax-marketing/x-monitoring/data/runs/2026-07-15/enum_dead_letter.jsonl)
dead-letter enum: family=role value='unknown' context={'table': 'brands_accounts', 'brand_id': 'deepseek', 'author_id': 'handle:inlovewithgo'} (logged to /Users/fuchitalee/development/minimax-marketing/x-monitoring/data/runs/2026-07-15/enum_dead_letter.jsonl)
dead-letter enum: family=role value='unknown' context={'table': 'brands_accounts', 'brand_id': 'deepseek', 'author_id': 'handle:MrAhmadAwais'} (logged to /Users/fuchitalee/development/minimax-marketing/x-monitoring/data/runs/2026-07-15/enum_dead_letter.jsonl)
dead-letter enum: family=role value='unknown' context={'table': 'brands_accounts', 'brand_id': 'deepseek', 'author_id': 'handle:ShooterEnjoyer'} (logged to /Users/fuchitalee/development/minimax-marketing/x-monitoring/data/runs/2026-07-15/enum_dead_letter.jsonl)
dead-letter enum: family=role value='unknown' context={'table': 'brands_accounts', 'brand_id': 'deepseek', 'author_id': 'handle:twinks0ut'} (logged to /Users/fuchitalee/development/minimax-marketing/x-monitoring/data/runs/2026-07-15/enum_dead_letter.jsonl)
dead-letter enum: family=role value='unknown' context={'table': 'brands_accounts', 'brand_id': 'deepseek', 'author_id': 'handle:Ftrades1'} (logged to /Users/fuchitalee/development/minimax-marketing/x-monitoring/data/runs/2026-07-15/enum_dead_letter.jsonl)
dead-letter enum: family=role value='unknown' context={'table': 'brands_accounts', 'brand_id': 'deepseek', 'author_id': 'handle:cb_swartz_art'} (logged to /Users/fuchitalee/development/minimax-marketing/x-monitoring/data/runs/2026-07-15/enum_dead_letter.jsonl)
dead-letter enum: family=role value='unknown' context={'table': 'brands_accounts', 'brand_id': 'deepseek', 'author_id': 'handle:HawkChainETH'} (logged to /Users/fuchitalee/development/minimax-marketing/x-monitoring/data/runs/2026-07-15/enum_dead_letter.jsonl)
dead-letter enum: family=role value='unknown' context={'table': 'brands_accounts', 'brand_id': 'deepseek', 'author_id': 'handle:victor_zhng'} (logged to /Users/fuchitalee/development/minimax-marketing/x-monitoring/data/runs/2026-07-15/enum_dead_letter.jsonl)
dead-letter enum: family=role value='unknown' context={'table': 'brands_accounts', 'brand_id': 'deepseek', 'author_id': 'handle:CCryptoTraders'} (logged to /Users/fuchitalee/development/minimax-marketing/x-monitoring/data/runs/2026-07-15/enum_dead_letter.jsonl)
dead-letter enum: family=role value='unknown' context={'table': 'brands_accounts', 'brand_id': 'deepseek', 'author_id': 'handle:EngMoElgaraihy'} (logged to /Users/fuchitalee/development/minimax-marketing/x-monitoring/data/runs/2026-07-15/enum_dead_letter.jsonl)
dead-letter enum: family=role value='unknown' context={'table': 'brands_accounts', 'brand_id': 'deepseek', 'author_id': 'handle:rezmeram'} (logged to /Users/fuchitalee/development/minimax-marketing/x-monitoring/data/runs/2026-07-15/enum_dead_letter.jsonl)
dead-letter enum: family=role value='unknown' context={'table': 'brands_accounts', 'brand_id': 'deepseek', 'author_id': 'handle:ApplyWiseAi'} (logged to /Users/fuchitalee/development/minimax-marketing/x-monitoring/data/runs/2026-07-15/enum_dead_letter.jsonl)
dead-letter enum: family=role value='unknown' context={'table': 'brands_accounts', 'brand_id': 'deepseek', 'author_id': 'handle:MichaelHutu'} (logged to /Users/fuchitalee/development/minimax-marketing/x-monitoring/data/runs/2026-07-15/enum_dead_letter.jsonl)
dead-letter enum: family=role value='unknown' context={'table': 'brands_accounts', 'brand_id': 'deepseek', 'author_id': 'handle:tianyi'} (logged to /Users/fuchitalee/development/minimax-marketing/x-monitoring/data/runs/2026-07-15/enum_dead_letter.jsonl)
dead-letter enum: family=role value='unknown' context={'table': 'brands_accounts', 'brand_id': 'deepseek', 'author_id': 'handle:theisbuilds'} (logged to /Users/fuchitalee/development/minimax-marketing/x-monitoring/data/runs/2026-07-15/enum_dead_letter.jsonl)
dead-letter enum: family=role value='unknown' context={'table': 'brands_accounts', 'brand_id': 'deepseek', 'author_id': 'handle:henku'} (logged to /Users/fuchitalee/development/minimax-marketing/x-monitoring/data/runs/2026-07-15/enum_dead_letter.jsonl)
dead-letter enum: family=role value='unknown' context={'table': 'brands_accounts', 'brand_id': 'deepseek', 'author_id': 'handle:Debian9579'} (logged to /Users/fuchitalee/development/minimax-marketing/x-monitoring/data/runs/2026-07-15/enum_dead_letter.jsonl)
dead-letter enum: family=role value='unknown' context={'table': 'brands_accounts', 'brand_id': 'deepseek', 'author_id': 'handle:Lintilla369'} (logged to /Users/fuchitalee/development/minimax-marketing/x-monitoring/data/runs/2026-07-15/enum_dead_letter.jsonl)
dead-letter enum: family=role value='unknown' context={'table': 'brands_accounts', 'brand_id': 'deepseek', 'author_id': 'handle:Blau34'} (logged to /Users/fuchitalee/development/minimax-marketing/x-monitoring/data/runs/2026-07-15/enum_dead_letter.jsonl)
dead-letter enum: family=role value='unknown' context={'table': 'brands_accounts', 'brand_id': 'deepseek', 'author_id': 'handle:mxfp4'} (logged to /Users/fuchitalee/development/minimax-marketing/x-monitoring/data/runs/2026-07-15/enum_dead_letter.jsonl)
dead-letter enum: family=role value='unknown' context={'table': 'brands_accounts', 'brand_id': 'deepseek', 'author_id': 'handle:DanutPralea'} (logged to /Users/fuchitalee/development/minimax-marketing/x-monitoring/data/runs/2026-07-15/enum_dead_letter.jsonl)
dead-letter enum: family=role value='unknown' context={'table': 'brands_accounts', 'brand_id': 'deepseek', 'author_id': 'handle:_virgil19'} (logged to /Users/fuchitalee/development/minimax-marketing/x-monitoring/data/runs/2026-07-15/enum_dead_letter.jsonl)
dead-letter enum: family=role value='unknown' context={'table': 'brands_accounts', 'brand_id': 'deepseek', 'author_id': 'handle:SnuSnu53'} (logged to /Users/fuchitalee/development/minimax-marketing/x-monitoring/data/runs/2026-07-15/enum_dead_letter.jsonl)
dead-letter enum: family=role value='unknown' context={'table': 'brands_accounts', 'brand_id': 'deepseek', 'author_id': 'handle:Rouge_Encore'} (logged to /Users/fuchitalee/development/minimax-marketing/x-monitoring/data/runs/2026-07-15/enum_dead_letter.jsonl)
dead-letter enum: family=role value='unknown' context={'table': 'brands_accounts', 'brand_id': 'deepseek', 'author_id': 'handle:issono_takash1'} (logged to /Users/fuchitalee/development/minimax-marketing/x-monitoring/data/runs/2026-07-15/enum_dead_letter.jsonl)
dead-letter enum: family=role value='unknown' context={'table': 'brands_accounts', 'brand_id': 'deepseek', 'author_id': 'handle:TheAlbatrossDid'} (logged to /Users/fuchitalee/development/minimax-marketing/x-monitoring/data/runs/2026-07-15/enum_dead_letter.jsonl)
dead-letter enum: family=role value='unknown' context={'table': 'brands_accounts', 'brand_id': 'deepseek', 'author_id': 'handle:devmagro'} (logged to /Users/fuchitalee/development/minimax-marketing/x-monitoring/data/runs/2026-07-15/enum_dead_letter.jsonl)
dead-letter enum: family=role value='unknown' context={'table': 'brands_accounts', 'brand_id': 'deepseek', 'author_id': 'handle:Paul_Gaspais'} (logged to /Users/fuchitalee/development/minimax-marketing/x-monitoring/data/runs/2026-07-15/enum_dead_letter.jsonl)
dead-letter enum: family=role value='unknown' context={'table': 'brands_accounts', 'brand_id': 'deepseek', 'author_id': 'handle:wire9000'} (logged to /Users/fuchitalee/development/minimax-marketing/x-monitoring/data/runs/2026-07-15/enum_dead_letter.jsonl)
dead-letter enum: family=role value='unknown' context={'table': 'brands_accounts', 'brand_id': 'deepseek', 'author_id': 'handle:foryouyeji'} (logged to /Users/fuchitalee/development/minimax-marketing/x-monitoring/data/runs/2026-07-15/enum_dead_letter.jsonl)
dead-letter enum: family=role value='unknown' context={'table': 'brands_accounts', 'brand_id': 'deepseek', 'author_id': 'handle:GuyBarnett99830'} (logged to /Users/fuchitalee/development/minimax-marketing/x-monitoring/data/runs/2026-07-15/enum_dead_letter.jsonl)
dead-letter enum: family=role value='unknown' context={'table': 'brands_accounts', 'brand_id': 'deepseek', 'author_id': 'handle:lucky_icon38545'} (logged to /Users/fuchitalee/development/minimax-marketing/x-monitoring/data/runs/2026-07-15/enum_dead_letter.jsonl)
dead-letter enum: family=role value='unknown' context={'table': 'brands_accounts', 'brand_id': 'deepseek', 'author_id': 'handle:siriusblack9999'} (logged to /Users/fuchitalee/development/minimax-marketing/x-monitoring/data/runs/2026-07-15/enum_dead_letter.jsonl)
dead-letter enum: family=role value='unknown' context={'table': 'brands_accounts', 'brand_id': 'deepseek', 'author_id': 'handle:franktheglock'} (logged to /Users/fuchitalee/development/minimax-marketing/x-monitoring/data/runs/2026-07-15/enum_dead_letter.jsonl)
dead-letter enum: family=role value='unknown' context={'table': 'brands_accounts', 'brand_id': 'deepseek', 'author_id': 'handle:ohhsotheysay'} (logged to /Users/fuchitalee/development/minimax-marketing/x-monitoring/data/runs/2026-07-15/enum_dead_letter.jsonl)
dead-letter enum: family=role value='unknown' context={'table': 'brands_accounts', 'brand_id': 'deepseek', 'author_id': 'handle:TheGeorgePu'} (logged to /Users/fuchitalee/development/minimax-marketing/x-monitoring/data/runs/2026-07-15/enum_dead_letter.jsonl)
dead-letter enum: family=role value='unknown' context={'table': 'brands_accounts', 'brand_id': 'deepseek', 'author_id': 'handle:0xUdercidae'} (logged to /Users/fuchitalee/development/minimax-marketing/x-monitoring/data/runs/2026-07-15/enum_dead_letter.jsonl)
dead-letter enum: family=role value='unknown' context={'table': 'brands_accounts', 'brand_id': 'deepseek', 'author_id': 'handle:lyc_aon'} (logged to /Users/fuchitalee/development/minimax-marketing/x-monitoring/data/runs/2026-07-15/enum_dead_letter.jsonl)
dead-letter enum: family=role value='unknown' context={'table': 'brands_accounts', 'brand_id': 'deepseek', 'author_id': 'handle:siulrazima70985'} (logged to /Users/fuchitalee/development/minimax-marketing/x-monitoring/data/runs/2026-07-15/enum_dead_letter.jsonl)
dead-letter enum: family=role value='unknown' context={'table': 'brands_accounts', 'brand_id': 'deepseek', 'author_id': 'handle:ltsyen'} (logged to /Users/fuchitalee/development/minimax-marketing/x-monitoring/data/runs/2026-07-15/enum_dead_letter.jsonl)
dead-letter enum: family=role value='unknown' context={'table': 'brands_accounts', 'brand_id': 'deepseek', 'author_id': 'handle:0xHoward_Peng'} (logged to /Users/fuchitalee/development/minimax-marketing/x-monitoring/data/runs/2026-07-15/enum_dead_letter.jsonl)
dead-letter enum: family=role value='unknown' context={'table': 'brands_accounts', 'brand_id': 'deepseek', 'author_id': 'handle:THE_ONE_NN'} (logged to /Users/fuchitalee/development/minimax-marketing/x-monitoring/data/runs/2026-07-15/enum_dead_letter.jsonl)
dead-letter enum: family=role value='unknown' context={'table': 'brands_accounts', 'brand_id': 'deepseek', 'author_id': 'handle:Alok_0x'} (logged to /Users/fuchitalee/development/minimax-marketing/x-monitoring/data/runs/2026-07-15/enum_dead_letter.jsonl)
dead-letter enum: family=role value='unknown' context={'table': 'brands_accounts', 'brand_id': 'deepseek', 'author_id': 'handle:gaven4'} (logged to /Users/fuchitalee/development/minimax-marketing/x-monitoring/data/runs/2026-07-15/enum_dead_letter.jsonl)
dead-letter enum: family=role value='unknown' context={'table': 'brands_accounts', 'brand_id': 'deepseek', 'author_id': 'handle:zhihexy'} (logged to /Users/fuchitalee/development/minimax-marketing/x-monitoring/data/runs/2026-07-15/enum_dead_letter.jsonl)
dead-letter enum: family=role value='unknown' context={'table': 'brands_accounts', 'brand_id': 'deepseek', 'author_id': 'handle:asd63539'} (logged to /Users/fuchitalee/development/minimax-marketing/x-monitoring/data/runs/2026-07-15/enum_dead_letter.jsonl)
dead-letter enum: family=role value='unknown' context={'table': 'brands_accounts', 'brand_id': 'deepseek', 'author_id': 'handle:TMO_22_'} (logged to /Users/fuchitalee/development/minimax-marketing/x-monitoring/data/runs/2026-07-15/enum_dead_letter.jsonl)
dead-letter enum: family=role value='unknown' context={'table': 'brands_accounts', 'brand_id': 'deepseek', 'author_id': 'handle:cinamyn'} (logged to /Users/fuchitalee/development/minimax-marketing/x-monitoring/data/runs/2026-07-15/enum_dead_letter.jsonl)
dead-letter enum: family=role value='unknown' context={'table': 'brands_accounts', 'brand_id': 'deepseek', 'author_id': 'handle:NFTreeVerse'} (logged to /Users/fuchitalee/development/minimax-marketing/x-monitoring/data/runs/2026-07-15/enum_dead_letter.jsonl)
dead-letter enum: family=role value='unknown' context={'table': 'brands_accounts', 'brand_id': 'deepseek', 'author_id': 'handle:stevehou'} (logged to /Users/fuchitalee/development/minimax-marketing/x-monitoring/data/runs/2026-07-15/enum_dead_letter.jsonl)
dead-letter enum: family=role value='unknown' context={'table': 'brands_accounts', 'brand_id': 'deepseek', 'author_id': 'handle:FinEngineer77'} (logged to /Users/fuchitalee/development/minimax-marketing/x-monitoring/data/runs/2026-07-15/enum_dead_letter.jsonl)
dead-letter enum: family=role value='unknown' context={'table': 'brands_accounts', 'brand_id': 'deepseek', 'author_id': 'handle:Akasheth_'} (logged to /Users/fuchitalee/development/minimax-marketing/x-monitoring/data/runs/2026-07-15/enum_dead_letter.jsonl)
dead-letter enum: family=role value='unknown' context={'table': 'brands_accounts', 'brand_id': 'deepseek', 'author_id': 'handle:vibeman_0'} (logged to /Users/fuchitalee/development/minimax-marketing/x-monitoring/data/runs/2026-07-15/enum_dead_letter.jsonl)
dead-letter enum: family=role value='unknown' context={'table': 'brands_accounts', 'brand_id': 'deepseek', 'author_id': 'handle:Randybobu'} (logged to /Users/fuchitalee/development/minimax-marketing/x-monitoring/data/runs/2026-07-15/enum_dead_letter.jsonl)
dead-letter enum: family=role value='unknown' context={'table': 'brands_accounts', 'brand_id': 'deepseek', 'author_id': 'handle:solomonbotchway'} (logged to /Users/fuchitalee/development/minimax-marketing/x-monitoring/data/runs/2026-07-15/enum_dead_letter.jsonl)
dead-letter enum: family=role value='unknown' context={'table': 'brands_accounts', 'brand_id': 'deepseek', 'author_id': 'handle:mroe1492'} (logged to /Users/fuchitalee/development/minimax-marketing/x-monitoring/data/runs/2026-07-15/enum_dead_letter.jsonl)
dead-letter enum: family=role value='unknown' context={'table': 'brands_accounts', 'brand_id': 'deepseek', 'author_id': 'handle:clanker_'} (logged to /Users/fuchitalee/development/minimax-marketing/x-monitoring/data/runs/2026-07-15/enum_dead_letter.jsonl)
dead-letter enum: family=role value='unknown' context={'table': 'brands_accounts', 'brand_id': 'deepseek', 'author_id': 'handle:Shoestring_Lab'} (logged to /Users/fuchitalee/development/minimax-marketing/x-monitoring/data/runs/2026-07-15/enum_dead_letter.jsonl)
dead-letter enum: family=role value='unknown' context={'table': 'brands_accounts', 'brand_id': 'deepseek', 'author_id': 'handle:dev_maims'} (logged to /Users/fuchitalee/development/minimax-marketing/x-monitoring/data/runs/2026-07-15/enum_dead_letter.jsonl)
dead-letter enum: family=role value='unknown' context={'table': 'brands_accounts', 'brand_id': 'deepseek', 'author_id': 'handle:ersinkoc'} (logged to /Users/fuchitalee/development/minimax-marketing/x-monitoring/data/runs/2026-07-15/enum_dead_letter.jsonl)
dead-letter enum: family=role value='unknown' context={'table': 'brands_accounts', 'brand_id': 'deepseek', 'author_id': 'handle:MancerAI_'} (logged to /Users/fuchitalee/development/minimax-marketing/x-monitoring/data/runs/2026-07-15/enum_dead_letter.jsonl)
dead-letter enum: family=role value='unknown' context={'table': 'brands_accounts', 'brand_id': 'deepseek', 'author_id': 'handle:lordtechytro'} (logged to /Users/fuchitalee/development/minimax-marketing/x-monitoring/data/runs/2026-07-15/enum_dead_letter.jsonl)
dead-letter enum: family=role value='unknown' context={'table': 'brands_accounts', 'brand_id': 'deepseek', 'author_id': 'handle:4thinfected'} (logged to /Users/fuchitalee/development/minimax-marketing/x-monitoring/data/runs/2026-07-15/enum_dead_letter.jsonl)
dead-letter enum: family=role value='unknown' context={'table': 'brands_accounts', 'brand_id': 'deepseek', 'author_id': 'handle:AmanBra67691202'} (logged to /Users/fuchitalee/development/minimax-marketing/x-monitoring/data/runs/2026-07-15/enum_dead_letter.jsonl)
dead-letter enum: family=role value='unknown' context={'table': 'brands_accounts', 'brand_id': 'deepseek', 'author_id': 'handle:saraaaa_adc'} (logged to /Users/fuchitalee/development/minimax-marketing/x-monitoring/data/runs/2026-07-15/enum_dead_letter.jsonl)
dead-letter enum: family=role value='unknown' context={'table': 'brands_accounts', 'brand_id': 'deepseek', 'author_id': 'handle:inglesuk'} (logged to /Users/fuchitalee/development/minimax-marketing/x-monitoring/data/runs/2026-07-15/enum_dead_letter.jsonl)
dead-letter enum: family=role value='unknown' context={'table': 'brands_accounts', 'brand_id': 'deepseek', 'author_id': 'handle:wahabi92013848'} (logged to /Users/fuchitalee/development/minimax-marketing/x-monitoring/data/runs/2026-07-15/enum_dead_letter.jsonl)
dead-letter enum: family=role value='unknown' context={'table': 'brands_accounts', 'brand_id': 'deepseek', 'author_id': 'handle:Shivam25mishra'} (logged to /Users/fuchitalee/development/minimax-marketing/x-monitoring/data/runs/2026-07-15/enum_dead_letter.jsonl)
dead-letter enum: family=role value='unknown' context={'table': 'brands_accounts', 'brand_id': 'deepseek', 'author_id': 'handle:benjamin_horne'} (logged to /Users/fuchitalee/development/minimax-marketing/x-monitoring/data/runs/2026-07-15/enum_dead_letter.jsonl)
dead-letter enum: family=role value='unknown' context={'table': 'brands_accounts', 'brand_id': 'deepseek', 'author_id': 'handle:RandomBirUser'} (logged to /Users/fuchitalee/development/minimax-marketing/x-monitoring/data/runs/2026-07-15/enum_dead_letter.jsonl)
dead-letter enum: family=role value='unknown' context={'table': 'brands_accounts', 'brand_id': 'deepseek', 'author_id': 'handle:gone_out_of_x'} (logged to /Users/fuchitalee/development/minimax-marketing/x-monitoring/data/runs/2026-07-15/enum_dead_letter.jsonl)
dead-letter enum: family=role value='unknown' context={'table': 'brands_accounts', 'brand_id': 'deepseek', 'author_id': 'handle:ollies0x'} (logged to /Users/fuchitalee/development/minimax-marketing/x-monitoring/data/runs/2026-07-15/enum_dead_letter.jsonl)
dead-letter enum: family=role value='unknown' context={'table': 'brands_accounts', 'brand_id': 'deepseek', 'author_id': 'handle:olegthedev'} (logged to /Users/fuchitalee/development/minimax-marketing/x-monitoring/data/runs/2026-07-15/enum_dead_letter.jsonl)
dead-letter enum: family=role value='unknown' context={'table': 'brands_accounts', 'brand_id': 'deepseek', 'author_id': 'handle:iangtobin'} (logged to /Users/fuchitalee/development/minimax-marketing/x-monitoring/data/runs/2026-07-15/enum_dead_letter.jsonl)
dead-letter enum: family=role value='unknown' context={'table': 'brands_accounts', 'brand_id': 'deepseek', 'author_id': 'handle:0xJust1'} (logged to /Users/fuchitalee/development/minimax-marketing/x-monitoring/data/runs/2026-07-15/enum_dead_letter.jsonl)
dead-letter enum: family=role value='unknown' context={'table': 'brands_accounts', 'brand_id': 'deepseek', 'author_id': 'handle:darth_turnip'} (logged to /Users/fuchitalee/development/minimax-marketing/x-monitoring/data/runs/2026-07-15/enum_dead_letter.jsonl)
dead-letter enum: family=role value='unknown' context={'table': 'brands_accounts', 'brand_id': 'deepseek', 'author_id': 'handle:amiran_sherwin'} (logged to /Users/fuchitalee/development/minimax-marketing/x-monitoring/data/runs/2026-07-15/enum_dead_letter.jsonl)
dead-letter enum: family=role value='unknown' context={'table': 'brands_accounts', 'brand_id': 'deepseek', 'author_id': 'handle:antirez'} (logged to /Users/fuchitalee/development/minimax-marketing/x-monitoring/data/runs/2026-07-15/enum_dead_letter.jsonl)
dead-letter enum: family=role value='unknown' context={'table': 'brands_accounts', 'brand_id': 'deepseek', 'author_id': 'handle:KahaSe33'} (logged to /Users/fuchitalee/development/minimax-marketing/x-monitoring/data/runs/2026-07-15/enum_dead_letter.jsonl)
dead-letter enum: family=role value='unknown' context={'table': 'brands_accounts', 'brand_id': 'deepseek', 'author_id': 'handle:rosstaylor90'} (logged to /Users/fuchitalee/development/minimax-marketing/x-monitoring/data/runs/2026-07-15/enum_dead_letter.jsonl)
dead-letter enum: family=role value='unknown' context={'table': 'brands_accounts', 'brand_id': 'deepseek', 'author_id': 'handle:Dreameinarm'} (logged to /Users/fuchitalee/development/minimax-marketing/x-monitoring/data/runs/2026-07-15/enum_dead_letter.jsonl)
dead-letter enum: family=role value='unknown' context={'table': 'brands_accounts', 'brand_id': 'deepseek', 'author_id': 'handle:minheo93698092'} (logged to /Users/fuchitalee/development/minimax-marketing/x-monitoring/data/runs/2026-07-15/enum_dead_letter.jsonl)
dead-letter enum: family=role value='unknown' context={'table': 'brands_accounts', 'brand_id': 'deepseek', 'author_id': 'handle:KosherMaximus'} (logged to /Users/fuchitalee/development/minimax-marketing/x-monitoring/data/runs/2026-07-15/enum_dead_letter.jsonl)
dead-letter enum: family=role value='unknown' context={'table': 'brands_accounts', 'brand_id': 'deepseek', 'author_id': 'handle:A1mit'} (logged to /Users/fuchitalee/development/minimax-marketing/x-monitoring/data/runs/2026-07-15/enum_dead_letter.jsonl)
dead-letter enum: family=role value='unknown' context={'table': 'brands_accounts', 'brand_id': 'deepseek', 'author_id': 'handle:g023dev'} (logged to /Users/fuchitalee/development/minimax-marketing/x-monitoring/data/runs/2026-07-15/enum_dead_letter.jsonl)
dead-letter enum: family=role value='unknown' context={'table': 'brands_accounts', 'brand_id': 'deepseek', 'author_id': 'handle:IvanDuleen'} (logged to /Users/fuchitalee/development/minimax-marketing/x-monitoring/data/runs/2026-07-15/enum_dead_letter.jsonl)
dead-letter enum: family=role value='unknown' context={'table': 'brands_accounts', 'brand_id': 'deepseek', 'author_id': 'handle:TheShortBear'} (logged to /Users/fuchitalee/development/minimax-marketing/x-monitoring/data/runs/2026-07-15/enum_dead_letter.jsonl)
dead-letter enum: family=role value='unknown' context={'table': 'brands_accounts', 'brand_id': 'deepseek', 'author_id': 'handle:aquiffoo'} (logged to /Users/fuchitalee/development/minimax-marketing/x-monitoring/data/runs/2026-07-15/enum_dead_letter.jsonl)
dead-letter enum: family=role value='unknown' context={'table': 'brands_accounts', 'brand_id': 'deepseek', 'author_id': 'handle:DorianGrayMelih'} (logged to /Users/fuchitalee/development/minimax-marketing/x-monitoring/data/runs/2026-07-15/enum_dead_letter.jsonl)
dead-letter enum: family=role value='unknown' context={'table': 'brands_accounts', 'brand_id': 'deepseek', 'author_id': 'handle:lion_tender'} (logged to /Users/fuchitalee/development/minimax-marketing/x-monitoring/data/runs/2026-07-15/enum_dead_letter.jsonl)
dead-letter enum: family=role value='unknown' context={'table': 'brands_accounts', 'brand_id': 'deepseek', 'author_id': 'handle:KD4RBG'} (logged to /Users/fuchitalee/development/minimax-marketing/x-monitoring/data/runs/2026-07-15/enum_dead_letter.jsonl)
dead-letter enum: family=role value='unknown' context={'table': 'brands_accounts', 'brand_id': 'deepseek', 'author_id': 'handle:IdleProtocol'} (logged to /Users/fuchitalee/development/minimax-marketing/x-monitoring/data/runs/2026-07-15/enum_dead_letter.jsonl)
dead-letter enum: family=role value='unknown' context={'table': 'brands_accounts', 'brand_id': 'deepseek', 'author_id': 'handle:dhtikna'} (logged to /Users/fuchitalee/development/minimax-marketing/x-monitoring/data/runs/2026-07-15/enum_dead_letter.jsonl)
dead-letter enum: family=role value='unknown' context={'table': 'brands_accounts', 'brand_id': 'deepseek', 'author_id': 'handle:mlcarldev'} (logged to /Users/fuchitalee/development/minimax-marketing/x-monitoring/data/runs/2026-07-15/enum_dead_letter.jsonl)
dead-letter enum: family=role value='unknown' context={'table': 'brands_accounts', 'brand_id': 'deepseek', 'author_id': 'handle:AnthonyMaio'} (logged to /Users/fuchitalee/development/minimax-marketing/x-monitoring/data/runs/2026-07-15/enum_dead_letter.jsonl)
dead-letter enum: family=role value='unknown' context={'table': 'brands_accounts', 'brand_id': 'deepseek', 'author_id': 'handle:xz_keg'} (logged to /Users/fuchitalee/development/minimax-marketing/x-monitoring/data/runs/2026-07-15/enum_dead_letter.jsonl)
dead-letter enum: family=role value='unknown' context={'table': 'brands_accounts', 'brand_id': 'deepseek', 'author_id': 'handle:kartik_mandar'} (logged to /Users/fuchitalee/development/minimax-marketing/x-monitoring/data/runs/2026-07-15/enum_dead_letter.jsonl)
dead-letter enum: family=role value='unknown' context={'table': 'brands_accounts', 'brand_id': 'deepseek', 'author_id': 'handle:antonbabenko'} (logged to /Users/fuchitalee/development/minimax-marketing/x-monitoring/data/runs/2026-07-15/enum_dead_letter.jsonl)
dead-letter enum: family=role value='unknown' context={'table': 'brands_accounts', 'brand_id': 'deepseek', 'author_id': 'handle:chenshaoju'} (logged to /Users/fuchitalee/development/minimax-marketing/x-monitoring/data/runs/2026-07-15/enum_dead_letter.jsonl)
dead-letter enum: family=role value='unknown' context={'table': 'brands_accounts', 'brand_id': 'deepseek', 'author_id': 'handle:adidshaft'} (logged to /Users/fuchitalee/development/minimax-marketing/x-monitoring/data/runs/2026-07-15/enum_dead_letter.jsonl)
dead-letter enum: family=role value='unknown' context={'table': 'brands_accounts', 'brand_id': 'deepseek', 'author_id': 'handle:VincentLogic'} (logged to /Users/fuchitalee/development/minimax-marketing/x-monitoring/data/runs/2026-07-15/enum_dead_letter.jsonl)
dead-letter enum: family=role value='unknown' context={'table': 'brands_accounts', 'brand_id': 'deepseek', 'author_id': 'handle:lionman888888'} (logged to /Users/fuchitalee/development/minimax-marketing/x-monitoring/data/runs/2026-07-15/enum_dead_letter.jsonl)
dead-letter enum: family=role value='unknown' context={'table': 'brands_accounts', 'brand_id': 'deepseek', 'author_id': 'handle:aiComingFast'} (logged to /Users/fuchitalee/development/minimax-marketing/x-monitoring/data/runs/2026-07-15/enum_dead_letter.jsonl)
dead-letter enum: family=role value='unknown' context={'table': 'brands_accounts', 'brand_id': 'deepseek', 'author_id': 'handle:decoded_dev'} (logged to /Users/fuchitalee/development/minimax-marketing/x-monitoring/data/runs/2026-07-15/enum_dead_letter.jsonl)
dead-letter enum: family=role value='unknown' context={'table': 'brands_accounts', 'brand_id': 'deepseek', 'author_id': 'handle:dlozanovic'} (logged to /Users/fuchitalee/development/minimax-marketing/x-monitoring/data/runs/2026-07-15/enum_dead_letter.jsonl)
dead-letter enum: family=role value='unknown' context={'table': 'brands_accounts', 'brand_id': 'deepseek', 'author_id': 'handle:samsja19'} (logged to /Users/fuchitalee/development/minimax-marketing/x-monitoring/data/runs/2026-07-15/enum_dead_letter.jsonl)
dead-letter enum: family=role value='unknown' context={'table': 'brands_accounts', 'brand_id': 'deepseek', 'author_id': 'handle:TheHBrand'} (logged to /Users/fuchitalee/development/minimax-marketing/x-monitoring/data/runs/2026-07-15/enum_dead_letter.jsonl)
dead-letter enum: family=role value='unknown' context={'table': 'brands_accounts', 'brand_id': 'deepseek', 'author_id': 'handle:SonyMrn'} (logged to /Users/fuchitalee/development/minimax-marketing/x-monitoring/data/runs/2026-07-15/enum_dead_letter.jsonl)
dead-letter enum: family=role value='unknown' context={'table': 'brands_accounts', 'brand_id': 'deepseek', 'author_id': 'handle:TheBasedCabal'} (logged to /Users/fuchitalee/development/minimax-marketing/x-monitoring/data/runs/2026-07-15/enum_dead_letter.jsonl)
dead-letter enum: family=role value='unknown' context={'table': 'brands_accounts', 'brand_id': 'deepseek', 'author_id': 'handle:pseudokid'} (logged to /Users/fuchitalee/development/minimax-marketing/x-monitoring/data/runs/2026-07-15/enum_dead_letter.jsonl)
dead-letter enum: family=role value='unknown' context={'table': 'brands_accounts', 'brand_id': 'deepseek', 'author_id': 'handle:morganlinton'} (logged to /Users/fuchitalee/development/minimax-marketing/x-monitoring/data/runs/2026-07-15/enum_dead_letter.jsonl)
dead-letter enum: family=role value='unknown' context={'table': 'brands_accounts', 'brand_id': 'deepseek', 'author_id': 'handle:Jomolos'} (logged to /Users/fuchitalee/development/minimax-marketing/x-monitoring/data/runs/2026-07-15/enum_dead_letter.jsonl)
dead-letter enum: family=role value='unknown' context={'table': 'brands_accounts', 'brand_id': 'deepseek', 'author_id': 'handle:JakeKAllDay'} (logged to /Users/fuchitalee/development/minimax-marketing/x-monitoring/data/runs/2026-07-15/enum_dead_letter.jsonl)
dead-letter enum: family=role value='unknown' context={'table': 'brands_accounts', 'brand_id': 'deepseek', 'author_id': 'handle:atulkumarzz'} (logged to /Users/fuchitalee/development/minimax-marketing/x-monitoring/data/runs/2026-07-15/enum_dead_letter.jsonl)
dead-letter enum: family=role value='unknown' context={'table': 'brands_accounts', 'brand_id': 'deepseek', 'author_id': 'handle:riyazmd774'} (logged to /Users/fuchitalee/development/minimax-marketing/x-monitoring/data/runs/2026-07-15/enum_dead_letter.jsonl)
dead-letter enum: family=role value='unknown' context={'table': 'brands_accounts', 'brand_id': 'deepseek', 'author_id': 'handle:MarkNeuman18'} (logged to /Users/fuchitalee/development/minimax-marketing/x-monitoring/data/runs/2026-07-15/enum_dead_letter.jsonl)
dead-letter enum: family=role value='unknown' context={'table': 'brands_accounts', 'brand_id': 'deepseek', 'author_id': 'handle:baataarr'} (logged to /Users/fuchitalee/development/minimax-marketing/x-monitoring/data/runs/2026-07-15/enum_dead_letter.jsonl)
dead-letter enum: family=role value='unknown' context={'table': 'brands_accounts', 'brand_id': 'deepseek', 'author_id': 'handle:tulipking'} (logged to /Users/fuchitalee/development/minimax-marketing/x-monitoring/data/runs/2026-07-15/enum_dead_letter.jsonl)
dead-letter enum: family=role value='unknown' context={'table': 'brands_accounts', 'brand_id': 'deepseek', 'author_id': 'handle:MNX_fi'} (logged to /Users/fuchitalee/development/minimax-marketing/x-monitoring/data/runs/2026-07-15/enum_dead_letter.jsonl)
dead-letter enum: family=role value='unknown' context={'table': 'brands_accounts', 'brand_id': 'deepseek', 'author_id': 'handle:colepulse'} (logged to /Users/fuchitalee/development/minimax-marketing/x-monitoring/data/runs/2026-07-15/enum_dead_letter.jsonl)
dead-letter enum: family=role value='unknown' context={'table': 'brands_accounts', 'brand_id': 'deepseek', 'author_id': 'handle:max_paperclips'} (logged to /Users/fuchitalee/development/minimax-marketing/x-monitoring/data/runs/2026-07-15/enum_dead_letter.jsonl)
dead-letter enum: family=role value='unknown' context={'table': 'brands_accounts', 'brand_id': 'deepseek', 'author_id': 'handle:Ananth7e'} (logged to /Users/fuchitalee/development/minimax-marketing/x-monitoring/data/runs/2026-07-15/enum_dead_letter.jsonl)
dead-letter enum: family=role value='unknown' context={'table': 'brands_accounts', 'brand_id': 'deepseek', 'author_id': 'handle:alexgrenier'} (logged to /Users/fuchitalee/development/minimax-marketing/x-monitoring/data/runs/2026-07-15/enum_dead_letter.jsonl)
dead-letter enum: family=role value='unknown' context={'table': 'brands_accounts', 'brand_id': 'deepseek', 'author_id': 'handle:paulosaelias'} (logged to /Users/fuchitalee/development/minimax-marketing/x-monitoring/data/runs/2026-07-15/enum_dead_letter.jsonl)
dead-letter enum: family=role value='unknown' context={'table': 'brands_accounts', 'brand_id': 'deepseek', 'author_id': 'handle:akshmnd'} (logged to /Users/fuchitalee/development/minimax-marketing/x-monitoring/data/runs/2026-07-15/enum_dead_letter.jsonl)
dead-letter enum: family=role value='unknown' context={'table': 'brands_accounts', 'brand_id': 'deepseek', 'author_id': 'handle:oliveraochongli'} (logged to /Users/fuchitalee/development/minimax-marketing/x-monitoring/data/runs/2026-07-15/enum_dead_letter.jsonl)
dead-letter enum: family=role value='unknown' context={'table': 'brands_accounts', 'brand_id': 'deepseek', 'author_id': 'handle:siralexanderj'} (logged to /Users/fuchitalee/development/minimax-marketing/x-monitoring/data/runs/2026-07-15/enum_dead_letter.jsonl)
dead-letter enum: family=role value='unknown' context={'table': 'brands_accounts', 'brand_id': 'deepseek', 'author_id': 'handle:HirokoKonishi'} (logged to /Users/fuchitalee/development/minimax-marketing/x-monitoring/data/runs/2026-07-15/enum_dead_letter.jsonl)
dead-letter enum: family=role value='unknown' context={'table': 'brands_accounts', 'brand_id': 'deepseek', 'author_id': 'handle:chernobratz'} (logged to /Users/fuchitalee/development/minimax-marketing/x-monitoring/data/runs/2026-07-15/enum_dead_letter.jsonl)
dead-letter enum: family=role value='unknown' context={'table': 'brands_accounts', 'brand_id': 'deepseek', 'author_id': 'handle:JeffKazzee'} (logged to /Users/fuchitalee/development/minimax-marketing/x-monitoring/data/runs/2026-07-15/enum_dead_letter.jsonl)
dead-letter enum: family=role value='unknown' context={'table': 'brands_accounts', 'brand_id': 'deepseek', 'author_id': 'handle:CryptoCyberia'} (logged to /Users/fuchitalee/development/minimax-marketing/x-monitoring/data/runs/2026-07-15/enum_dead_letter.jsonl)
dead-letter enum: family=role value='unknown' context={'table': 'brands_accounts', 'brand_id': 'deepseek', 'author_id': 'handle:PawelJLisowski'} (logged to /Users/fuchitalee/development/minimax-marketing/x-monitoring/data/runs/2026-07-15/enum_dead_letter.jsonl)
dead-letter enum: family=role value='unknown' context={'table': 'brands_accounts', 'brand_id': 'deepseek', 'author_id': 'handle:sinanisler'} (logged to /Users/fuchitalee/development/minimax-marketing/x-monitoring/data/runs/2026-07-15/enum_dead_letter.jsonl)
dead-letter enum: family=role value='unknown' context={'table': 'brands_accounts', 'brand_id': 'deepseek', 'author_id': 'handle:ritualdigest'} (logged to /Users/fuchitalee/development/minimax-marketing/x-monitoring/data/runs/2026-07-15/enum_dead_letter.jsonl)
dead-letter enum: family=role value='unknown' context={'table': 'brands_accounts', 'brand_id': 'deepseek', 'author_id': 'handle:pzoltowski'} (logged to /Users/fuchitalee/development/minimax-marketing/x-monitoring/data/runs/2026-07-15/enum_dead_letter.jsonl)
dead-letter enum: family=role value='unknown' context={'table': 'brands_accounts', 'brand_id': 'deepseek', 'author_id': 'handle:thetripathi58'} (logged to /Users/fuchitalee/development/minimax-marketing/x-monitoring/data/runs/2026-07-15/enum_dead_letter.jsonl)
dead-letter enum: family=role value='unknown' context={'table': 'brands_accounts', 'brand_id': 'deepseek', 'author_id': 'handle:deus_machinea'} (logged to /Users/fuchitalee/development/minimax-marketing/x-monitoring/data/runs/2026-07-15/enum_dead_letter.jsonl)
dead-letter enum: family=role value='unknown' context={'table': 'brands_accounts', 'brand_id': 'deepseek', 'author_id': 'handle:Simply_AI_00'} (logged to /Users/fuchitalee/development/minimax-marketing/x-monitoring/data/runs/2026-07-15/enum_dead_letter.jsonl)
dead-letter enum: family=role value='unknown' context={'table': 'brands_accounts', 'brand_id': 'deepseek', 'author_id': 'handle:mizanyx'} (logged to /Users/fuchitalee/development/minimax-marketing/x-monitoring/data/runs/2026-07-15/enum_dead_letter.jsonl)
dead-letter enum: family=role value='unknown' context={'table': 'brands_accounts', 'brand_id': 'deepseek', 'author_id': 'handle:laobaishare'} (logged to /Users/fuchitalee/development/minimax-marketing/x-monitoring/data/runs/2026-07-15/enum_dead_letter.jsonl)
dead-letter enum: family=role value='unknown' context={'table': 'brands_accounts', 'brand_id': 'deepseek', 'author_id': 'handle:DavidFlagg20'} (logged to /Users/fuchitalee/development/minimax-marketing/x-monitoring/data/runs/2026-07-15/enum_dead_letter.jsonl)
dead-letter enum: family=role value='unknown' context={'table': 'brands_accounts', 'brand_id': 'deepseek', 'author_id': 'handle:KamranZone'} (logged to /Users/fuchitalee/development/minimax-marketing/x-monitoring/data/runs/2026-07-15/enum_dead_letter.jsonl)
dead-letter enum: family=role value='unknown' context={'table': 'brands_accounts', 'brand_id': 'deepseek', 'author_id': 'handle:yepisyenitr'} (logged to /Users/fuchitalee/development/minimax-marketing/x-monitoring/data/runs/2026-07-15/enum_dead_letter.jsonl)
dead-letter enum: family=role value='unknown' context={'table': 'brands_accounts', 'brand_id': 'deepseek', 'author_id': 'handle:norveclifinance'} (logged to /Users/fuchitalee/development/minimax-marketing/x-monitoring/data/runs/2026-07-15/enum_dead_letter.jsonl)
dead-letter enum: family=role value='unknown' context={'table': 'brands_accounts', 'brand_id': 'deepseek', 'author_id': 'handle:ATOMInference'} (logged to /Users/fuchitalee/development/minimax-marketing/x-monitoring/data/runs/2026-07-15/enum_dead_letter.jsonl)
dead-letter enum: family=role value='unknown' context={'table': 'brands_accounts', 'brand_id': 'deepseek', 'author_id': 'handle:niuniu_dev'} (logged to /Users/fuchitalee/development/minimax-marketing/x-monitoring/data/runs/2026-07-15/enum_dead_letter.jsonl)
dead-letter enum: family=role value='unknown' context={'table': 'brands_accounts', 'brand_id': 'deepseek', 'author_id': 'handle:IntakeaccessAi'} (logged to /Users/fuchitalee/development/minimax-marketing/x-monitoring/data/runs/2026-07-15/enum_dead_letter.jsonl)
dead-letter enum: family=role value='unknown' context={'table': 'brands_accounts', 'brand_id': 'deepseek', 'author_id': 'handle:dennysentinel'} (logged to /Users/fuchitalee/development/minimax-marketing/x-monitoring/data/runs/2026-07-15/enum_dead_letter.jsonl)
dead-letter enum: family=role value='unknown' context={'table': 'brands_accounts', 'brand_id': 'deepseek', 'author_id': 'handle:Bonney22ai'} (logged to /Users/fuchitalee/development/minimax-marketing/x-monitoring/data/runs/2026-07-15/enum_dead_letter.jsonl)
dead-letter enum: family=role value='unknown' context={'table': 'brands_accounts', 'brand_id': 'deepseek', 'author_id': 'handle:realNyarime'} (logged to /Users/fuchitalee/development/minimax-marketing/x-monitoring/data/runs/2026-07-15/enum_dead_letter.jsonl)
dead-letter enum: family=role value='unknown' context={'table': 'brands_accounts', 'brand_id': 'deepseek', 'author_id': 'handle:stockanalis'} (logged to /Users/fuchitalee/development/minimax-marketing/x-monitoring/data/runs/2026-07-15/enum_dead_letter.jsonl)
dead-letter enum: family=role value='unknown' context={'table': 'brands_accounts', 'brand_id': 'deepseek', 'author_id': 'handle:athrix_codes'} (logged to /Users/fuchitalee/development/minimax-marketing/x-monitoring/data/runs/2026-07-15/enum_dead_letter.jsonl)
dead-letter enum: family=role value='unknown' context={'table': 'brands_accounts', 'brand_id': 'deepseek', 'author_id': 'handle:hydroskywalker'} (logged to /Users/fuchitalee/development/minimax-marketing/x-monitoring/data/runs/2026-07-15/enum_dead_letter.jsonl)
dead-letter enum: family=role value='unknown' context={'table': 'brands_accounts', 'brand_id': 'deepseek', 'author_id': 'handle:notageekdev'} (logged to /Users/fuchitalee/development/minimax-marketing/x-monitoring/data/runs/2026-07-15/enum_dead_letter.jsonl)
dead-letter enum: family=role value='unknown' context={'table': 'brands_accounts', 'brand_id': 'deepseek', 'author_id': 'handle:_free_kashmir__'} (logged to /Users/fuchitalee/development/minimax-marketing/x-monitoring/data/runs/2026-07-15/enum_dead_letter.jsonl)
dead-letter enum: family=role value='unknown' context={'table': 'brands_accounts', 'brand_id': 'deepseek', 'author_id': 'handle:stevencheng'} (logged to /Users/fuchitalee/development/minimax-marketing/x-monitoring/data/runs/2026-07-15/enum_dead_letter.jsonl)
dead-letter enum: family=role value='unknown' context={'table': 'brands_accounts', 'brand_id': 'deepseek', 'author_id': 'handle:sageaurelius'} (logged to /Users/fuchitalee/development/minimax-marketing/x-monitoring/data/runs/2026-07-15/enum_dead_letter.jsonl)
dead-letter enum: family=role value='unknown' context={'table': 'brands_accounts', 'brand_id': 'deepseek', 'author_id': 'handle:ai_edisonZ'} (logged to /Users/fuchitalee/development/minimax-marketing/x-monitoring/data/runs/2026-07-15/enum_dead_letter.jsonl)
dead-letter enum: family=role value='unknown' context={'table': 'brands_accounts', 'brand_id': 'deepseek', 'author_id': 'handle:mbajaj_'} (logged to /Users/fuchitalee/development/minimax-marketing/x-monitoring/data/runs/2026-07-15/enum_dead_letter.jsonl)
dead-letter enum: family=role value='unknown' context={'table': 'brands_accounts', 'brand_id': 'deepseek', 'author_id': 'handle:khushiirl'} (logged to /Users/fuchitalee/development/minimax-marketing/x-monitoring/data/runs/2026-07-15/enum_dead_letter.jsonl)
dead-letter enum: family=role value='unknown' context={'table': 'brands_accounts', 'brand_id': 'deepseek', 'author_id': 'handle:TimJayas'} (logged to /Users/fuchitalee/development/minimax-marketing/x-monitoring/data/runs/2026-07-15/enum_dead_letter.jsonl)
dead-letter enum: family=role value='unknown' context={'table': 'brands_accounts', 'brand_id': 'deepseek', 'author_id': 'handle:MertLovesAI'} (logged to /Users/fuchitalee/development/minimax-marketing/x-monitoring/data/runs/2026-07-15/enum_dead_letter.jsonl)
dead-letter enum: family=role value='unknown' context={'table': 'brands_accounts', 'brand_id': 'deepseek', 'author_id': 'handle:rish404'} (logged to /Users/fuchitalee/development/minimax-marketing/x-monitoring/data/runs/2026-07-15/enum_dead_letter.jsonl)
dead-letter enum: family=role value='unknown' context={'table': 'brands_accounts', 'brand_id': 'deepseek', 'author_id': 'handle:KChaiWrites'} (logged to /Users/fuchitalee/development/minimax-marketing/x-monitoring/data/runs/2026-07-15/enum_dead_letter.jsonl)
dead-letter enum: family=role value='unknown' context={'table': 'brands_accounts', 'brand_id': 'deepseek', 'author_id': 'handle:nullhypeai'} (logged to /Users/fuchitalee/development/minimax-marketing/x-monitoring/data/runs/2026-07-15/enum_dead_letter.jsonl)
dead-letter enum: family=role value='unknown' context={'table': 'brands_accounts', 'brand_id': 'deepseek', 'author_id': 'handle:freshlimesofa'} (logged to /Users/fuchitalee/development/minimax-marketing/x-monitoring/data/runs/2026-07-15/enum_dead_letter.jsonl)
dead-letter enum: family=role value='unknown' context={'table': 'brands_accounts', 'brand_id': 'deepseek', 'author_id': 'handle:Xudong07452910'} (logged to /Users/fuchitalee/development/minimax-marketing/x-monitoring/data/runs/2026-07-15/enum_dead_letter.jsonl)
dead-letter enum: family=role value='unknown' context={'table': 'brands_accounts', 'brand_id': 'glm', 'author_id': 'handle:MeryemArik9'} (logged to /Users/fuchitalee/development/minimax-marketing/x-monitoring/data/runs/2026-07-15/enum_dead_letter.jsonl)
dead-letter enum: family=role value='unknown' context={'table': 'brands_accounts', 'brand_id': 'glm', 'author_id': 'handle:DatoBHJ'} (logged to /Users/fuchitalee/development/minimax-marketing/x-monitoring/data/runs/2026-07-15/enum_dead_letter.jsonl)
dead-letter enum: family=role value='unknown' context={'table': 'brands_accounts', 'brand_id': 'glm', 'author_id': 'handle:starpower_tech'} (logged to /Users/fuchitalee/development/minimax-marketing/x-monitoring/data/runs/2026-07-15/enum_dead_letter.jsonl)
dead-letter enum: family=role value='unknown' context={'table': 'brands_accounts', 'brand_id': 'glm', 'author_id': 'handle:wisplite'} (logged to /Users/fuchitalee/development/minimax-marketing/x-monitoring/data/runs/2026-07-15/enum_dead_letter.jsonl)
dead-letter enum: family=role value='unknown' context={'table': 'brands_accounts', 'brand_id': 'glm', 'author_id': 'handle:AgentSparko'} (logged to /Users/fuchitalee/development/minimax-marketing/x-monitoring/data/runs/2026-07-15/enum_dead_letter.jsonl)
dead-letter enum: family=role value='unknown' context={'table': 'brands_accounts', 'brand_id': 'glm', 'author_id': 'handle:AnoopKumarBhat'} (logged to /Users/fuchitalee/development/minimax-marketing/x-monitoring/data/runs/2026-07-15/enum_dead_letter.jsonl)
dead-letter enum: family=role value='unknown' context={'table': 'brands_accounts', 'brand_id': 'glm', 'author_id': 'handle:AndreiDoduSE'} (logged to /Users/fuchitalee/development/minimax-marketing/x-monitoring/data/runs/2026-07-15/enum_dead_letter.jsonl)
dead-letter enum: family=role value='unknown' context={'table': 'brands_accounts', 'brand_id': 'glm', 'author_id': 'handle:iamronka'} (logged to /Users/fuchitalee/development/minimax-marketing/x-monitoring/data/runs/2026-07-15/enum_dead_letter.jsonl)
dead-letter enum: family=role value='unknown' context={'table': 'brands_accounts', 'brand_id': 'glm', 'author_id': 'handle:the_osps'} (logged to /Users/fuchitalee/development/minimax-marketing/x-monitoring/data/runs/2026-07-15/enum_dead_letter.jsonl)
dead-letter enum: family=role value='unknown' context={'table': 'brands_accounts', 'brand_id': 'glm', 'author_id': 'handle:okuwaki_m'} (logged to /Users/fuchitalee/development/minimax-marketing/x-monitoring/data/runs/2026-07-15/enum_dead_letter.jsonl)
dead-letter enum: family=role value='unknown' context={'table': 'brands_accounts', 'brand_id': 'glm', 'author_id': 'handle:dad_prg'} (logged to /Users/fuchitalee/development/minimax-marketing/x-monitoring/data/runs/2026-07-15/enum_dead_letter.jsonl)
dead-letter enum: family=role value='unknown' context={'table': 'brands_accounts', 'brand_id': 'glm', 'author_id': 'handle:P33RL3SS'} (logged to /Users/fuchitalee/development/minimax-marketing/x-monitoring/data/runs/2026-07-15/enum_dead_letter.jsonl)
dead-letter enum: family=role value='unknown' context={'table': 'brands_accounts', 'brand_id': 'glm', 'author_id': 'handle:gatesisthedevil'} (logged to /Users/fuchitalee/development/minimax-marketing/x-monitoring/data/runs/2026-07-15/enum_dead_letter.jsonl)
dead-letter enum: family=role value='unknown' context={'table': 'brands_accounts', 'brand_id': 'glm', 'author_id': 'handle:Anaya_sharma876'} (logged to /Users/fuchitalee/development/minimax-marketing/x-monitoring/data/runs/2026-07-15/enum_dead_letter.jsonl)
dead-letter enum: family=role value='unknown' context={'table': 'brands_accounts', 'brand_id': 'glm', 'author_id': 'handle:ahelplessbaby'} (logged to /Users/fuchitalee/development/minimax-marketing/x-monitoring/data/runs/2026-07-15/enum_dead_letter.jsonl)
dead-letter enum: family=role value='unknown' context={'table': 'brands_accounts', 'brand_id': 'glm', 'author_id': 'handle:imog'} (logged to /Users/fuchitalee/development/minimax-marketing/x-monitoring/data/runs/2026-07-15/enum_dead_letter.jsonl)
dead-letter enum: family=role value='unknown' context={'table': 'brands_accounts', 'brand_id': 'glm', 'author_id': 'handle:MensInfinita'} (logged to /Users/fuchitalee/development/minimax-marketing/x-monitoring/data/runs/2026-07-15/enum_dead_letter.jsonl)
dead-letter enum: family=role value='unknown' context={'table': 'brands_accounts', 'brand_id': 'glm', 'author_id': 'handle:JDWang11'} (logged to /Users/fuchitalee/development/minimax-marketing/x-monitoring/data/runs/2026-07-15/enum_dead_letter.jsonl)
dead-letter enum: family=role value='unknown' context={'table': 'brands_accounts', 'brand_id': 'glm', 'author_id': 'handle:dholzric'} (logged to /Users/fuchitalee/development/minimax-marketing/x-monitoring/data/runs/2026-07-15/enum_dead_letter.jsonl)
dead-letter enum: family=role value='unknown' context={'table': 'brands_accounts', 'brand_id': 'glm', 'author_id': 'handle:ciruai'} (logged to /Users/fuchitalee/development/minimax-marketing/x-monitoring/data/runs/2026-07-15/enum_dead_letter.jsonl)
dead-letter enum: family=role value='unknown' context={'table': 'brands_accounts', 'brand_id': 'glm', 'author_id': 'handle:ibiscybernetics'} (logged to /Users/fuchitalee/development/minimax-marketing/x-monitoring/data/runs/2026-07-15/enum_dead_letter.jsonl)
dead-letter enum: family=role value='unknown' context={'table': 'brands_accounts', 'brand_id': 'glm', 'author_id': 'handle:Myrikko'} (logged to /Users/fuchitalee/development/minimax-marketing/x-monitoring/data/runs/2026-07-15/enum_dead_letter.jsonl)
dead-letter enum: family=role value='unknown' context={'table': 'brands_accounts', 'brand_id': 'glm', 'author_id': 'handle:Rohit2401a'} (logged to /Users/fuchitalee/development/minimax-marketing/x-monitoring/data/runs/2026-07-15/enum_dead_letter.jsonl)
dead-letter enum: family=role value='unknown' context={'table': 'brands_accounts', 'brand_id': 'glm', 'author_id': 'handle:TheAIShrink'} (logged to /Users/fuchitalee/development/minimax-marketing/x-monitoring/data/runs/2026-07-15/enum_dead_letter.jsonl)
dead-letter enum: family=role value='unknown' context={'table': 'brands_accounts', 'brand_id': 'glm', 'author_id': 'handle:mitch_tmv'} (logged to /Users/fuchitalee/development/minimax-marketing/x-monitoring/data/runs/2026-07-15/enum_dead_letter.jsonl)
dead-letter enum: family=role value='unknown' context={'table': 'brands_accounts', 'brand_id': 'glm', 'author_id': 'handle:kxnakr'} (logged to /Users/fuchitalee/development/minimax-marketing/x-monitoring/data/runs/2026-07-15/enum_dead_letter.jsonl)
dead-letter enum: family=role value='unknown' context={'table': 'brands_accounts', 'brand_id': 'glm', 'author_id': 'handle:SacredFolio'} (logged to /Users/fuchitalee/development/minimax-marketing/x-monitoring/data/runs/2026-07-15/enum_dead_letter.jsonl)
dead-letter enum: family=role value='unknown' context={'table': 'brands_accounts', 'brand_id': 'glm', 'author_id': 'handle:AMERICAFIRwt'} (logged to /Users/fuchitalee/development/minimax-marketing/x-monitoring/data/runs/2026-07-15/enum_dead_letter.jsonl)
dead-letter enum: family=role value='unknown' context={'table': 'brands_accounts', 'brand_id': 'glm', 'author_id': 'handle:AtMapshock'} (logged to /Users/fuchitalee/development/minimax-marketing/x-monitoring/data/runs/2026-07-15/enum_dead_letter.jsonl)
dead-letter enum: family=role value='unknown' context={'table': 'brands_accounts', 'brand_id': 'glm', 'author_id': 'handle:hiper2d'} (logged to /Users/fuchitalee/development/minimax-marketing/x-monitoring/data/runs/2026-07-15/enum_dead_letter.jsonl)
dead-letter enum: family=role value='unknown' context={'table': 'brands_accounts', 'brand_id': 'glm', 'author_id': 'handle:kiippllii'} (logged to /Users/fuchitalee/development/minimax-marketing/x-monitoring/data/runs/2026-07-15/enum_dead_letter.jsonl)
dead-letter enum: family=role value='unknown' context={'table': 'brands_accounts', 'brand_id': 'glm', 'author_id': 'handle:Meshs_One'} (logged to /Users/fuchitalee/development/minimax-marketing/x-monitoring/data/runs/2026-07-15/enum_dead_letter.jsonl)
dead-letter enum: family=role value='unknown' context={'table': 'brands_accounts', 'brand_id': 'glm', 'author_id': 'handle:deesha_tech'} (logged to /Users/fuchitalee/development/minimax-marketing/x-monitoring/data/runs/2026-07-15/enum_dead_letter.jsonl)
dead-letter enum: family=role value='unknown' context={'table': 'brands_accounts', 'brand_id': 'glm', 'author_id': 'handle:CometPodesta'} (logged to /Users/fuchitalee/development/minimax-marketing/x-monitoring/data/runs/2026-07-15/enum_dead_letter.jsonl)
dead-letter enum: family=role value='unknown' context={'table': 'brands_accounts', 'brand_id': 'glm', 'author_id': 'handle:galgadot9036'} (logged to /Users/fuchitalee/development/minimax-marketing/x-monitoring/data/runs/2026-07-15/enum_dead_letter.jsonl)
dead-letter enum: family=role value='unknown' context={'table': 'brands_accounts', 'brand_id': 'glm', 'author_id': 'handle:the_joshua_hill'} (logged to /Users/fuchitalee/development/minimax-marketing/x-monitoring/data/runs/2026-07-15/enum_dead_letter.jsonl)
dead-letter enum: family=role value='unknown' context={'table': 'brands_accounts', 'brand_id': 'glm', 'author_id': 'handle:yume_arasaki'} (logged to /Users/fuchitalee/development/minimax-marketing/x-monitoring/data/runs/2026-07-15/enum_dead_letter.jsonl)
dead-letter enum: family=role value='unknown' context={'table': 'brands_accounts', 'brand_id': 'glm', 'author_id': 'handle:trydotworks'} (logged to /Users/fuchitalee/development/minimax-marketing/x-monitoring/data/runs/2026-07-15/enum_dead_letter.jsonl)
dead-letter enum: family=role value='unknown' context={'table': 'brands_accounts', 'brand_id': 'glm', 'author_id': 'handle:0x_lun'} (logged to /Users/fuchitalee/development/minimax-marketing/x-monitoring/data/runs/2026-07-15/enum_dead_letter.jsonl)
dead-letter enum: family=role value='unknown' context={'table': 'brands_accounts', 'brand_id': 'glm', 'author_id': 'handle:sockworkwet'} (logged to /Users/fuchitalee/development/minimax-marketing/x-monitoring/data/runs/2026-07-15/enum_dead_letter.jsonl)
dead-letter enum: family=role value='unknown' context={'table': 'brands_accounts', 'brand_id': 'glm', 'author_id': 'handle:FoRRTrES'} (logged to /Users/fuchitalee/development/minimax-marketing/x-monitoring/data/runs/2026-07-15/enum_dead_letter.jsonl)
dead-letter enum: family=role value='unknown' context={'table': 'brands_accounts', 'brand_id': 'glm', 'author_id': 'handle:HedgieMarkets'} (logged to /Users/fuchitalee/development/minimax-marketing/x-monitoring/data/runs/2026-07-15/enum_dead_letter.jsonl)
dead-letter enum: family=role value='unknown' context={'table': 'brands_accounts', 'brand_id': 'glm', 'author_id': 'handle:peter_olom'} (logged to /Users/fuchitalee/development/minimax-marketing/x-monitoring/data/runs/2026-07-15/enum_dead_letter.jsonl)
dead-letter enum: family=role value='unknown' context={'table': 'brands_accounts', 'brand_id': 'glm', 'author_id': 'handle:zagalalula'} (logged to /Users/fuchitalee/development/minimax-marketing/x-monitoring/data/runs/2026-07-15/enum_dead_letter.jsonl)
dead-letter enum: family=role value='unknown' context={'table': 'brands_accounts', 'brand_id': 'glm', 'author_id': 'handle:TSpencer260'} (logged to /Users/fuchitalee/development/minimax-marketing/x-monitoring/data/runs/2026-07-15/enum_dead_letter.jsonl)
dead-letter enum: family=role value='unknown' context={'table': 'brands_accounts', 'brand_id': 'glm', 'author_id': 'handle:jon_durbin'} (logged to /Users/fuchitalee/development/minimax-marketing/x-monitoring/data/runs/2026-07-15/enum_dead_letter.jsonl)
dead-letter enum: family=role value='unknown' context={'table': 'brands_accounts', 'brand_id': 'glm', 'author_id': 'handle:e_etini'} (logged to /Users/fuchitalee/development/minimax-marketing/x-monitoring/data/runs/2026-07-15/enum_dead_letter.jsonl)
dead-letter enum: family=role value='unknown' context={'table': 'brands_accounts', 'brand_id': 'glm', 'author_id': 'handle:arifgpt'} (logged to /Users/fuchitalee/development/minimax-marketing/x-monitoring/data/runs/2026-07-15/enum_dead_letter.jsonl)
dead-letter enum: family=role value='unknown' context={'table': 'brands_accounts', 'brand_id': 'glm', 'author_id': 'handle:willccbb'} (logged to /Users/fuchitalee/development/minimax-marketing/x-monitoring/data/runs/2026-07-15/enum_dead_letter.jsonl)
dead-letter enum: family=role value='unknown' context={'table': 'brands_accounts', 'brand_id': 'glm', 'author_id': 'handle:mylifcc'} (logged to /Users/fuchitalee/development/minimax-marketing/x-monitoring/data/runs/2026-07-15/enum_dead_letter.jsonl)
dead-letter enum: family=role value='unknown' context={'table': 'brands_accounts', 'brand_id': 'glm', 'author_id': 'handle:RobbyGtv'} (logged to /Users/fuchitalee/development/minimax-marketing/x-monitoring/data/runs/2026-07-15/enum_dead_letter.jsonl)
dead-letter enum: family=role value='unknown' context={'table': 'brands_accounts', 'brand_id': 'glm', 'author_id': 'handle:0x_sakata'} (logged to /Users/fuchitalee/development/minimax-marketing/x-monitoring/data/runs/2026-07-15/enum_dead_letter.jsonl)
dead-letter enum: family=role value='unknown' context={'table': 'brands_accounts', 'brand_id': 'glm', 'author_id': 'handle:Ihjer69'} (logged to /Users/fuchitalee/development/minimax-marketing/x-monitoring/data/runs/2026-07-15/enum_dead_letter.jsonl)
dead-letter enum: family=role value='unknown' context={'table': 'brands_accounts', 'brand_id': 'glm', 'author_id': 'handle:brnnnmcdnld'} (logged to /Users/fuchitalee/development/minimax-marketing/x-monitoring/data/runs/2026-07-15/enum_dead_letter.jsonl)
dead-letter enum: family=role value='unknown' context={'table': 'brands_accounts', 'brand_id': 'glm', 'author_id': 'handle:one_zoi'} (logged to /Users/fuchitalee/development/minimax-marketing/x-monitoring/data/runs/2026-07-15/enum_dead_letter.jsonl)
dead-letter enum: family=role value='unknown' context={'table': 'brands_accounts', 'brand_id': 'glm', 'author_id': 'handle:0xMaxSF'} (logged to /Users/fuchitalee/development/minimax-marketing/x-monitoring/data/runs/2026-07-15/enum_dead_letter.jsonl)
dead-letter enum: family=role value='unknown' context={'table': 'brands_accounts', 'brand_id': 'glm', 'author_id': 'handle:Ueiyester'} (logged to /Users/fuchitalee/development/minimax-marketing/x-monitoring/data/runs/2026-07-15/enum_dead_letter.jsonl)
dead-letter enum: family=role value='unknown' context={'table': 'brands_accounts', 'brand_id': 'glm', 'author_id': 'handle:ramineon'} (logged to /Users/fuchitalee/development/minimax-marketing/x-monitoring/data/runs/2026-07-15/enum_dead_letter.jsonl)
dead-letter enum: family=role value='unknown' context={'table': 'brands_accounts', 'brand_id': 'glm', 'author_id': 'handle:bepituLaz'} (logged to /Users/fuchitalee/development/minimax-marketing/x-monitoring/data/runs/2026-07-15/enum_dead_letter.jsonl)
dead-letter enum: family=role value='unknown' context={'table': 'brands_accounts', 'brand_id': 'glm', 'author_id': 'handle:aktogde'} (logged to /Users/fuchitalee/development/minimax-marketing/x-monitoring/data/runs/2026-07-15/enum_dead_letter.jsonl)
dead-letter enum: family=role value='unknown' context={'table': 'brands_accounts', 'brand_id': 'glm', 'author_id': 'handle:0xgeeek'} (logged to /Users/fuchitalee/development/minimax-marketing/x-monitoring/data/runs/2026-07-15/enum_dead_letter.jsonl)
dead-letter enum: family=role value='unknown' context={'table': 'brands_accounts', 'brand_id': 'glm', 'author_id': 'handle:EleanorLouiise'} (logged to /Users/fuchitalee/development/minimax-marketing/x-monitoring/data/runs/2026-07-15/enum_dead_letter.jsonl)
dead-letter enum: family=role value='unknown' context={'table': 'brands_accounts', 'brand_id': 'glm', 'author_id': 'handle:AathilOfficial'} (logged to /Users/fuchitalee/development/minimax-marketing/x-monitoring/data/runs/2026-07-15/enum_dead_letter.jsonl)
dead-letter enum: family=role value='unknown' context={'table': 'brands_accounts', 'brand_id': 'glm', 'author_id': 'handle:ShankhadeepSho1'} (logged to /Users/fuchitalee/development/minimax-marketing/x-monitoring/data/runs/2026-07-15/enum_dead_letter.jsonl)
dead-letter enum: family=role value='unknown' context={'table': 'brands_accounts', 'brand_id': 'glm', 'author_id': 'handle:mrluiscalderon'} (logged to /Users/fuchitalee/development/minimax-marketing/x-monitoring/data/runs/2026-07-15/enum_dead_letter.jsonl)
dead-letter enum: family=role value='unknown' context={'table': 'brands_accounts', 'brand_id': 'glm', 'author_id': 'handle:imzodev'} (logged to /Users/fuchitalee/development/minimax-marketing/x-monitoring/data/runs/2026-07-15/enum_dead_letter.jsonl)
dead-letter enum: family=role value='unknown' context={'table': 'brands_accounts', 'brand_id': 'glm', 'author_id': 'handle:milloni0'} (logged to /Users/fuchitalee/development/minimax-marketing/x-monitoring/data/runs/2026-07-15/enum_dead_letter.jsonl)
dead-letter enum: family=role value='unknown' context={'table': 'brands_accounts', 'brand_id': 'glm', 'author_id': 'handle:TechMDAI'} (logged to /Users/fuchitalee/development/minimax-marketing/x-monitoring/data/runs/2026-07-15/enum_dead_letter.jsonl)
dead-letter enum: family=role value='unknown' context={'table': 'brands_accounts', 'brand_id': 'glm', 'author_id': 'handle:ConsciousRide'} (logged to /Users/fuchitalee/development/minimax-marketing/x-monitoring/data/runs/2026-07-15/enum_dead_letter.jsonl)
dead-letter enum: family=role value='unknown' context={'table': 'brands_accounts', 'brand_id': 'glm', 'author_id': 'handle:CosmicMangzoqz'} (logged to /Users/fuchitalee/development/minimax-marketing/x-monitoring/data/runs/2026-07-15/enum_dead_letter.jsonl)
dead-letter enum: family=role value='unknown' context={'table': 'brands_accounts', 'brand_id': 'glm', 'author_id': 'handle:migtissera'} (logged to /Users/fuchitalee/development/minimax-marketing/x-monitoring/data/runs/2026-07-15/enum_dead_letter.jsonl)
dead-letter enum: family=role value='unknown' context={'table': 'brands_accounts', 'brand_id': 'glm', 'author_id': 'handle:snellchapo'} (logged to /Users/fuchitalee/development/minimax-marketing/x-monitoring/data/runs/2026-07-15/enum_dead_letter.jsonl)
dead-letter enum: family=role value='unknown' context={'table': 'brands_accounts', 'brand_id': 'glm', 'author_id': 'handle:tomgreenwald'} (logged to /Users/fuchitalee/development/minimax-marketing/x-monitoring/data/runs/2026-07-15/enum_dead_letter.jsonl)
dead-letter enum: family=role value='unknown' context={'table': 'brands_accounts', 'brand_id': 'glm', 'author_id': 'handle:JP__Gallegos'} (logged to /Users/fuchitalee/development/minimax-marketing/x-monitoring/data/runs/2026-07-15/enum_dead_letter.jsonl)
dead-letter enum: family=role value='unknown' context={'table': 'brands_accounts', 'brand_id': 'glm', 'author_id': 'handle:aardid'} (logged to /Users/fuchitalee/development/minimax-marketing/x-monitoring/data/runs/2026-07-15/enum_dead_letter.jsonl)
dead-letter enum: family=role value='unknown' context={'table': 'brands_accounts', 'brand_id': 'glm', 'author_id': 'handle:Tech2Wild'} (logged to /Users/fuchitalee/development/minimax-marketing/x-monitoring/data/runs/2026-07-15/enum_dead_letter.jsonl)
dead-letter enum: family=role value='unknown' context={'table': 'brands_accounts', 'brand_id': 'glm', 'author_id': 'handle:MarioAldayuz'} (logged to /Users/fuchitalee/development/minimax-marketing/x-monitoring/data/runs/2026-07-15/enum_dead_letter.jsonl)
dead-letter enum: family=role value='unknown' context={'table': 'brands_accounts', 'brand_id': 'glm', 'author_id': 'handle:ANANDKATHALEWAR'} (logged to /Users/fuchitalee/development/minimax-marketing/x-monitoring/data/runs/2026-07-15/enum_dead_letter.jsonl)
dead-letter enum: family=role value='unknown' context={'table': 'brands_accounts', 'brand_id': 'glm', 'author_id': 'handle:JamesSurra34'} (logged to /Users/fuchitalee/development/minimax-marketing/x-monitoring/data/runs/2026-07-15/enum_dead_letter.jsonl)
dead-letter enum: family=role value='unknown' context={'table': 'brands_accounts', 'brand_id': 'glm', 'author_id': 'handle:hijkzzz'} (logged to /Users/fuchitalee/development/minimax-marketing/x-monitoring/data/runs/2026-07-15/enum_dead_letter.jsonl)
dead-letter enum: family=role value='unknown' context={'table': 'brands_accounts', 'brand_id': 'glm', 'author_id': 'handle:JamesMcPherson'} (logged to /Users/fuchitalee/development/minimax-marketing/x-monitoring/data/runs/2026-07-15/enum_dead_letter.jsonl)
dead-letter enum: family=role value='unknown' context={'table': 'brands_accounts', 'brand_id': 'glm', 'author_id': 'handle:bigRD73'} (logged to /Users/fuchitalee/development/minimax-marketing/x-monitoring/data/runs/2026-07-15/enum_dead_letter.jsonl)
dead-letter enum: family=role value='unknown' context={'table': 'brands_accounts', 'brand_id': 'glm', 'author_id': 'handle:StudioZamudio'} (logged to /Users/fuchitalee/development/minimax-marketing/x-monitoring/data/runs/2026-07-15/enum_dead_letter.jsonl)
dead-letter enum: family=role value='unknown' context={'table': 'brands_accounts', 'brand_id': 'glm', 'author_id': 'handle:samwightt'} (logged to /Users/fuchitalee/development/minimax-marketing/x-monitoring/data/runs/2026-07-15/enum_dead_letter.jsonl)
dead-letter enum: family=role value='unknown' context={'table': 'brands_accounts', 'brand_id': 'glm', 'author_id': 'handle:Mx3Dev'} (logged to /Users/fuchitalee/development/minimax-marketing/x-monitoring/data/runs/2026-07-15/enum_dead_letter.jsonl)
dead-letter enum: family=role value='unknown' context={'table': 'brands_accounts', 'brand_id': 'glm', 'author_id': 'handle:AiOs_public'} (logged to /Users/fuchitalee/development/minimax-marketing/x-monitoring/data/runs/2026-07-15/enum_dead_letter.jsonl)
dead-letter enum: family=role value='unknown' context={'table': 'brands_accounts', 'brand_id': 'glm', 'author_id': 'handle:jrswab'} (logged to /Users/fuchitalee/development/minimax-marketing/x-monitoring/data/runs/2026-07-15/enum_dead_letter.jsonl)
dead-letter enum: family=role value='unknown' context={'table': 'brands_accounts', 'brand_id': 'glm', 'author_id': 'handle:koushik77'} (logged to /Users/fuchitalee/development/minimax-marketing/x-monitoring/data/runs/2026-07-15/enum_dead_letter.jsonl)
dead-letter enum: family=role value='unknown' context={'table': 'brands_accounts', 'brand_id': 'glm', 'author_id': 'handle:its_ao'} (logged to /Users/fuchitalee/development/minimax-marketing/x-monitoring/data/runs/2026-07-15/enum_dead_letter.jsonl)
dead-letter enum: family=role value='unknown' context={'table': 'brands_accounts', 'brand_id': 'glm', 'author_id': 'handle:Elaina43114880'} (logged to /Users/fuchitalee/development/minimax-marketing/x-monitoring/data/runs/2026-07-15/enum_dead_letter.jsonl)
dead-letter enum: family=role value='unknown' context={'table': 'brands_accounts', 'brand_id': 'glm', 'author_id': 'handle:kanis_patel'} (logged to /Users/fuchitalee/development/minimax-marketing/x-monitoring/data/runs/2026-07-15/enum_dead_letter.jsonl)
dead-letter enum: family=role value='unknown' context={'table': 'brands_accounts', 'brand_id': 'glm', 'author_id': 'handle:crabhive'} (logged to /Users/fuchitalee/development/minimax-marketing/x-monitoring/data/runs/2026-07-15/enum_dead_letter.jsonl)
dead-letter enum: family=role value='unknown' context={'table': 'brands_accounts', 'brand_id': 'glm', 'author_id': 'handle:UEFBen'} (logged to /Users/fuchitalee/development/minimax-marketing/x-monitoring/data/runs/2026-07-15/enum_dead_letter.jsonl)
dead-letter enum: family=role value='unknown' context={'table': 'brands_accounts', 'brand_id': 'glm', 'author_id': 'handle:baksalyar'} (logged to /Users/fuchitalee/development/minimax-marketing/x-monitoring/data/runs/2026-07-15/enum_dead_letter.jsonl)
dead-letter enum: family=role value='unknown' context={'table': 'brands_accounts', 'brand_id': 'glm', 'author_id': 'handle:DevAutomata'} (logged to /Users/fuchitalee/development/minimax-marketing/x-monitoring/data/runs/2026-07-15/enum_dead_letter.jsonl)
dead-letter enum: family=role value='unknown' context={'table': 'brands_accounts', 'brand_id': 'glm', 'author_id': 'handle:SonyxEth'} (logged to /Users/fuchitalee/development/minimax-marketing/x-monitoring/data/runs/2026-07-15/enum_dead_letter.jsonl)
dead-letter enum: family=role value='unknown' context={'table': 'brands_accounts', 'brand_id': 'glm', 'author_id': 'handle:bbkimhj100'} (logged to /Users/fuchitalee/development/minimax-marketing/x-monitoring/data/runs/2026-07-15/enum_dead_letter.jsonl)
dead-letter enum: family=role value='unknown' context={'table': 'brands_accounts', 'brand_id': 'glm', 'author_id': 'handle:ZackKorman'} (logged to /Users/fuchitalee/development/minimax-marketing/x-monitoring/data/runs/2026-07-15/enum_dead_letter.jsonl)
dead-letter enum: family=role value='unknown' context={'table': 'brands_accounts', 'brand_id': 'glm', 'author_id': 'handle:Lewified'} (logged to /Users/fuchitalee/development/minimax-marketing/x-monitoring/data/runs/2026-07-15/enum_dead_letter.jsonl)
dead-letter enum: family=role value='unknown' context={'table': 'brands_accounts', 'brand_id': 'glm', 'author_id': 'handle:developed_life'} (logged to /Users/fuchitalee/development/minimax-marketing/x-monitoring/data/runs/2026-07-15/enum_dead_letter.jsonl)
dead-letter enum: family=role value='unknown' context={'table': 'brands_accounts', 'brand_id': 'glm', 'author_id': 'handle:bankrbot'} (logged to /Users/fuchitalee/development/minimax-marketing/x-monitoring/data/runs/2026-07-15/enum_dead_letter.jsonl)
dead-letter enum: family=role value='unknown' context={'table': 'brands_accounts', 'brand_id': 'glm', 'author_id': 'handle:MichaelGannotti'} (logged to /Users/fuchitalee/development/minimax-marketing/x-monitoring/data/runs/2026-07-15/enum_dead_letter.jsonl)
dead-letter enum: family=role value='unknown' context={'table': 'brands_accounts', 'brand_id': 'glm', 'author_id': 'handle:frankgracy'} (logged to /Users/fuchitalee/development/minimax-marketing/x-monitoring/data/runs/2026-07-15/enum_dead_letter.jsonl)
dead-letter enum: family=role value='unknown' context={'table': 'brands_accounts', 'brand_id': 'glm', 'author_id': 'handle:jiadehui'} (logged to /Users/fuchitalee/development/minimax-marketing/x-monitoring/data/runs/2026-07-15/enum_dead_letter.jsonl)
dead-letter enum: family=role value='unknown' context={'table': 'brands_accounts', 'brand_id': 'glm', 'author_id': 'handle:ArtificialAnlys'} (logged to /Users/fuchitalee/development/minimax-marketing/x-monitoring/data/runs/2026-07-15/enum_dead_letter.jsonl)
dead-letter enum: family=role value='unknown' context={'table': 'brands_accounts', 'brand_id': 'glm', 'author_id': 'handle:Scar_XYZ'} (logged to /Users/fuchitalee/development/minimax-marketing/x-monitoring/data/runs/2026-07-15/enum_dead_letter.jsonl)
dead-letter enum: family=role value='unknown' context={'table': 'brands_accounts', 'brand_id': 'glm', 'author_id': 'handle:javier_notzero'} (logged to /Users/fuchitalee/development/minimax-marketing/x-monitoring/data/runs/2026-07-15/enum_dead_letter.jsonl)
dead-letter enum: family=role value='unknown' context={'table': 'brands_accounts', 'brand_id': 'glm', 'author_id': 'handle:johnfurr538500'} (logged to /Users/fuchitalee/development/minimax-marketing/x-monitoring/data/runs/2026-07-15/enum_dead_letter.jsonl)
dead-letter enum: family=role value='unknown' context={'table': 'brands_accounts', 'brand_id': 'glm', 'author_id': 'handle:mysticaltech'} (logged to /Users/fuchitalee/development/minimax-marketing/x-monitoring/data/runs/2026-07-15/enum_dead_letter.jsonl)
dead-letter enum: family=role value='unknown' context={'table': 'brands_accounts', 'brand_id': 'glm', 'author_id': 'handle:NatalieMarleny'} (logged to /Users/fuchitalee/development/minimax-marketing/x-monitoring/data/runs/2026-07-15/enum_dead_letter.jsonl)
dead-letter enum: family=role value='unknown' context={'table': 'brands_accounts', 'brand_id': 'glm', 'author_id': 'handle:Ceoz_1'} (logged to /Users/fuchitalee/development/minimax-marketing/x-monitoring/data/runs/2026-07-15/enum_dead_letter.jsonl)
dead-letter enum: family=role value='unknown' context={'table': 'brands_accounts', 'brand_id': 'glm', 'author_id': 'handle:hellokillian'} (logged to /Users/fuchitalee/development/minimax-marketing/x-monitoring/data/runs/2026-07-15/enum_dead_letter.jsonl)
dead-letter enum: family=role value='unknown' context={'table': 'brands_accounts', 'brand_id': 'glm', 'author_id': 'handle:prashant_hq'} (logged to /Users/fuchitalee/development/minimax-marketing/x-monitoring/data/runs/2026-07-15/enum_dead_letter.jsonl)
dead-letter enum: family=role value='unknown' context={'table': 'brands_accounts', 'brand_id': 'glm', 'author_id': 'handle:docjais'} (logged to /Users/fuchitalee/development/minimax-marketing/x-monitoring/data/runs/2026-07-15/enum_dead_letter.jsonl)
dead-letter enum: family=role value='unknown' context={'table': 'brands_accounts', 'brand_id': 'glm', 'author_id': 'handle:dharshan_tw'} (logged to /Users/fuchitalee/development/minimax-marketing/x-monitoring/data/runs/2026-07-15/enum_dead_letter.jsonl)
dead-letter enum: family=role value='unknown' context={'table': 'brands_accounts', 'brand_id': 'glm', 'author_id': 'handle:SucioCaballoTV'} (logged to /Users/fuchitalee/development/minimax-marketing/x-monitoring/data/runs/2026-07-15/enum_dead_letter.jsonl)
dead-letter enum: family=role value='unknown' context={'table': 'brands_accounts', 'brand_id': 'glm', 'author_id': 'handle:fareszr'} (logged to /Users/fuchitalee/development/minimax-marketing/x-monitoring/data/runs/2026-07-15/enum_dead_letter.jsonl)
dead-letter enum: family=role value='unknown' context={'table': 'brands_accounts', 'brand_id': 'glm', 'author_id': 'handle:nagaremono24'} (logged to /Users/fuchitalee/development/minimax-marketing/x-monitoring/data/runs/2026-07-15/enum_dead_letter.jsonl)
dead-letter enum: family=role value='unknown' context={'table': 'brands_accounts', 'brand_id': 'glm', 'author_id': 'handle:layerlens_ai'} (logged to /Users/fuchitalee/development/minimax-marketing/x-monitoring/data/runs/2026-07-15/enum_dead_letter.jsonl)
dead-letter enum: family=role value='unknown' context={'table': 'brands_accounts', 'brand_id': 'glm', 'author_id': 'handle:infmes'} (logged to /Users/fuchitalee/development/minimax-marketing/x-monitoring/data/runs/2026-07-15/enum_dead_letter.jsonl)
dead-letter enum: family=role value='unknown' context={'table': 'brands_accounts', 'brand_id': 'glm', 'author_id': 'handle:askalphaxiv'} (logged to /Users/fuchitalee/development/minimax-marketing/x-monitoring/data/runs/2026-07-15/enum_dead_letter.jsonl)
dead-letter enum: family=role value='unknown' context={'table': 'brands_accounts', 'brand_id': 'glm', 'author_id': 'handle:fominaaalina'} (logged to /Users/fuchitalee/development/minimax-marketing/x-monitoring/data/runs/2026-07-15/enum_dead_letter.jsonl)
dead-letter enum: family=role value='unknown' context={'table': 'brands_accounts', 'brand_id': 'glm', 'author_id': 'handle:kostasbotonakis'} (logged to /Users/fuchitalee/development/minimax-marketing/x-monitoring/data/runs/2026-07-15/enum_dead_letter.jsonl)
dead-letter enum: family=role value='unknown' context={'table': 'brands_accounts', 'brand_id': 'glm', 'author_id': 'handle:NithanthRam97'} (logged to /Users/fuchitalee/development/minimax-marketing/x-monitoring/data/runs/2026-07-15/enum_dead_letter.jsonl)
dead-letter enum: family=role value='unknown' context={'table': 'brands_accounts', 'brand_id': 'glm', 'author_id': 'handle:victoria_neiman'} (logged to /Users/fuchitalee/development/minimax-marketing/x-monitoring/data/runs/2026-07-15/enum_dead_letter.jsonl)
dead-letter enum: family=role value='unknown' context={'table': 'brands_accounts', 'brand_id': 'glm', 'author_id': 'handle:_markfenner'} (logged to /Users/fuchitalee/development/minimax-marketing/x-monitoring/data/runs/2026-07-15/enum_dead_letter.jsonl)
dead-letter enum: family=role value='unknown' context={'table': 'brands_accounts', 'brand_id': 'glm', 'author_id': 'handle:ichong'} (logged to /Users/fuchitalee/development/minimax-marketing/x-monitoring/data/runs/2026-07-15/enum_dead_letter.jsonl)
dead-letter enum: family=role value='unknown' context={'table': 'brands_accounts', 'brand_id': 'glm', 'author_id': 'handle:auroter'} (logged to /Users/fuchitalee/development/minimax-marketing/x-monitoring/data/runs/2026-07-15/enum_dead_letter.jsonl)
dead-letter enum: family=role value='unknown' context={'table': 'brands_accounts', 'brand_id': 'glm', 'author_id': 'handle:SheikhSaeen'} (logged to /Users/fuchitalee/development/minimax-marketing/x-monitoring/data/runs/2026-07-15/enum_dead_letter.jsonl)
dead-letter enum: family=role value='unknown' context={'table': 'brands_accounts', 'brand_id': 'glm', 'author_id': 'handle:MartinSzerment'} (logged to /Users/fuchitalee/development/minimax-marketing/x-monitoring/data/runs/2026-07-15/enum_dead_letter.jsonl)
dead-letter enum: family=role value='unknown' context={'table': 'brands_accounts', 'brand_id': 'glm', 'author_id': 'handle:Zoddiacc'} (logged to /Users/fuchitalee/development/minimax-marketing/x-monitoring/data/runs/2026-07-15/enum_dead_letter.jsonl)
dead-letter enum: family=role value='unknown' context={'table': 'brands_accounts', 'brand_id': 'glm', 'author_id': 'handle:gomes666gomes'} (logged to /Users/fuchitalee/development/minimax-marketing/x-monitoring/data/runs/2026-07-15/enum_dead_letter.jsonl)
dead-letter enum: family=role value='unknown' context={'table': 'brands_accounts', 'brand_id': 'glm', 'author_id': 'handle:vh1ne'} (logged to /Users/fuchitalee/development/minimax-marketing/x-monitoring/data/runs/2026-07-15/enum_dead_letter.jsonl)
dead-letter enum: family=role value='unknown' context={'table': 'brands_accounts', 'brand_id': 'glm', 'author_id': 'handle:shreeramanAK'} (logged to /Users/fuchitalee/development/minimax-marketing/x-monitoring/data/runs/2026-07-15/enum_dead_letter.jsonl)
dead-letter enum: family=role value='unknown' context={'table': 'brands_accounts', 'brand_id': 'glm', 'author_id': 'handle:aph5nt'} (logged to /Users/fuchitalee/development/minimax-marketing/x-monitoring/data/runs/2026-07-15/enum_dead_letter.jsonl)
dead-letter enum: family=role value='unknown' context={'table': 'brands_accounts', 'brand_id': 'glm', 'author_id': 'handle:KrystianLew'} (logged to /Users/fuchitalee/development/minimax-marketing/x-monitoring/data/runs/2026-07-15/enum_dead_letter.jsonl)
dead-letter enum: family=role value='unknown' context={'table': 'brands_accounts', 'brand_id': 'glm', 'author_id': 'handle:futurebylea'} (logged to /Users/fuchitalee/development/minimax-marketing/x-monitoring/data/runs/2026-07-15/enum_dead_letter.jsonl)
dead-letter enum: family=role value='unknown' context={'table': 'brands_accounts', 'brand_id': 'glm', 'author_id': 'handle:SOntheotherside'} (logged to /Users/fuchitalee/development/minimax-marketing/x-monitoring/data/runs/2026-07-15/enum_dead_letter.jsonl)
dead-letter enum: family=role value='unknown' context={'table': 'brands_accounts', 'brand_id': 'glm', 'author_id': 'handle:alexmodrono'} (logged to /Users/fuchitalee/development/minimax-marketing/x-monitoring/data/runs/2026-07-15/enum_dead_letter.jsonl)
dead-letter enum: family=role value='unknown' context={'table': 'brands_accounts', 'brand_id': 'glm', 'author_id': 'handle:jujuajju'} (logged to /Users/fuchitalee/development/minimax-marketing/x-monitoring/data/runs/2026-07-15/enum_dead_letter.jsonl)
dead-letter enum: family=role value='unknown' context={'table': 'brands_accounts', 'brand_id': 'glm', 'author_id': 'handle:1red2black'} (logged to /Users/fuchitalee/development/minimax-marketing/x-monitoring/data/runs/2026-07-15/enum_dead_letter.jsonl)
dead-letter enum: family=role value='unknown' context={'table': 'brands_accounts', 'brand_id': 'glm', 'author_id': 'handle:mlcarldev'} (logged to /Users/fuchitalee/development/minimax-marketing/x-monitoring/data/runs/2026-07-15/enum_dead_letter.jsonl)
dead-letter enum: family=role value='unknown' context={'table': 'brands_accounts', 'brand_id': 'glm', 'author_id': 'handle:VegElpy'} (logged to /Users/fuchitalee/development/minimax-marketing/x-monitoring/data/runs/2026-07-15/enum_dead_letter.jsonl)
dead-letter enum: family=role value='unknown' context={'table': 'brands_accounts', 'brand_id': 'glm', 'author_id': 'handle:ThomasODuffy'} (logged to /Users/fuchitalee/development/minimax-marketing/x-monitoring/data/runs/2026-07-15/enum_dead_letter.jsonl)
dead-letter enum: family=role value='unknown' context={'table': 'brands_accounts', 'brand_id': 'glm', 'author_id': 'handle:CemBuildsAi'} (logged to /Users/fuchitalee/development/minimax-marketing/x-monitoring/data/runs/2026-07-15/enum_dead_letter.jsonl)
dead-letter enum: family=role value='unknown' context={'table': 'brands_accounts', 'brand_id': 'glm', 'author_id': 'handle:theSethian'} (logged to /Users/fuchitalee/development/minimax-marketing/x-monitoring/data/runs/2026-07-15/enum_dead_letter.jsonl)
dead-letter enum: family=role value='unknown' context={'table': 'brands_accounts', 'brand_id': 'glm', 'author_id': 'handle:cbjones1943'} (logged to /Users/fuchitalee/development/minimax-marketing/x-monitoring/data/runs/2026-07-15/enum_dead_letter.jsonl)
dead-letter enum: family=role value='unknown' context={'table': 'brands_accounts', 'brand_id': 'glm', 'author_id': 'handle:Esongsofficial'} (logged to /Users/fuchitalee/development/minimax-marketing/x-monitoring/data/runs/2026-07-15/enum_dead_letter.jsonl)
dead-letter enum: family=role value='unknown' context={'table': 'brands_accounts', 'brand_id': 'glm', 'author_id': 'handle:1337_sb'} (logged to /Users/fuchitalee/development/minimax-marketing/x-monitoring/data/runs/2026-07-15/enum_dead_letter.jsonl)
dead-letter enum: family=role value='unknown' context={'table': 'brands_accounts', 'brand_id': 'glm', 'author_id': 'handle:alexxhashemi'} (logged to /Users/fuchitalee/development/minimax-marketing/x-monitoring/data/runs/2026-07-15/enum_dead_letter.jsonl)
dead-letter enum: family=role value='unknown' context={'table': 'brands_accounts', 'brand_id': 'glm', 'author_id': 'handle:Fargonavt'} (logged to /Users/fuchitalee/development/minimax-marketing/x-monitoring/data/runs/2026-07-15/enum_dead_letter.jsonl)
dead-letter enum: family=role value='unknown' context={'table': 'brands_accounts', 'brand_id': 'glm', 'author_id': 'handle:victor_vibing'} (logged to /Users/fuchitalee/development/minimax-marketing/x-monitoring/data/runs/2026-07-15/enum_dead_letter.jsonl)
dead-letter enum: family=role value='unknown' context={'table': 'brands_accounts', 'brand_id': 'glm', 'author_id': 'handle:yannickfe'} (logged to /Users/fuchitalee/development/minimax-marketing/x-monitoring/data/runs/2026-07-15/enum_dead_letter.jsonl)
dead-letter enum: family=role value='unknown' context={'table': 'brands_accounts', 'brand_id': 'glm', 'author_id': 'handle:Qubax_Ai'} (logged to /Users/fuchitalee/development/minimax-marketing/x-monitoring/data/runs/2026-07-15/enum_dead_letter.jsonl)
dead-letter enum: family=role value='unknown' context={'table': 'brands_accounts', 'brand_id': 'glm', 'author_id': 'handle:lazyvibecoderx'} (logged to /Users/fuchitalee/development/minimax-marketing/x-monitoring/data/runs/2026-07-15/enum_dead_letter.jsonl)
dead-letter enum: family=role value='unknown' context={'table': 'brands_accounts', 'brand_id': 'glm', 'author_id': 'handle:somi_ai'} (logged to /Users/fuchitalee/development/minimax-marketing/x-monitoring/data/runs/2026-07-15/enum_dead_letter.jsonl)
dead-letter enum: family=role value='unknown' context={'table': 'brands_accounts', 'brand_id': 'glm', 'author_id': 'handle:hhrvoje'} (logged to /Users/fuchitalee/development/minimax-marketing/x-monitoring/data/runs/2026-07-15/enum_dead_letter.jsonl)
dead-letter enum: family=role value='unknown' context={'table': 'brands_accounts', 'brand_id': 'glm', 'author_id': 'handle:AdamPropaganda'} (logged to /Users/fuchitalee/development/minimax-marketing/x-monitoring/data/runs/2026-07-15/enum_dead_letter.jsonl)
dead-letter enum: family=role value='unknown' context={'table': 'brands_accounts', 'brand_id': 'glm', 'author_id': 'handle:janole'} (logged to /Users/fuchitalee/development/minimax-marketing/x-monitoring/data/runs/2026-07-15/enum_dead_letter.jsonl)
dead-letter enum: family=role value='unknown' context={'table': 'brands_accounts', 'brand_id': 'glm', 'author_id': 'handle:ryiacy'} (logged to /Users/fuchitalee/development/minimax-marketing/x-monitoring/data/runs/2026-07-15/enum_dead_letter.jsonl)
dead-letter enum: family=role value='unknown' context={'table': 'brands_accounts', 'brand_id': 'glm', 'author_id': 'handle:lmontoya'} (logged to /Users/fuchitalee/development/minimax-marketing/x-monitoring/data/runs/2026-07-15/enum_dead_letter.jsonl)
dead-letter enum: family=role value='unknown' context={'table': 'brands_accounts', 'brand_id': 'glm', 'author_id': 'handle:sbmaruf'} (logged to /Users/fuchitalee/development/minimax-marketing/x-monitoring/data/runs/2026-07-15/enum_dead_letter.jsonl)
dead-letter enum: family=role value='unknown' context={'table': 'brands_accounts', 'brand_id': 'glm', 'author_id': 'handle:xJacksonBarnes'} (logged to /Users/fuchitalee/development/minimax-marketing/x-monitoring/data/runs/2026-07-15/enum_dead_letter.jsonl)
dead-letter enum: family=role value='unknown' context={'table': 'brands_accounts', 'brand_id': 'glm', 'author_id': 'handle:sebbonit'} (logged to /Users/fuchitalee/development/minimax-marketing/x-monitoring/data/runs/2026-07-15/enum_dead_letter.jsonl)
dead-letter enum: family=role value='unknown' context={'table': 'brands_accounts', 'brand_id': 'glm', 'author_id': 'handle:miguelg19877'} (logged to /Users/fuchitalee/development/minimax-marketing/x-monitoring/data/runs/2026-07-15/enum_dead_letter.jsonl)
dead-letter enum: family=role value='unknown' context={'table': 'brands_accounts', 'brand_id': 'glm', 'author_id': 'handle:XGenerationz'} (logged to /Users/fuchitalee/development/minimax-marketing/x-monitoring/data/runs/2026-07-15/enum_dead_letter.jsonl)
dead-letter enum: family=role value='unknown' context={'table': 'brands_accounts', 'brand_id': 'glm', 'author_id': 'handle:fjzeit'} (logged to /Users/fuchitalee/development/minimax-marketing/x-monitoring/data/runs/2026-07-15/enum_dead_letter.jsonl)
dead-letter enum: family=role value='unknown' context={'table': 'brands_accounts', 'brand_id': 'glm', 'author_id': 'handle:OneUserOnline'} (logged to /Users/fuchitalee/development/minimax-marketing/x-monitoring/data/runs/2026-07-15/enum_dead_letter.jsonl)
dead-letter enum: family=role value='unknown' context={'table': 'brands_accounts', 'brand_id': 'glm', 'author_id': 'handle:BowTiedStack'} (logged to /Users/fuchitalee/development/minimax-marketing/x-monitoring/data/runs/2026-07-15/enum_dead_letter.jsonl)
dead-letter enum: family=role value='unknown' context={'table': 'brands_accounts', 'brand_id': 'glm', 'author_id': 'handle:alextopol'} (logged to /Users/fuchitalee/development/minimax-marketing/x-monitoring/data/runs/2026-07-15/enum_dead_letter.jsonl)
dead-letter enum: family=role value='unknown' context={'table': 'brands_accounts', 'brand_id': 'glm', 'author_id': 'handle:prashant_etah'} (logged to /Users/fuchitalee/development/minimax-marketing/x-monitoring/data/runs/2026-07-15/enum_dead_letter.jsonl)
dead-letter enum: family=role value='unknown' context={'table': 'brands_accounts', 'brand_id': 'glm', 'author_id': 'handle:MussonKing'} (logged to /Users/fuchitalee/development/minimax-marketing/x-monitoring/data/runs/2026-07-15/enum_dead_letter.jsonl)
dead-letter enum: family=role value='unknown' context={'table': 'brands_accounts', 'brand_id': 'glm', 'author_id': 'handle:smartkarma'} (logged to /Users/fuchitalee/development/minimax-marketing/x-monitoring/data/runs/2026-07-15/enum_dead_letter.jsonl)
dead-letter enum: family=role value='unknown' context={'table': 'brands_accounts', 'brand_id': 'glm', 'author_id': 'handle:AwaisRock512'} (logged to /Users/fuchitalee/development/minimax-marketing/x-monitoring/data/runs/2026-07-15/enum_dead_letter.jsonl)
dead-letter enum: family=role value='unknown' context={'table': 'brands_accounts', 'brand_id': 'glm', 'author_id': 'handle:bspectacledGOAT'} (logged to /Users/fuchitalee/development/minimax-marketing/x-monitoring/data/runs/2026-07-15/enum_dead_letter.jsonl)
dead-letter enum: family=role value='unknown' context={'table': 'brands_accounts', 'brand_id': 'glm', 'author_id': 'handle:DesignGears'} (logged to /Users/fuchitalee/development/minimax-marketing/x-monitoring/data/runs/2026-07-15/enum_dead_letter.jsonl)
dead-letter enum: family=role value='unknown' context={'table': 'brands_accounts', 'brand_id': 'glm', 'author_id': 'handle:dgrid_ai'} (logged to /Users/fuchitalee/development/minimax-marketing/x-monitoring/data/runs/2026-07-15/enum_dead_letter.jsonl)
dead-letter enum: family=role value='unknown' context={'table': 'brands_accounts', 'brand_id': 'glm', 'author_id': 'handle:Sayem314'} (logged to /Users/fuchitalee/development/minimax-marketing/x-monitoring/data/runs/2026-07-15/enum_dead_letter.jsonl)
dead-letter enum: family=role value='unknown' context={'table': 'brands_accounts', 'brand_id': 'glm', 'author_id': 'handle:sitinme'} (logged to /Users/fuchitalee/development/minimax-marketing/x-monitoring/data/runs/2026-07-15/enum_dead_letter.jsonl)
dead-letter enum: family=role value='unknown' context={'table': 'brands_accounts', 'brand_id': 'glm', 'author_id': 'handle:merlindru'} (logged to /Users/fuchitalee/development/minimax-marketing/x-monitoring/data/runs/2026-07-15/enum_dead_letter.jsonl)
dead-letter enum: family=role value='unknown' context={'table': 'brands_accounts', 'brand_id': 'glm', 'author_id': 'handle:NetMentorTW'} (logged to /Users/fuchitalee/development/minimax-marketing/x-monitoring/data/runs/2026-07-15/enum_dead_letter.jsonl)
dead-letter enum: family=role value='unknown' context={'table': 'brands_accounts', 'brand_id': 'glm', 'author_id': 'handle:MichaelMeram'} (logged to /Users/fuchitalee/development/minimax-marketing/x-monitoring/data/runs/2026-07-15/enum_dead_letter.jsonl)
dead-letter enum: family=role value='unknown' context={'table': 'brands_accounts', 'brand_id': 'glm', 'author_id': 'handle:Chris_Wozniczek'} (logged to /Users/fuchitalee/development/minimax-marketing/x-monitoring/data/runs/2026-07-15/enum_dead_letter.jsonl)
dead-letter enum: family=role value='unknown' context={'table': 'brands_accounts', 'brand_id': 'glm', 'author_id': 'handle:sam_esk'} (logged to /Users/fuchitalee/development/minimax-marketing/x-monitoring/data/runs/2026-07-15/enum_dead_letter.jsonl)
dead-letter enum: family=role value='unknown' context={'table': 'brands_accounts', 'brand_id': 'glm', 'author_id': 'handle:OpenBuildxyz'} (logged to /Users/fuchitalee/development/minimax-marketing/x-monitoring/data/runs/2026-07-15/enum_dead_letter.jsonl)
dead-letter enum: family=role value='unknown' context={'table': 'brands_accounts', 'brand_id': 'glm', 'author_id': 'handle:Hasan_4300'} (logged to /Users/fuchitalee/development/minimax-marketing/x-monitoring/data/runs/2026-07-15/enum_dead_letter.jsonl)
dead-letter enum: family=role value='unknown' context={'table': 'brands_accounts', 'brand_id': 'glm', 'author_id': 'handle:arulds_'} (logged to /Users/fuchitalee/development/minimax-marketing/x-monitoring/data/runs/2026-07-15/enum_dead_letter.jsonl)
dead-letter enum: family=role value='unknown' context={'table': 'brands_accounts', 'brand_id': 'glm', 'author_id': 'handle:Ricardo_Momo1'} (logged to /Users/fuchitalee/development/minimax-marketing/x-monitoring/data/runs/2026-07-15/enum_dead_letter.jsonl)
dead-letter enum: family=role value='unknown' context={'table': 'brands_accounts', 'brand_id': 'glm', 'author_id': 'handle:spiral_archtct'} (logged to /Users/fuchitalee/development/minimax-marketing/x-monitoring/data/runs/2026-07-15/enum_dead_letter.jsonl)
dead-letter enum: family=role value='unknown' context={'table': 'brands_accounts', 'brand_id': 'glm', 'author_id': 'handle:PedroSorrentin0'} (logged to /Users/fuchitalee/development/minimax-marketing/x-monitoring/data/runs/2026-07-15/enum_dead_letter.jsonl)
dead-letter enum: family=role value='unknown' context={'table': 'brands_accounts', 'brand_id': 'glm', 'author_id': 'handle:ericelliott_'} (logged to /Users/fuchitalee/development/minimax-marketing/x-monitoring/data/runs/2026-07-15/enum_dead_letter.jsonl)
dead-letter enum: family=role value='unknown' context={'table': 'brands_accounts', 'brand_id': 'glm', 'author_id': 'handle:DanRepaci'} (logged to /Users/fuchitalee/development/minimax-marketing/x-monitoring/data/runs/2026-07-15/enum_dead_letter.jsonl)
dead-letter enum: family=role value='unknown' context={'table': 'brands_accounts', 'brand_id': 'glm', 'author_id': 'handle:NyamaQuarter'} (logged to /Users/fuchitalee/development/minimax-marketing/x-monitoring/data/runs/2026-07-15/enum_dead_letter.jsonl)
dead-letter enum: family=role value='unknown' context={'table': 'brands_accounts', 'brand_id': 'glm', 'author_id': 'handle:preferredev_'} (logged to /Users/fuchitalee/development/minimax-marketing/x-monitoring/data/runs/2026-07-15/enum_dead_letter.jsonl)
dead-letter enum: family=role value='unknown' context={'table': 'brands_accounts', 'brand_id': 'glm', 'author_id': 'handle:matt_teeixeira'} (logged to /Users/fuchitalee/development/minimax-marketing/x-monitoring/data/runs/2026-07-15/enum_dead_letter.jsonl)
dead-letter enum: family=role value='unknown' context={'table': 'brands_accounts', 'brand_id': 'glm', 'author_id': 'handle:itswillandbill'} (logged to /Users/fuchitalee/development/minimax-marketing/x-monitoring/data/runs/2026-07-15/enum_dead_letter.jsonl)
dead-letter enum: family=role value='unknown' context={'table': 'brands_accounts', 'brand_id': 'glm', 'author_id': 'handle:mikasenghaas'} (logged to /Users/fuchitalee/development/minimax-marketing/x-monitoring/data/runs/2026-07-15/enum_dead_letter.jsonl)
dead-letter enum: family=role value='unknown' context={'table': 'brands_accounts', 'brand_id': 'glm', 'author_id': 'handle:Timur_Yessenov'} (logged to /Users/fuchitalee/development/minimax-marketing/x-monitoring/data/runs/2026-07-15/enum_dead_letter.jsonl)
dead-letter enum: family=role value='unknown' context={'table': 'brands_accounts', 'brand_id': 'glm', 'author_id': 'handle:Suparious'} (logged to /Users/fuchitalee/development/minimax-marketing/x-monitoring/data/runs/2026-07-15/enum_dead_letter.jsonl)
dead-letter enum: family=role value='unknown' context={'table': 'brands_accounts', 'brand_id': 'glm', 'author_id': 'handle:bgdakm'} (logged to /Users/fuchitalee/development/minimax-marketing/x-monitoring/data/runs/2026-07-15/enum_dead_letter.jsonl)
dead-letter enum: family=role value='unknown' context={'table': 'brands_accounts', 'brand_id': 'glm', 'author_id': 'handle:gpudeck'} (logged to /Users/fuchitalee/development/minimax-marketing/x-monitoring/data/runs/2026-07-15/enum_dead_letter.jsonl)
dead-letter enum: family=role value='unknown' context={'table': 'brands_accounts', 'brand_id': 'glm', 'author_id': 'handle:tlanderso'} (logged to /Users/fuchitalee/development/minimax-marketing/x-monitoring/data/runs/2026-07-15/enum_dead_letter.jsonl)
dead-letter enum: family=role value='unknown' context={'table': 'brands_accounts', 'brand_id': 'glm', 'author_id': 'handle:MrMSpencer'} (logged to /Users/fuchitalee/development/minimax-marketing/x-monitoring/data/runs/2026-07-15/enum_dead_letter.jsonl)
dead-letter enum: family=role value='unknown' context={'table': 'brands_accounts', 'brand_id': 'glm', 'author_id': 'handle:notnullptr'} (logged to /Users/fuchitalee/development/minimax-marketing/x-monitoring/data/runs/2026-07-15/enum_dead_letter.jsonl)
dead-letter enum: family=role value='unknown' context={'table': 'brands_accounts', 'brand_id': 'glm', 'author_id': 'handle:Asset_sMind'} (logged to /Users/fuchitalee/development/minimax-marketing/x-monitoring/data/runs/2026-07-15/enum_dead_letter.jsonl)
dead-letter enum: family=role value='unknown' context={'table': 'brands_accounts', 'brand_id': 'glm', 'author_id': 'handle:WhodeyAI'} (logged to /Users/fuchitalee/development/minimax-marketing/x-monitoring/data/runs/2026-07-15/enum_dead_letter.jsonl)
dead-letter enum: family=role value='unknown' context={'table': 'brands_accounts', 'brand_id': 'glm', 'author_id': 'handle:daddytime52'} (logged to /Users/fuchitalee/development/minimax-marketing/x-monitoring/data/runs/2026-07-15/enum_dead_letter.jsonl)
dead-letter enum: family=role value='unknown' context={'table': 'brands_accounts', 'brand_id': 'glm', 'author_id': 'handle:IamEmily2050'} (logged to /Users/fuchitalee/development/minimax-marketing/x-monitoring/data/runs/2026-07-15/enum_dead_letter.jsonl)
dead-letter enum: family=role value='unknown' context={'table': 'brands_accounts', 'brand_id': 'glm', 'author_id': 'handle:morganlinton'} (logged to /Users/fuchitalee/development/minimax-marketing/x-monitoring/data/runs/2026-07-15/enum_dead_letter.jsonl)
dead-letter enum: family=role value='unknown' context={'table': 'brands_accounts', 'brand_id': 'glm', 'author_id': 'handle:SimonLM_Dev'} (logged to /Users/fuchitalee/development/minimax-marketing/x-monitoring/data/runs/2026-07-15/enum_dead_letter.jsonl)
dead-letter enum: family=role value='unknown' context={'table': 'brands_accounts', 'brand_id': 'glm', 'author_id': 'handle:techsnif'} (logged to /Users/fuchitalee/development/minimax-marketing/x-monitoring/data/runs/2026-07-15/enum_dead_letter.jsonl)
dead-letter enum: family=role value='unknown' context={'table': 'brands_accounts', 'brand_id': 'glm', 'author_id': 'handle:devops724'} (logged to /Users/fuchitalee/development/minimax-marketing/x-monitoring/data/runs/2026-07-15/enum_dead_letter.jsonl)
dead-letter enum: family=role value='unknown' context={'table': 'brands_accounts', 'brand_id': 'glm', 'author_id': 'handle:derariob'} (logged to /Users/fuchitalee/development/minimax-marketing/x-monitoring/data/runs/2026-07-15/enum_dead_letter.jsonl)
dead-letter enum: family=role value='unknown' context={'table': 'brands_accounts', 'brand_id': 'glm', 'author_id': 'handle:cyborg5000'} (logged to /Users/fuchitalee/development/minimax-marketing/x-monitoring/data/runs/2026-07-15/enum_dead_letter.jsonl)
dead-letter enum: family=role value='unknown' context={'table': 'brands_accounts', 'brand_id': 'glm', 'author_id': 'handle:rizur1zu'} (logged to /Users/fuchitalee/development/minimax-marketing/x-monitoring/data/runs/2026-07-15/enum_dead_letter.jsonl)
dead-letter enum: family=role value='unknown' context={'table': 'brands_accounts', 'brand_id': 'glm', 'author_id': 'handle:a_dub86'} (logged to /Users/fuchitalee/development/minimax-marketing/x-monitoring/data/runs/2026-07-15/enum_dead_letter.jsonl)
dead-letter enum: family=role value='unknown' context={'table': 'brands_accounts', 'brand_id': 'glm', 'author_id': 'handle:slicknet'} (logged to /Users/fuchitalee/development/minimax-marketing/x-monitoring/data/runs/2026-07-15/enum_dead_letter.jsonl)
dead-letter enum: family=role value='unknown' context={'table': 'brands_accounts', 'brand_id': 'glm', 'author_id': 'handle:TheValueist'} (logged to /Users/fuchitalee/development/minimax-marketing/x-monitoring/data/runs/2026-07-15/enum_dead_letter.jsonl)
dead-letter enum: family=role value='unknown' context={'table': 'brands_accounts', 'brand_id': 'glm', 'author_id': 'handle:doubji'} (logged to /Users/fuchitalee/development/minimax-marketing/x-monitoring/data/runs/2026-07-15/enum_dead_letter.jsonl)
dead-letter enum: family=role value='unknown' context={'table': 'brands_accounts', 'brand_id': 'glm', 'author_id': 'handle:Adam05296985'} (logged to /Users/fuchitalee/development/minimax-marketing/x-monitoring/data/runs/2026-07-15/enum_dead_letter.jsonl)
dead-letter enum: family=role value='unknown' context={'table': 'brands_accounts', 'brand_id': 'glm', 'author_id': 'handle:SpletniZvocnik'} (logged to /Users/fuchitalee/development/minimax-marketing/x-monitoring/data/runs/2026-07-15/enum_dead_letter.jsonl)
dead-letter enum: family=role value='unknown' context={'table': 'brands_accounts', 'brand_id': 'glm', 'author_id': 'handle:lordeustus'} (logged to /Users/fuchitalee/development/minimax-marketing/x-monitoring/data/runs/2026-07-15/enum_dead_letter.jsonl)
dead-letter enum: family=role value='unknown' context={'table': 'brands_accounts', 'brand_id': 'glm', 'author_id': 'handle:wy_heart'} (logged to /Users/fuchitalee/development/minimax-marketing/x-monitoring/data/runs/2026-07-15/enum_dead_letter.jsonl)
dead-letter enum: family=role value='unknown' context={'table': 'brands_accounts', 'brand_id': 'glm', 'author_id': 'handle:notjazii'} (logged to /Users/fuchitalee/development/minimax-marketing/x-monitoring/data/runs/2026-07-15/enum_dead_letter.jsonl)
dead-letter enum: family=role value='unknown' context={'table': 'brands_accounts', 'brand_id': 'glm', 'author_id': 'handle:Lehani_'} (logged to /Users/fuchitalee/development/minimax-marketing/x-monitoring/data/runs/2026-07-15/enum_dead_letter.jsonl)
dead-letter enum: family=role value='unknown' context={'table': 'brands_accounts', 'brand_id': 'glm', 'author_id': 'handle:oooo0ooooo10'} (logged to /Users/fuchitalee/development/minimax-marketing/x-monitoring/data/runs/2026-07-15/enum_dead_letter.jsonl)
dead-letter enum: family=role value='unknown' context={'table': 'brands_accounts', 'brand_id': 'glm', 'author_id': 'handle:quantum_babylon'} (logged to /Users/fuchitalee/development/minimax-marketing/x-monitoring/data/runs/2026-07-15/enum_dead_letter.jsonl)
dead-letter enum: family=role value='unknown' context={'table': 'brands_accounts', 'brand_id': 'glm', 'author_id': 'handle:Returnz15'} (logged to /Users/fuchitalee/development/minimax-marketing/x-monitoring/data/runs/2026-07-15/enum_dead_letter.jsonl)
dead-letter enum: family=role value='unknown' context={'table': 'brands_accounts', 'brand_id': 'glm', 'author_id': 'handle:wow_finwit'} (logged to /Users/fuchitalee/development/minimax-marketing/x-monitoring/data/runs/2026-07-15/enum_dead_letter.jsonl)
dead-letter enum: family=role value='unknown' context={'table': 'brands_accounts', 'brand_id': 'glm', 'author_id': 'handle:AgorithmAg'} (logged to /Users/fuchitalee/development/minimax-marketing/x-monitoring/data/runs/2026-07-15/enum_dead_letter.jsonl)
dead-letter enum: family=role value='unknown' context={'table': 'brands_accounts', 'brand_id': 'glm', 'author_id': 'handle:VoiceOverStars'} (logged to /Users/fuchitalee/development/minimax-marketing/x-monitoring/data/runs/2026-07-15/enum_dead_letter.jsonl)
dead-letter enum: family=role value='unknown' context={'table': 'brands_accounts', 'brand_id': 'glm', 'author_id': 'handle:ozgurileai'} (logged to /Users/fuchitalee/development/minimax-marketing/x-monitoring/data/runs/2026-07-15/enum_dead_letter.jsonl)
dead-letter enum: family=role value='unknown' context={'table': 'brands_accounts', 'brand_id': 'glm', 'author_id': 'handle:codemarch'} (logged to /Users/fuchitalee/development/minimax-marketing/x-monitoring/data/runs/2026-07-15/enum_dead_letter.jsonl)
dead-letter enum: family=role value='unknown' context={'table': 'brands_accounts', 'brand_id': 'glm', 'author_id': 'handle:MaxKongerskov'} (logged to /Users/fuchitalee/development/minimax-marketing/x-monitoring/data/runs/2026-07-15/enum_dead_letter.jsonl)
dead-letter enum: family=role value='unknown' context={'table': 'brands_accounts', 'brand_id': 'glm', 'author_id': 'handle:ReinierButot'} (logged to /Users/fuchitalee/development/minimax-marketing/x-monitoring/data/runs/2026-07-15/enum_dead_letter.jsonl)
dead-letter enum: family=role value='unknown' context={'table': 'brands_accounts', 'brand_id': 'glm', 'author_id': 'handle:SpoonOS_ai'} (logged to /Users/fuchitalee/development/minimax-marketing/x-monitoring/data/runs/2026-07-15/enum_dead_letter.jsonl)
dead-letter enum: family=role value='unknown' context={'table': 'brands_accounts', 'brand_id': 'glm', 'author_id': 'handle:comman_official'} (logged to /Users/fuchitalee/development/minimax-marketing/x-monitoring/data/runs/2026-07-15/enum_dead_letter.jsonl)
dead-letter enum: family=role value='unknown' context={'table': 'brands_accounts', 'brand_id': 'glm', 'author_id': 'handle:iux_official'} (logged to /Users/fuchitalee/development/minimax-marketing/x-monitoring/data/runs/2026-07-15/enum_dead_letter.jsonl)
dead-letter enum: family=role value='unknown' context={'table': 'brands_accounts', 'brand_id': 'glm', 'author_id': 'handle:VenkatBalakumar'} (logged to /Users/fuchitalee/development/minimax-marketing/x-monitoring/data/runs/2026-07-15/enum_dead_letter.jsonl)
dead-letter enum: family=role value='unknown' context={'table': 'brands_accounts', 'brand_id': 'glm', 'author_id': 'handle:HungryMinded'} (logged to /Users/fuchitalee/development/minimax-marketing/x-monitoring/data/runs/2026-07-15/enum_dead_letter.jsonl)
dead-letter enum: family=role value='unknown' context={'table': 'brands_accounts', 'brand_id': 'glm', 'author_id': 'handle:TechByMarkandey'} (logged to /Users/fuchitalee/development/minimax-marketing/x-monitoring/data/runs/2026-07-15/enum_dead_letter.jsonl)
dead-letter enum: family=role value='unknown' context={'table': 'brands_accounts', 'brand_id': 'glm', 'author_id': 'handle:sandhilt'} (logged to /Users/fuchitalee/development/minimax-marketing/x-monitoring/data/runs/2026-07-15/enum_dead_letter.jsonl)
dead-letter enum: family=role value='unknown' context={'table': 'brands_accounts', 'brand_id': 'glm', 'author_id': 'handle:gabrielsmAI'} (logged to /Users/fuchitalee/development/minimax-marketing/x-monitoring/data/runs/2026-07-15/enum_dead_letter.jsonl)
dead-letter enum: family=role value='unknown' context={'table': 'brands_accounts', 'brand_id': 'glm', 'author_id': 'handle:TSieranski'} (logged to /Users/fuchitalee/development/minimax-marketing/x-monitoring/data/runs/2026-07-15/enum_dead_letter.jsonl)
dead-letter enum: family=role value='unknown' context={'table': 'brands_accounts', 'brand_id': 'glm', 'author_id': 'handle:tphuang'} (logged to /Users/fuchitalee/development/minimax-marketing/x-monitoring/data/runs/2026-07-15/enum_dead_letter.jsonl)
dead-letter enum: family=role value='unknown' context={'table': 'brands_accounts', 'brand_id': 'glm', 'author_id': 'handle:gagarot200'} (logged to /Users/fuchitalee/development/minimax-marketing/x-monitoring/data/runs/2026-07-15/enum_dead_letter.jsonl)
dead-letter enum: family=role value='unknown' context={'table': 'brands_accounts', 'brand_id': 'glm', 'author_id': 'handle:oceansbaby_'} (logged to /Users/fuchitalee/development/minimax-marketing/x-monitoring/data/runs/2026-07-15/enum_dead_letter.jsonl)
dead-letter enum: family=role value='unknown' context={'table': 'brands_accounts', 'brand_id': 'glm', 'author_id': 'handle:agarwal_nipurn'} (logged to /Users/fuchitalee/development/minimax-marketing/x-monitoring/data/runs/2026-07-15/enum_dead_letter.jsonl)
dead-letter enum: family=role value='unknown' context={'table': 'brands_accounts', 'brand_id': 'glm', 'author_id': 'handle:pawnie_'} (logged to /Users/fuchitalee/development/minimax-marketing/x-monitoring/data/runs/2026-07-15/enum_dead_letter.jsonl)
dead-letter enum: family=role value='unknown' context={'table': 'brands_accounts', 'brand_id': 'glm', 'author_id': 'handle:pcuenq'} (logged to /Users/fuchitalee/development/minimax-marketing/x-monitoring/data/runs/2026-07-15/enum_dead_letter.jsonl)
dead-letter enum: family=role value='unknown' context={'table': 'brands_accounts', 'brand_id': 'glm', 'author_id': 'handle:matheusm7353'} (logged to /Users/fuchitalee/development/minimax-marketing/x-monitoring/data/runs/2026-07-15/enum_dead_letter.jsonl)
dead-letter enum: family=role value='unknown' context={'table': 'brands_accounts', 'brand_id': 'glm', 'author_id': 'handle:Zevweb3'} (logged to /Users/fuchitalee/development/minimax-marketing/x-monitoring/data/runs/2026-07-15/enum_dead_letter.jsonl)
dead-letter enum: family=role value='unknown' context={'table': 'brands_accounts', 'brand_id': 'glm', 'author_id': 'handle:fatmanplaydiec1'} (logged to /Users/fuchitalee/development/minimax-marketing/x-monitoring/data/runs/2026-07-15/enum_dead_letter.jsonl)
dead-letter enum: family=role value='unknown' context={'table': 'brands_accounts', 'brand_id': 'glm', 'author_id': 'handle:AskinYlmaz'} (logged to /Users/fuchitalee/development/minimax-marketing/x-monitoring/data/runs/2026-07-15/enum_dead_letter.jsonl)
dead-letter enum: family=role value='unknown' context={'table': 'brands_accounts', 'brand_id': 'glm', 'author_id': 'handle:RetroCoderX'} (logged to /Users/fuchitalee/development/minimax-marketing/x-monitoring/data/runs/2026-07-15/enum_dead_letter.jsonl)
dead-letter enum: family=role value='unknown' context={'table': 'brands_accounts', 'brand_id': 'glm', 'author_id': 'handle:EthereumRemix'} (logged to /Users/fuchitalee/development/minimax-marketing/x-monitoring/data/runs/2026-07-15/enum_dead_letter.jsonl)
dead-letter enum: family=role value='unknown' context={'table': 'brands_accounts', 'brand_id': 'glm', 'author_id': 'handle:EOTW2024'} (logged to /Users/fuchitalee/development/minimax-marketing/x-monitoring/data/runs/2026-07-15/enum_dead_letter.jsonl)
dead-letter enum: family=role value='unknown' context={'table': 'brands_accounts', 'brand_id': 'glm', 'author_id': 'handle:staylightblow8'} (logged to /Users/fuchitalee/development/minimax-marketing/x-monitoring/data/runs/2026-07-15/enum_dead_letter.jsonl)
dead-letter enum: family=role value='unknown' context={'table': 'brands_accounts', 'brand_id': 'glm', 'author_id': 'handle:pastaraspberry'} (logged to /Users/fuchitalee/development/minimax-marketing/x-monitoring/data/runs/2026-07-15/enum_dead_letter.jsonl)
dead-letter enum: family=role value='unknown' context={'table': 'brands_accounts', 'brand_id': 'glm', 'author_id': 'handle:xy050310'} (logged to /Users/fuchitalee/development/minimax-marketing/x-monitoring/data/runs/2026-07-15/enum_dead_letter.jsonl)
dead-letter enum: family=role value='unknown' context={'table': 'brands_accounts', 'brand_id': 'glm', 'author_id': 'handle:DreamCrypto99'} (logged to /Users/fuchitalee/development/minimax-marketing/x-monitoring/data/runs/2026-07-15/enum_dead_letter.jsonl)
dead-letter enum: family=role value='unknown' context={'table': 'brands_accounts', 'brand_id': 'glm', 'author_id': 'handle:zhuahua1'} (logged to /Users/fuchitalee/development/minimax-marketing/x-monitoring/data/runs/2026-07-15/enum_dead_letter.jsonl)
dead-letter enum: family=role value='unknown' context={'table': 'brands_accounts', 'brand_id': 'glm', 'author_id': 'handle:realpurplecandy'} (logged to /Users/fuchitalee/development/minimax-marketing/x-monitoring/data/runs/2026-07-15/enum_dead_letter.jsonl)
dead-letter enum: family=role value='unknown' context={'table': 'brands_accounts', 'brand_id': 'glm', 'author_id': 'handle:Jannat188219'} (logged to /Users/fuchitalee/development/minimax-marketing/x-monitoring/data/runs/2026-07-15/enum_dead_letter.jsonl)
dead-letter enum: family=role value='unknown' context={'table': 'brands_accounts', 'brand_id': 'glm', 'author_id': 'handle:GadgetLeo'} (logged to /Users/fuchitalee/development/minimax-marketing/x-monitoring/data/runs/2026-07-15/enum_dead_letter.jsonl)
dead-letter enum: family=role value='unknown' context={'table': 'brands_accounts', 'brand_id': 'glm', 'author_id': 'handle:ldreisi'} (logged to /Users/fuchitalee/development/minimax-marketing/x-monitoring/data/runs/2026-07-15/enum_dead_letter.jsonl)
dead-letter enum: family=role value='unknown' context={'table': 'brands_accounts', 'brand_id': 'glm', 'author_id': 'handle:vasio01'} (logged to /Users/fuchitalee/development/minimax-marketing/x-monitoring/data/runs/2026-07-15/enum_dead_letter.jsonl)
dead-letter enum: family=role value='unknown' context={'table': 'brands_accounts', 'brand_id': 'glm', 'author_id': 'handle:excel_wang'} (logged to /Users/fuchitalee/development/minimax-marketing/x-monitoring/data/runs/2026-07-15/enum_dead_letter.jsonl)
dead-letter enum: family=role value='unknown' context={'table': 'brands_accounts', 'brand_id': 'glm', 'author_id': 'handle:th_s4m0ht'} (logged to /Users/fuchitalee/development/minimax-marketing/x-monitoring/data/runs/2026-07-15/enum_dead_letter.jsonl)
dead-letter enum: family=role value='unknown' context={'table': 'brands_accounts', 'brand_id': 'glm', 'author_id': 'handle:ReilgunII'} (logged to /Users/fuchitalee/development/minimax-marketing/x-monitoring/data/runs/2026-07-15/enum_dead_letter.jsonl)
dead-letter enum: family=role value='unknown' context={'table': 'brands_accounts', 'brand_id': 'glm', 'author_id': 'handle:ihxnnxs'} (logged to /Users/fuchitalee/development/minimax-marketing/x-monitoring/data/runs/2026-07-15/enum_dead_letter.jsonl)
dead-letter enum: family=role value='unknown' context={'table': 'brands_accounts', 'brand_id': 'glm', 'author_id': 'handle:zajaccount'} (logged to /Users/fuchitalee/development/minimax-marketing/x-monitoring/data/runs/2026-07-15/enum_dead_letter.jsonl)
dead-letter enum: family=role value='unknown' context={'table': 'brands_accounts', 'brand_id': 'glm', 'author_id': 'handle:JasonZX'} (logged to /Users/fuchitalee/development/minimax-marketing/x-monitoring/data/runs/2026-07-15/enum_dead_letter.jsonl)
dead-letter enum: family=role value='unknown' context={'table': 'brands_accounts', 'brand_id': 'glm', 'author_id': 'handle:Enzorouxx'} (logged to /Users/fuchitalee/development/minimax-marketing/x-monitoring/data/runs/2026-07-15/enum_dead_letter.jsonl)
dead-letter enum: family=role value='unknown' context={'table': 'brands_accounts', 'brand_id': 'glm', 'author_id': 'handle:RokGrabnar'} (logged to /Users/fuchitalee/development/minimax-marketing/x-monitoring/data/runs/2026-07-15/enum_dead_letter.jsonl)
dead-letter enum: family=role value='unknown' context={'table': 'brands_accounts', 'brand_id': 'glm', 'author_id': 'handle:aryasrijan'} (logged to /Users/fuchitalee/development/minimax-marketing/x-monitoring/data/runs/2026-07-15/enum_dead_letter.jsonl)
dead-letter enum: family=role value='unknown' context={'table': 'brands_accounts', 'brand_id': 'glm', 'author_id': 'handle:east_web3'} (logged to /Users/fuchitalee/development/minimax-marketing/x-monitoring/data/runs/2026-07-15/enum_dead_letter.jsonl)
dead-letter enum: family=role value='unknown' context={'table': 'brands_accounts', 'brand_id': 'glm', 'author_id': 'handle:BankofVol'} (logged to /Users/fuchitalee/development/minimax-marketing/x-monitoring/data/runs/2026-07-15/enum_dead_letter.jsonl)
dead-letter enum: family=role value='unknown' context={'table': 'brands_accounts', 'brand_id': 'glm', 'author_id': 'handle:ikuznetsov_com'} (logged to /Users/fuchitalee/development/minimax-marketing/x-monitoring/data/runs/2026-07-15/enum_dead_letter.jsonl)
dead-letter enum: family=role value='unknown' context={'table': 'brands_accounts', 'brand_id': 'glm', 'author_id': 'handle:robertpiosik'} (logged to /Users/fuchitalee/development/minimax-marketing/x-monitoring/data/runs/2026-07-15/enum_dead_letter.jsonl)
dead-letter enum: family=role value='unknown' context={'table': 'brands_accounts', 'brand_id': 'glm', 'author_id': 'handle:SeraAndroid'} (logged to /Users/fuchitalee/development/minimax-marketing/x-monitoring/data/runs/2026-07-15/enum_dead_letter.jsonl)
dead-letter enum: family=role value='unknown' context={'table': 'brands_accounts', 'brand_id': 'glm', 'author_id': 'handle:BiteyeCN'} (logged to /Users/fuchitalee/development/minimax-marketing/x-monitoring/data/runs/2026-07-15/enum_dead_letter.jsonl)
dead-letter enum: family=role value='unknown' context={'table': 'brands_accounts', 'brand_id': 'glm', 'author_id': 'handle:thinkandsinkO'} (logged to /Users/fuchitalee/development/minimax-marketing/x-monitoring/data/runs/2026-07-15/enum_dead_letter.jsonl)
dead-letter enum: family=role value='unknown' context={'table': 'brands_accounts', 'brand_id': 'glm', 'author_id': 'handle:Im_IrushiK'} (logged to /Users/fuchitalee/development/minimax-marketing/x-monitoring/data/runs/2026-07-15/enum_dead_letter.jsonl)
dead-letter enum: family=role value='unknown' context={'table': 'brands_accounts', 'brand_id': 'glm', 'author_id': 'handle:qianyueth'} (logged to /Users/fuchitalee/development/minimax-marketing/x-monitoring/data/runs/2026-07-15/enum_dead_letter.jsonl)
dead-letter enum: family=role value='unknown' context={'table': 'brands_accounts', 'brand_id': 'glm', 'author_id': 'handle:maticpilled'} (logged to /Users/fuchitalee/development/minimax-marketing/x-monitoring/data/runs/2026-07-15/enum_dead_letter.jsonl)
dead-letter enum: family=role value='unknown' context={'table': 'brands_accounts', 'brand_id': 'glm', 'author_id': 'handle:ElizabethhQuinn'} (logged to /Users/fuchitalee/development/minimax-marketing/x-monitoring/data/runs/2026-07-15/enum_dead_letter.jsonl)
dead-letter enum: family=role value='unknown' context={'table': 'brands_accounts', 'brand_id': 'glm', 'author_id': 'handle:mohamed_yo32851'} (logged to /Users/fuchitalee/development/minimax-marketing/x-monitoring/data/runs/2026-07-15/enum_dead_letter.jsonl)
dead-letter enum: family=role value='unknown' context={'table': 'brands_accounts', 'brand_id': 'glm', 'author_id': 'handle:sorajate'} (logged to /Users/fuchitalee/development/minimax-marketing/x-monitoring/data/runs/2026-07-15/enum_dead_letter.jsonl)
dead-letter enum: family=role value='unknown' context={'table': 'brands_accounts', 'brand_id': 'glm', 'author_id': 'handle:IridiumEagle'} (logged to /Users/fuchitalee/development/minimax-marketing/x-monitoring/data/runs/2026-07-15/enum_dead_letter.jsonl)
dead-letter enum: family=role value='unknown' context={'table': 'brands_accounts', 'brand_id': 'glm', 'author_id': 'handle:SkylarrrHash'} (logged to /Users/fuchitalee/development/minimax-marketing/x-monitoring/data/runs/2026-07-15/enum_dead_letter.jsonl)
dead-letter enum: family=role value='unknown' context={'table': 'brands_accounts', 'brand_id': 'glm', 'author_id': 'handle:mitermayer_reis'} (logged to /Users/fuchitalee/development/minimax-marketing/x-monitoring/data/runs/2026-07-15/enum_dead_letter.jsonl)
dead-letter enum: family=role value='unknown' context={'table': 'brands_accounts', 'brand_id': 'glm', 'author_id': 'handle:Javedofficial0'} (logged to /Users/fuchitalee/development/minimax-marketing/x-monitoring/data/runs/2026-07-15/enum_dead_letter.jsonl)
dead-letter enum: family=role value='unknown' context={'table': 'brands_accounts', 'brand_id': 'glm', 'author_id': 'handle:dpandiyan'} (logged to /Users/fuchitalee/development/minimax-marketing/x-monitoring/data/runs/2026-07-15/enum_dead_letter.jsonl)
dead-letter enum: family=role value='unknown' context={'table': 'brands_accounts', 'brand_id': 'glm', 'author_id': 'handle:RonaldRateLimit'} (logged to /Users/fuchitalee/development/minimax-marketing/x-monitoring/data/runs/2026-07-15/enum_dead_letter.jsonl)
dead-letter enum: family=role value='unknown' context={'table': 'brands_accounts', 'brand_id': 'glm', 'author_id': 'handle:toolbar23'} (logged to /Users/fuchitalee/development/minimax-marketing/x-monitoring/data/runs/2026-07-15/enum_dead_letter.jsonl)
dead-letter enum: family=role value='unknown' context={'table': 'brands_accounts', 'brand_id': 'glm', 'author_id': 'handle:ChiefAgenteer'} (logged to /Users/fuchitalee/development/minimax-marketing/x-monitoring/data/runs/2026-07-15/enum_dead_letter.jsonl)
dead-letter enum: family=role value='unknown' context={'table': 'brands_accounts', 'brand_id': 'glm', 'author_id': 'handle:avaisaziz'} (logged to /Users/fuchitalee/development/minimax-marketing/x-monitoring/data/runs/2026-07-15/enum_dead_letter.jsonl)
dead-letter enum: family=role value='unknown' context={'table': 'brands_accounts', 'brand_id': 'glm', 'author_id': 'handle:harakoozo'} (logged to /Users/fuchitalee/development/minimax-marketing/x-monitoring/data/runs/2026-07-15/enum_dead_letter.jsonl)
dead-letter enum: family=role value='unknown' context={'table': 'brands_accounts', 'brand_id': 'glm', 'author_id': 'handle:AdarshChetan'} (logged to /Users/fuchitalee/development/minimax-marketing/x-monitoring/data/runs/2026-07-15/enum_dead_letter.jsonl)
dead-letter enum: family=role value='unknown' context={'table': 'brands_accounts', 'brand_id': 'glm', 'author_id': 'handle:m_im_ha'} (logged to /Users/fuchitalee/development/minimax-marketing/x-monitoring/data/runs/2026-07-15/enum_dead_letter.jsonl)
dead-letter enum: family=role value='unknown' context={'table': 'brands_accounts', 'brand_id': 'glm', 'author_id': 'handle:nemyrx'} (logged to /Users/fuchitalee/development/minimax-marketing/x-monitoring/data/runs/2026-07-15/enum_dead_letter.jsonl)
dead-letter enum: family=role value='unknown' context={'table': 'brands_accounts', 'brand_id': 'glm', 'author_id': 'handle:QuixiAI'} (logged to /Users/fuchitalee/development/minimax-marketing/x-monitoring/data/runs/2026-07-15/enum_dead_letter.jsonl)
dead-letter enum: family=role value='unknown' context={'table': 'brands_accounts', 'brand_id': 'glm', 'author_id': 'handle:TheAbhimanyuX'} (logged to /Users/fuchitalee/development/minimax-marketing/x-monitoring/data/runs/2026-07-15/enum_dead_letter.jsonl)
dead-letter enum: family=role value='unknown' context={'table': 'brands_accounts', 'brand_id': 'glm', 'author_id': 'handle:NeuralCatAccel'} (logged to /Users/fuchitalee/development/minimax-marketing/x-monitoring/data/runs/2026-07-15/enum_dead_letter.jsonl)
dead-letter enum: family=role value='unknown' context={'table': 'brands_accounts', 'brand_id': 'glm', 'author_id': 'handle:5kyguydev'} (logged to /Users/fuchitalee/development/minimax-marketing/x-monitoring/data/runs/2026-07-15/enum_dead_letter.jsonl)
dead-letter enum: family=role value='unknown' context={'table': 'brands_accounts', 'brand_id': 'glm', 'author_id': 'handle:CuriaCEO'} (logged to /Users/fuchitalee/development/minimax-marketing/x-monitoring/data/runs/2026-07-15/enum_dead_letter.jsonl)
dead-letter enum: family=role value='unknown' context={'table': 'brands_accounts', 'brand_id': 'glm', 'author_id': 'handle:niceguysash'} (logged to /Users/fuchitalee/development/minimax-marketing/x-monitoring/data/runs/2026-07-15/enum_dead_letter.jsonl)
dead-letter enum: family=role value='unknown' context={'table': 'brands_accounts', 'brand_id': 'glm', 'author_id': 'handle:jiashu211'} (logged to /Users/fuchitalee/development/minimax-marketing/x-monitoring/data/runs/2026-07-15/enum_dead_letter.jsonl)
dead-letter enum: family=role value='unknown' context={'table': 'brands_accounts', 'brand_id': 'glm', 'author_id': 'handle:StefanMaier'} (logged to /Users/fuchitalee/development/minimax-marketing/x-monitoring/data/runs/2026-07-15/enum_dead_letter.jsonl)
dead-letter enum: family=role value='unknown' context={'table': 'brands_accounts', 'brand_id': 'glm', 'author_id': 'handle:XavierLocalAI'} (logged to /Users/fuchitalee/development/minimax-marketing/x-monitoring/data/runs/2026-07-15/enum_dead_letter.jsonl)
dead-letter enum: family=role value='unknown' context={'table': 'brands_accounts', 'brand_id': 'glm', 'author_id': 'handle:gausts_pgs'} (logged to /Users/fuchitalee/development/minimax-marketing/x-monitoring/data/runs/2026-07-15/enum_dead_letter.jsonl)
dead-letter enum: family=role value='unknown' context={'table': 'brands_accounts', 'brand_id': 'glm', 'author_id': 'handle:02Crissey'} (logged to /Users/fuchitalee/development/minimax-marketing/x-monitoring/data/runs/2026-07-15/enum_dead_letter.jsonl)
dead-letter enum: family=role value='unknown' context={'table': 'brands_accounts', 'brand_id': 'glm', 'author_id': 'handle:teortaxesTex'} (logged to /Users/fuchitalee/development/minimax-marketing/x-monitoring/data/runs/2026-07-15/enum_dead_letter.jsonl)
dead-letter enum: family=role value='unknown' context={'table': 'brands_accounts', 'brand_id': 'glm', 'author_id': 'handle:CarolGLMs'} (logged to /Users/fuchitalee/development/minimax-marketing/x-monitoring/data/runs/2026-07-15/enum_dead_letter.jsonl)
dead-letter enum: family=role value='unknown' context={'table': 'brands_accounts', 'brand_id': 'glm', 'author_id': 'handle:SubarcticRec'} (logged to /Users/fuchitalee/development/minimax-marketing/x-monitoring/data/runs/2026-07-15/enum_dead_letter.jsonl)
dead-letter enum: family=role value='unknown' context={'table': 'brands_accounts', 'brand_id': 'glm', 'author_id': 'handle:bxiaokang'} (logged to /Users/fuchitalee/development/minimax-marketing/x-monitoring/data/runs/2026-07-15/enum_dead_letter.jsonl)
dead-letter enum: family=role value='unknown' context={'table': 'brands_accounts', 'brand_id': 'glm', 'author_id': 'handle:thaonlyjonathan'} (logged to /Users/fuchitalee/development/minimax-marketing/x-monitoring/data/runs/2026-07-15/enum_dead_letter.jsonl)
dead-letter enum: family=role value='unknown' context={'table': 'brands_accounts', 'brand_id': 'glm', 'author_id': 'handle:SD_Josh_X'} (logged to /Users/fuchitalee/development/minimax-marketing/x-monitoring/data/runs/2026-07-15/enum_dead_letter.jsonl)
dead-letter enum: family=role value='unknown' context={'table': 'brands_accounts', 'brand_id': 'glm', 'author_id': 'handle:ntphuong22015'} (logged to /Users/fuchitalee/development/minimax-marketing/x-monitoring/data/runs/2026-07-15/enum_dead_letter.jsonl)
dead-letter enum: family=role value='unknown' context={'table': 'brands_accounts', 'brand_id': 'glm', 'author_id': 'handle:realNyarime'} (logged to /Users/fuchitalee/development/minimax-marketing/x-monitoring/data/runs/2026-07-15/enum_dead_letter.jsonl)
dead-letter enum: family=role value='unknown' context={'table': 'brands_accounts', 'brand_id': 'glm', 'author_id': 'handle:FloorIsTired'} (logged to /Users/fuchitalee/development/minimax-marketing/x-monitoring/data/runs/2026-07-15/enum_dead_letter.jsonl)
dead-letter enum: family=role value='unknown' context={'table': 'brands_accounts', 'brand_id': 'glm', 'author_id': 'handle:Anitahityou'} (logged to /Users/fuchitalee/development/minimax-marketing/x-monitoring/data/runs/2026-07-15/enum_dead_letter.jsonl)
dead-letter enum: family=role value='unknown' context={'table': 'brands_accounts', 'brand_id': 'glm', 'author_id': 'handle:nftsiy'} (logged to /Users/fuchitalee/development/minimax-marketing/x-monitoring/data/runs/2026-07-15/enum_dead_letter.jsonl)
dead-letter enum: family=role value='unknown' context={'table': 'brands_accounts', 'brand_id': 'glm', 'author_id': 'handle:vnicolici'} (logged to /Users/fuchitalee/development/minimax-marketing/x-monitoring/data/runs/2026-07-15/enum_dead_letter.jsonl)
dead-letter enum: family=role value='unknown' context={'table': 'brands_accounts', 'brand_id': 'glm', 'author_id': 'handle:PeteCapeCod'} (logged to /Users/fuchitalee/development/minimax-marketing/x-monitoring/data/runs/2026-07-15/enum_dead_letter.jsonl)
dead-letter enum: family=role value='unknown' context={'table': 'brands_accounts', 'brand_id': 'glm', 'author_id': 'handle:alphatozeta8148'} (logged to /Users/fuchitalee/development/minimax-marketing/x-monitoring/data/runs/2026-07-15/enum_dead_letter.jsonl)
dead-letter enum: family=role value='unknown' context={'table': 'brands_accounts', 'brand_id': 'glm', 'author_id': 'handle:Sakura_dacc'} (logged to /Users/fuchitalee/development/minimax-marketing/x-monitoring/data/runs/2026-07-15/enum_dead_letter.jsonl)
dead-letter enum: family=role value='unknown' context={'table': 'brands_accounts', 'brand_id': 'glm', 'author_id': 'handle:killix'} (logged to /Users/fuchitalee/development/minimax-marketing/x-monitoring/data/runs/2026-07-15/enum_dead_letter.jsonl)
dead-letter enum: family=role value='unknown' context={'table': 'brands_accounts', 'brand_id': 'glm', 'author_id': 'handle:sprirt24'} (logged to /Users/fuchitalee/development/minimax-marketing/x-monitoring/data/runs/2026-07-15/enum_dead_letter.jsonl)
dead-letter enum: family=role value='unknown' context={'table': 'brands_accounts', 'brand_id': 'glm', 'author_id': 'handle:irotaka3'} (logged to /Users/fuchitalee/development/minimax-marketing/x-monitoring/data/runs/2026-07-15/enum_dead_letter.jsonl)
dead-letter enum: family=role value='unknown' context={'table': 'brands_accounts', 'brand_id': 'glm', 'author_id': 'handle:1Silverandcold'} (logged to /Users/fuchitalee/development/minimax-marketing/x-monitoring/data/runs/2026-07-15/enum_dead_letter.jsonl)
dead-letter enum: family=role value='unknown' context={'table': 'brands_accounts', 'brand_id': 'glm', 'author_id': 'handle:bitcoindudebro'} (logged to /Users/fuchitalee/development/minimax-marketing/x-monitoring/data/runs/2026-07-15/enum_dead_letter.jsonl)
dead-letter enum: family=role value='unknown' context={'table': 'brands_accounts', 'brand_id': 'glm', 'author_id': 'handle:AhmadShiddiqN'} (logged to /Users/fuchitalee/development/minimax-marketing/x-monitoring/data/runs/2026-07-15/enum_dead_letter.jsonl)
dead-letter enum: family=role value='unknown' context={'table': 'brands_accounts', 'brand_id': 'glm', 'author_id': 'handle:jeremychone'} (logged to /Users/fuchitalee/development/minimax-marketing/x-monitoring/data/runs/2026-07-15/enum_dead_letter.jsonl)
dead-letter enum: family=role value='unknown' context={'table': 'brands_accounts', 'brand_id': 'glm', 'author_id': 'handle:icemoreg'} (logged to /Users/fuchitalee/development/minimax-marketing/x-monitoring/data/runs/2026-07-15/enum_dead_letter.jsonl)
dead-letter enum: family=role value='unknown' context={'table': 'brands_accounts', 'brand_id': 'glm', 'author_id': 'handle:contextreportai'} (logged to /Users/fuchitalee/development/minimax-marketing/x-monitoring/data/runs/2026-07-15/enum_dead_letter.jsonl)
dead-letter enum: family=role value='unknown' context={'table': 'brands_accounts', 'brand_id': 'glm', 'author_id': 'handle:F_A_T_W_'} (logged to /Users/fuchitalee/development/minimax-marketing/x-monitoring/data/runs/2026-07-15/enum_dead_letter.jsonl)
dead-letter enum: family=role value='unknown' context={'table': 'brands_accounts', 'brand_id': 'glm', 'author_id': 'handle:failclosedgirl'} (logged to /Users/fuchitalee/development/minimax-marketing/x-monitoring/data/runs/2026-07-15/enum_dead_letter.jsonl)
dead-letter enum: family=role value='unknown' context={'table': 'brands_accounts', 'brand_id': 'glm', 'author_id': 'handle:OrganicGPT'} (logged to /Users/fuchitalee/development/minimax-marketing/x-monitoring/data/runs/2026-07-15/enum_dead_letter.jsonl)
dead-letter enum: family=role value='unknown' context={'table': 'brands_accounts', 'brand_id': 'glm', 'author_id': 'handle:ZackD0x'} (logged to /Users/fuchitalee/development/minimax-marketing/x-monitoring/data/runs/2026-07-15/enum_dead_letter.jsonl)
dead-letter enum: family=role value='unknown' context={'table': 'brands_accounts', 'brand_id': 'glm', 'author_id': 'handle:Younes_Hatti'} (logged to /Users/fuchitalee/development/minimax-marketing/x-monitoring/data/runs/2026-07-15/enum_dead_letter.jsonl)
dead-letter enum: family=role value='unknown' context={'table': 'brands_accounts', 'brand_id': 'glm', 'author_id': 'handle:p123415251'} (logged to /Users/fuchitalee/development/minimax-marketing/x-monitoring/data/runs/2026-07-15/enum_dead_letter.jsonl)
dead-letter enum: family=role value='unknown' context={'table': 'brands_accounts', 'brand_id': 'glm', 'author_id': 'handle:NeoReplicante'} (logged to /Users/fuchitalee/development/minimax-marketing/x-monitoring/data/runs/2026-07-15/enum_dead_letter.jsonl)
dead-letter enum: family=role value='unknown' context={'table': 'brands_accounts', 'brand_id': 'glm', 'author_id': 'handle:urbitverse'} (logged to /Users/fuchitalee/development/minimax-marketing/x-monitoring/data/runs/2026-07-15/enum_dead_letter.jsonl)
dead-letter enum: family=role value='unknown' context={'table': 'brands_accounts', 'brand_id': 'glm', 'author_id': 'handle:MahatiSingh'} (logged to /Users/fuchitalee/development/minimax-marketing/x-monitoring/data/runs/2026-07-15/enum_dead_letter.jsonl)
dead-letter enum: family=role value='unknown' context={'table': 'brands_accounts', 'brand_id': 'glm', 'author_id': 'handle:tobiasthellm'} (logged to /Users/fuchitalee/development/minimax-marketing/x-monitoring/data/runs/2026-07-15/enum_dead_letter.jsonl)
dead-letter enum: family=role value='unknown' context={'table': 'brands_accounts', 'brand_id': 'glm', 'author_id': 'handle:llm_redteam'} (logged to /Users/fuchitalee/development/minimax-marketing/x-monitoring/data/runs/2026-07-15/enum_dead_letter.jsonl)
dead-letter enum: family=role value='unknown' context={'table': 'brands_accounts', 'brand_id': 'glm', 'author_id': 'handle:garrybuilds'} (logged to /Users/fuchitalee/development/minimax-marketing/x-monitoring/data/runs/2026-07-15/enum_dead_letter.jsonl)
dead-letter enum: family=role value='unknown' context={'table': 'brands_accounts', 'brand_id': 'glm', 'author_id': 'handle:HawkChainETH'} (logged to /Users/fuchitalee/development/minimax-marketing/x-monitoring/data/runs/2026-07-15/enum_dead_letter.jsonl)
dead-letter enum: family=role value='unknown' context={'table': 'brands_accounts', 'brand_id': 'glm', 'author_id': 'handle:finitopotatoes'} (logged to /Users/fuchitalee/development/minimax-marketing/x-monitoring/data/runs/2026-07-15/enum_dead_letter.jsonl)
dead-letter enum: family=role value='unknown' context={'table': 'brands_accounts', 'brand_id': 'glm', 'author_id': 'handle:DGeneral101'} (logged to /Users/fuchitalee/development/minimax-marketing/x-monitoring/data/runs/2026-07-15/enum_dead_letter.jsonl)
dead-letter enum: family=role value='unknown' context={'table': 'brands_accounts', 'brand_id': 'glm', 'author_id': 'handle:itsmemarvai'} (logged to /Users/fuchitalee/development/minimax-marketing/x-monitoring/data/runs/2026-07-15/enum_dead_letter.jsonl)
dead-letter enum: family=role value='unknown' context={'table': 'brands_accounts', 'brand_id': 'glm', 'author_id': 'handle:scyshw6492'} (logged to /Users/fuchitalee/development/minimax-marketing/x-monitoring/data/runs/2026-07-15/enum_dead_letter.jsonl)
dead-letter enum: family=role value='unknown' context={'table': 'brands_accounts', 'brand_id': 'glm', 'author_id': 'handle:acloqueg'} (logged to /Users/fuchitalee/development/minimax-marketing/x-monitoring/data/runs/2026-07-15/enum_dead_letter.jsonl)
dead-letter enum: family=role value='unknown' context={'table': 'brands_accounts', 'brand_id': 'glm', 'author_id': 'handle:kage_syntax'} (logged to /Users/fuchitalee/development/minimax-marketing/x-monitoring/data/runs/2026-07-15/enum_dead_letter.jsonl)
dead-letter enum: family=role value='unknown' context={'table': 'brands_accounts', 'brand_id': 'glm', 'author_id': 'handle:brainage19'} (logged to /Users/fuchitalee/development/minimax-marketing/x-monitoring/data/runs/2026-07-15/enum_dead_letter.jsonl)
dead-letter enum: family=role value='unknown' context={'table': 'brands_accounts', 'brand_id': 'glm', 'author_id': 'handle:MousamDas777'} (logged to /Users/fuchitalee/development/minimax-marketing/x-monitoring/data/runs/2026-07-15/enum_dead_letter.jsonl)
dead-letter enum: family=role value='unknown' context={'table': 'brands_accounts', 'brand_id': 'glm', 'author_id': 'handle:rezmeram'} (logged to /Users/fuchitalee/development/minimax-marketing/x-monitoring/data/runs/2026-07-15/enum_dead_letter.jsonl)
dead-letter enum: family=role value='unknown' context={'table': 'brands_accounts', 'brand_id': 'glm', 'author_id': 'handle:Donogzs'} (logged to /Users/fuchitalee/development/minimax-marketing/x-monitoring/data/runs/2026-07-15/enum_dead_letter.jsonl)
dead-letter enum: family=role value='unknown' context={'table': 'brands_accounts', 'brand_id': 'glm', 'author_id': 'handle:THESPEC44497637'} (logged to /Users/fuchitalee/development/minimax-marketing/x-monitoring/data/runs/2026-07-15/enum_dead_letter.jsonl)
dead-letter enum: family=role value='unknown' context={'table': 'brands_accounts', 'brand_id': 'glm', 'author_id': 'handle:F1Iscar'} (logged to /Users/fuchitalee/development/minimax-marketing/x-monitoring/data/runs/2026-07-15/enum_dead_letter.jsonl)
dead-letter enum: family=role value='unknown' context={'table': 'brands_accounts', 'brand_id': 'glm', 'author_id': 'handle:Kayoum98'} (logged to /Users/fuchitalee/development/minimax-marketing/x-monitoring/data/runs/2026-07-15/enum_dead_letter.jsonl)
dead-letter enum: family=role value='unknown' context={'table': 'brands_accounts', 'brand_id': 'glm', 'author_id': 'handle:StudentOffersHQ'} (logged to /Users/fuchitalee/development/minimax-marketing/x-monitoring/data/runs/2026-07-15/enum_dead_letter.jsonl)
dead-letter enum: family=role value='unknown' context={'table': 'brands_accounts', 'brand_id': 'glm', 'author_id': 'handle:ultimape'} (logged to /Users/fuchitalee/development/minimax-marketing/x-monitoring/data/runs/2026-07-15/enum_dead_letter.jsonl)
dead-letter enum: family=role value='unknown' context={'table': 'brands_accounts', 'brand_id': 'glm', 'author_id': 'handle:barrett_nash'} (logged to /Users/fuchitalee/development/minimax-marketing/x-monitoring/data/runs/2026-07-15/enum_dead_letter.jsonl)
dead-letter enum: family=role value='unknown' context={'table': 'brands_accounts', 'brand_id': 'glm', 'author_id': 'handle:droid'} (logged to /Users/fuchitalee/development/minimax-marketing/x-monitoring/data/runs/2026-07-15/enum_dead_letter.jsonl)
dead-letter enum: family=role value='unknown' context={'table': 'brands_accounts', 'brand_id': 'glm', 'author_id': 'handle:Joadys'} (logged to /Users/fuchitalee/development/minimax-marketing/x-monitoring/data/runs/2026-07-15/enum_dead_letter.jsonl)
dead-letter enum: family=role value='unknown' context={'table': 'brands_accounts', 'brand_id': 'glm', 'author_id': 'handle:Onwuta_Kelvin'} (logged to /Users/fuchitalee/development/minimax-marketing/x-monitoring/data/runs/2026-07-15/enum_dead_letter.jsonl)
dead-letter enum: family=role value='unknown' context={'table': 'brands_accounts', 'brand_id': 'glm', 'author_id': 'handle:hxiao'} (logged to /Users/fuchitalee/development/minimax-marketing/x-monitoring/data/runs/2026-07-15/enum_dead_letter.jsonl)
dead-letter enum: family=role value='unknown' context={'table': 'brands_accounts', 'brand_id': 'glm', 'author_id': 'handle:pdp'} (logged to /Users/fuchitalee/development/minimax-marketing/x-monitoring/data/runs/2026-07-15/enum_dead_letter.jsonl)
dead-letter enum: family=role value='unknown' context={'table': 'brands_accounts', 'brand_id': 'glm', 'author_id': 'handle:vsichi'} (logged to /Users/fuchitalee/development/minimax-marketing/x-monitoring/data/runs/2026-07-15/enum_dead_letter.jsonl)
dead-letter enum: family=role value='unknown' context={'table': 'brands_accounts', 'brand_id': 'glm', 'author_id': 'handle:kepochnik'} (logged to /Users/fuchitalee/development/minimax-marketing/x-monitoring/data/runs/2026-07-15/enum_dead_letter.jsonl)
dead-letter enum: family=role value='unknown' context={'table': 'brands_accounts', 'brand_id': 'glm', 'author_id': 'handle:gubatron'} (logged to /Users/fuchitalee/development/minimax-marketing/x-monitoring/data/runs/2026-07-15/enum_dead_letter.jsonl)
dead-letter enum: family=role value='unknown' context={'table': 'brands_accounts', 'brand_id': 'glm', 'author_id': 'handle:ShayanSpiel'} (logged to /Users/fuchitalee/development/minimax-marketing/x-monitoring/data/runs/2026-07-15/enum_dead_letter.jsonl)
dead-letter enum: family=role value='unknown' context={'table': 'brands_accounts', 'brand_id': 'glm', 'author_id': 'handle:CSMN_VF'} (logged to /Users/fuchitalee/development/minimax-marketing/x-monitoring/data/runs/2026-07-15/enum_dead_letter.jsonl)
dead-letter enum: family=role value='unknown' context={'table': 'brands_accounts', 'brand_id': 'glm', 'author_id': 'handle:ColdShalamov'} (logged to /Users/fuchitalee/development/minimax-marketing/x-monitoring/data/runs/2026-07-15/enum_dead_letter.jsonl)
dead-letter enum: family=role value='unknown' context={'table': 'brands_accounts', 'brand_id': 'glm', 'author_id': 'handle:DanutPralea'} (logged to /Users/fuchitalee/development/minimax-marketing/x-monitoring/data/runs/2026-07-15/enum_dead_letter.jsonl)
dead-letter enum: family=role value='unknown' context={'table': 'brands_accounts', 'brand_id': 'glm', 'author_id': 'handle:_virgil19'} (logged to /Users/fuchitalee/development/minimax-marketing/x-monitoring/data/runs/2026-07-15/enum_dead_letter.jsonl)
dead-letter enum: family=role value='unknown' context={'table': 'brands_accounts', 'brand_id': 'glm', 'author_id': 'handle:SinitskiM'} (logged to /Users/fuchitalee/development/minimax-marketing/x-monitoring/data/runs/2026-07-15/enum_dead_letter.jsonl)
dead-letter enum: family=role value='unknown' context={'table': 'brands_accounts', 'brand_id': 'glm', 'author_id': 'handle:rubenssoto_ai'} (logged to /Users/fuchitalee/development/minimax-marketing/x-monitoring/data/runs/2026-07-15/enum_dead_letter.jsonl)
dead-letter enum: family=role value='unknown' context={'table': 'brands_accounts', 'brand_id': 'glm', 'author_id': 'handle:RoliumGens'} (logged to /Users/fuchitalee/development/minimax-marketing/x-monitoring/data/runs/2026-07-15/enum_dead_letter.jsonl)
dead-letter enum: family=role value='unknown' context={'table': 'brands_accounts', 'brand_id': 'glm', 'author_id': 'handle:alphabatcher'} (logged to /Users/fuchitalee/development/minimax-marketing/x-monitoring/data/runs/2026-07-15/enum_dead_letter.jsonl)
dead-letter enum: family=role value='unknown' context={'table': 'brands_accounts', 'brand_id': 'glm', 'author_id': 'handle:ptremblay'} (logged to /Users/fuchitalee/development/minimax-marketing/x-monitoring/data/runs/2026-07-15/enum_dead_letter.jsonl)
dead-letter enum: family=role value='unknown' context={'table': 'brands_accounts', 'brand_id': 'glm', 'author_id': 'handle:SimonDuckerinho'} (logged to /Users/fuchitalee/development/minimax-marketing/x-monitoring/data/runs/2026-07-15/enum_dead_letter.jsonl)
dead-letter enum: family=role value='unknown' context={'table': 'brands_accounts', 'brand_id': 'glm', 'author_id': 'handle:Sherlock_Hopes'} (logged to /Users/fuchitalee/development/minimax-marketing/x-monitoring/data/runs/2026-07-15/enum_dead_letter.jsonl)
dead-letter enum: family=role value='unknown' context={'table': 'brands_accounts', 'brand_id': 'glm', 'author_id': 'handle:moinulmoin'} (logged to /Users/fuchitalee/development/minimax-marketing/x-monitoring/data/runs/2026-07-15/enum_dead_letter.jsonl)
dead-letter enum: family=role value='unknown' context={'table': 'brands_accounts', 'brand_id': 'glm', 'author_id': 'handle:hsdxpro'} (logged to /Users/fuchitalee/development/minimax-marketing/x-monitoring/data/runs/2026-07-15/enum_dead_letter.jsonl)
dead-letter enum: family=role value='unknown' context={'table': 'brands_accounts', 'brand_id': 'glm', 'author_id': 'handle:filicroval'} (logged to /Users/fuchitalee/development/minimax-marketing/x-monitoring/data/runs/2026-07-15/enum_dead_letter.jsonl)
dead-letter enum: family=role value='unknown' context={'table': 'brands_accounts', 'brand_id': 'glm', 'author_id': 'handle:gkingofboston'} (logged to /Users/fuchitalee/development/minimax-marketing/x-monitoring/data/runs/2026-07-15/enum_dead_letter.jsonl)
dead-letter enum: family=role value='unknown' context={'table': 'brands_accounts', 'brand_id': 'glm', 'author_id': 'handle:based_buffalo69'} (logged to /Users/fuchitalee/development/minimax-marketing/x-monitoring/data/runs/2026-07-15/enum_dead_letter.jsonl)
dead-letter enum: family=role value='unknown' context={'table': 'brands_accounts', 'brand_id': 'glm', 'author_id': 'handle:buildwithhassan'} (logged to /Users/fuchitalee/development/minimax-marketing/x-monitoring/data/runs/2026-07-15/enum_dead_letter.jsonl)
dead-letter enum: family=role value='unknown' context={'table': 'brands_accounts', 'brand_id': 'glm', 'author_id': 'handle:rb_eswar'} (logged to /Users/fuchitalee/development/minimax-marketing/x-monitoring/data/runs/2026-07-15/enum_dead_letter.jsonl)
dead-letter enum: family=role value='unknown' context={'table': 'brands_accounts', 'brand_id': 'glm', 'author_id': 'handle:turingbook'} (logged to /Users/fuchitalee/development/minimax-marketing/x-monitoring/data/runs/2026-07-15/enum_dead_letter.jsonl)
dead-letter enum: family=role value='unknown' context={'table': 'brands_accounts', 'brand_id': 'glm', 'author_id': 'handle:AfzalBuilds'} (logged to /Users/fuchitalee/development/minimax-marketing/x-monitoring/data/runs/2026-07-15/enum_dead_letter.jsonl)
dead-letter enum: family=role value='unknown' context={'table': 'brands_accounts', 'brand_id': 'glm', 'author_id': 'handle:MacroBombastic'} (logged to /Users/fuchitalee/development/minimax-marketing/x-monitoring/data/runs/2026-07-15/enum_dead_letter.jsonl)
dead-letter enum: family=role value='unknown' context={'table': 'brands_accounts', 'brand_id': 'glm', 'author_id': 'handle:perclae'} (logged to /Users/fuchitalee/development/minimax-marketing/x-monitoring/data/runs/2026-07-15/enum_dead_letter.jsonl)
dead-letter enum: family=role value='unknown' context={'table': 'brands_accounts', 'brand_id': 'glm', 'author_id': 'handle:0thernes_ai'} (logged to /Users/fuchitalee/development/minimax-marketing/x-monitoring/data/runs/2026-07-15/enum_dead_letter.jsonl)
dead-letter enum: family=role value='unknown' context={'table': 'brands_accounts', 'brand_id': 'glm', 'author_id': 'handle:RijnHartman'} (logged to /Users/fuchitalee/development/minimax-marketing/x-monitoring/data/runs/2026-07-15/enum_dead_letter.jsonl)
dead-letter enum: family=role value='unknown' context={'table': 'brands_accounts', 'brand_id': 'glm', 'author_id': 'handle:HaseebMir91'} (logged to /Users/fuchitalee/development/minimax-marketing/x-monitoring/data/runs/2026-07-15/enum_dead_letter.jsonl)
dead-letter enum: family=role value='unknown' context={'table': 'brands_accounts', 'brand_id': 'glm', 'author_id': 'handle:foryouyeji'} (logged to /Users/fuchitalee/development/minimax-marketing/x-monitoring/data/runs/2026-07-15/enum_dead_letter.jsonl)
dead-letter enum: family=role value='unknown' context={'table': 'brands_accounts', 'brand_id': 'glm', 'author_id': 'handle:TheoLBorges'} (logged to /Users/fuchitalee/development/minimax-marketing/x-monitoring/data/runs/2026-07-15/enum_dead_letter.jsonl)
dead-letter enum: family=role value='unknown' context={'table': 'brands_accounts', 'brand_id': 'glm', 'author_id': 'handle:SergioGMN'} (logged to /Users/fuchitalee/development/minimax-marketing/x-monitoring/data/runs/2026-07-15/enum_dead_letter.jsonl)
dead-letter enum: family=role value='unknown' context={'table': 'brands_accounts', 'brand_id': 'glm', 'author_id': 'handle:krzyzanowskim'} (logged to /Users/fuchitalee/development/minimax-marketing/x-monitoring/data/runs/2026-07-15/enum_dead_letter.jsonl)
dead-letter enum: family=role value='unknown' context={'table': 'brands_accounts', 'brand_id': 'glm', 'author_id': 'handle:djasnive'} (logged to /Users/fuchitalee/development/minimax-marketing/x-monitoring/data/runs/2026-07-15/enum_dead_letter.jsonl)
dead-letter enum: family=role value='unknown' context={'table': 'brands_accounts', 'brand_id': 'glm', 'author_id': 'handle:orenmizr'} (logged to /Users/fuchitalee/development/minimax-marketing/x-monitoring/data/runs/2026-07-15/enum_dead_letter.jsonl)
dead-letter enum: family=role value='unknown' context={'table': 'brands_accounts', 'brand_id': 'glm', 'author_id': 'handle:samudrashasanam'} (logged to /Users/fuchitalee/development/minimax-marketing/x-monitoring/data/runs/2026-07-15/enum_dead_letter.jsonl)
dead-letter enum: family=role value='unknown' context={'table': 'brands_accounts', 'brand_id': 'glm', 'author_id': 'handle:PhantomByteAI'} (logged to /Users/fuchitalee/development/minimax-marketing/x-monitoring/data/runs/2026-07-15/enum_dead_letter.jsonl)
dead-letter enum: family=role value='unknown' context={'table': 'brands_accounts', 'brand_id': 'glm', 'author_id': 'handle:russellclarke9'} (logged to /Users/fuchitalee/development/minimax-marketing/x-monitoring/data/runs/2026-07-15/enum_dead_letter.jsonl)
dead-letter enum: family=role value='unknown' context={'table': 'brands_accounts', 'brand_id': 'glm', 'author_id': 'handle:ctrlswftdelete'} (logged to /Users/fuchitalee/development/minimax-marketing/x-monitoring/data/runs/2026-07-15/enum_dead_letter.jsonl)
dead-letter enum: family=role value='unknown' context={'table': 'brands_accounts', 'brand_id': 'glm', 'author_id': 'handle:growwithsanch'} (logged to /Users/fuchitalee/development/minimax-marketing/x-monitoring/data/runs/2026-07-15/enum_dead_letter.jsonl)
dead-letter enum: family=role value='unknown' context={'table': 'brands_accounts', 'brand_id': 'glm', 'author_id': 'handle:antnjbert'} (logged to /Users/fuchitalee/development/minimax-marketing/x-monitoring/data/runs/2026-07-15/enum_dead_letter.jsonl)
dead-letter enum: family=role value='unknown' context={'table': 'brands_accounts', 'brand_id': 'glm', 'author_id': 'handle:ansujeet'} (logged to /Users/fuchitalee/development/minimax-marketing/x-monitoring/data/runs/2026-07-15/enum_dead_letter.jsonl)
dead-letter enum: family=role value='unknown' context={'table': 'brands_accounts', 'brand_id': 'glm', 'author_id': 'handle:reyneill_'} (logged to /Users/fuchitalee/development/minimax-marketing/x-monitoring/data/runs/2026-07-15/enum_dead_letter.jsonl)
dead-letter enum: family=role value='unknown' context={'table': 'brands_accounts', 'brand_id': 'glm', 'author_id': 'handle:alexandrosM'} (logged to /Users/fuchitalee/development/minimax-marketing/x-monitoring/data/runs/2026-07-15/enum_dead_letter.jsonl)
dead-letter enum: family=role value='unknown' context={'table': 'brands_accounts', 'brand_id': 'glm', 'author_id': 'handle:yale_hwang'} (logged to /Users/fuchitalee/development/minimax-marketing/x-monitoring/data/runs/2026-07-15/enum_dead_letter.jsonl)
dead-letter enum: family=role value='unknown' context={'table': 'brands_accounts', 'brand_id': 'glm', 'author_id': 'handle:offsetx0'} (logged to /Users/fuchitalee/development/minimax-marketing/x-monitoring/data/runs/2026-07-15/enum_dead_letter.jsonl)
dead-letter enum: family=role value='unknown' context={'table': 'brands_accounts', 'brand_id': 'glm', 'author_id': 'handle:Chris_Somewhere'} (logged to /Users/fuchitalee/development/minimax-marketing/x-monitoring/data/runs/2026-07-15/enum_dead_letter.jsonl)
dead-letter enum: family=role value='unknown' context={'table': 'brands_accounts', 'brand_id': 'glm', 'author_id': 'handle:TimDingmanLive'} (logged to /Users/fuchitalee/development/minimax-marketing/x-monitoring/data/runs/2026-07-15/enum_dead_letter.jsonl)
dead-letter enum: family=role value='unknown' context={'table': 'brands_accounts', 'brand_id': 'glm', 'author_id': 'handle:Garabed96'} (logged to /Users/fuchitalee/development/minimax-marketing/x-monitoring/data/runs/2026-07-15/enum_dead_letter.jsonl)
dead-letter enum: family=role value='unknown' context={'table': 'brands_accounts', 'brand_id': 'glm', 'author_id': 'handle:kkiran'} (logged to /Users/fuchitalee/development/minimax-marketing/x-monitoring/data/runs/2026-07-15/enum_dead_letter.jsonl)
dead-letter enum: family=role value='unknown' context={'table': 'brands_accounts', 'brand_id': 'glm', 'author_id': 'handle:SorinBota_X'} (logged to /Users/fuchitalee/development/minimax-marketing/x-monitoring/data/runs/2026-07-15/enum_dead_letter.jsonl)
dead-letter enum: family=role value='unknown' context={'table': 'brands_accounts', 'brand_id': 'glm', 'author_id': 'handle:direkturcrypto'} (logged to /Users/fuchitalee/development/minimax-marketing/x-monitoring/data/runs/2026-07-15/enum_dead_letter.jsonl)
dead-letter enum: family=role value='unknown' context={'table': 'brands_accounts', 'brand_id': 'glm', 'author_id': 'handle:MDAI_Studio'} (logged to /Users/fuchitalee/development/minimax-marketing/x-monitoring/data/runs/2026-07-15/enum_dead_letter.jsonl)
dead-letter enum: family=role value='unknown' context={'table': 'brands_accounts', 'brand_id': 'glm', 'author_id': 'handle:slidow84'} (logged to /Users/fuchitalee/development/minimax-marketing/x-monitoring/data/runs/2026-07-15/enum_dead_letter.jsonl)
dead-letter enum: family=role value='unknown' context={'table': 'brands_accounts', 'brand_id': 'glm', 'author_id': 'handle:Skaly__Bull'} (logged to /Users/fuchitalee/development/minimax-marketing/x-monitoring/data/runs/2026-07-15/enum_dead_letter.jsonl)
dead-letter enum: family=role value='unknown' context={'table': 'brands_accounts', 'brand_id': 'glm', 'author_id': 'handle:MrDuluc'} (logged to /Users/fuchitalee/development/minimax-marketing/x-monitoring/data/runs/2026-07-15/enum_dead_letter.jsonl)
dead-letter enum: family=role value='unknown' context={'table': 'brands_accounts', 'brand_id': 'glm', 'author_id': 'handle:PutinIsAVirus'} (logged to /Users/fuchitalee/development/minimax-marketing/x-monitoring/data/runs/2026-07-15/enum_dead_letter.jsonl)
dead-letter enum: family=role value='unknown' context={'table': 'brands_accounts', 'brand_id': 'glm', 'author_id': 'handle:roanoke_gal'} (logged to /Users/fuchitalee/development/minimax-marketing/x-monitoring/data/runs/2026-07-15/enum_dead_letter.jsonl)
dead-letter enum: family=role value='unknown' context={'table': 'brands_accounts', 'brand_id': 'glm', 'author_id': 'handle:mimu_ai1'} (logged to /Users/fuchitalee/development/minimax-marketing/x-monitoring/data/runs/2026-07-15/enum_dead_letter.jsonl)
dead-letter enum: family=role value='unknown' context={'table': 'brands_accounts', 'brand_id': 'glm', 'author_id': 'handle:luongnv89'} (logged to /Users/fuchitalee/development/minimax-marketing/x-monitoring/data/runs/2026-07-15/enum_dead_letter.jsonl)
dead-letter enum: family=role value='unknown' context={'table': 'brands_accounts', 'brand_id': 'glm', 'author_id': 'handle:itsthedonhashim'} (logged to /Users/fuchitalee/development/minimax-marketing/x-monitoring/data/runs/2026-07-15/enum_dead_letter.jsonl)
dead-letter enum: family=role value='unknown' context={'table': 'brands_accounts', 'brand_id': 'glm', 'author_id': 'handle:aibuilderclub_'} (logged to /Users/fuchitalee/development/minimax-marketing/x-monitoring/data/runs/2026-07-15/enum_dead_letter.jsonl)
dead-letter enum: family=role value='unknown' context={'table': 'brands_accounts', 'brand_id': 'glm', 'author_id': 'handle:vernons'} (logged to /Users/fuchitalee/development/minimax-marketing/x-monitoring/data/runs/2026-07-15/enum_dead_letter.jsonl)
dead-letter enum: family=role value='unknown' context={'table': 'brands_accounts', 'brand_id': 'glm', 'author_id': 'handle:l33veal'} (logged to /Users/fuchitalee/development/minimax-marketing/x-monitoring/data/runs/2026-07-15/enum_dead_letter.jsonl)
dead-letter enum: family=role value='unknown' context={'table': 'brands_accounts', 'brand_id': 'glm', 'author_id': 'handle:lyc_aon'} (logged to /Users/fuchitalee/development/minimax-marketing/x-monitoring/data/runs/2026-07-15/enum_dead_letter.jsonl)
dead-letter enum: family=role value='unknown' context={'table': 'brands_accounts', 'brand_id': 'glm', 'author_id': 'handle:sekizaltmis_'} (logged to /Users/fuchitalee/development/minimax-marketing/x-monitoring/data/runs/2026-07-15/enum_dead_letter.jsonl)
dead-letter enum: family=role value='unknown' context={'table': 'brands_accounts', 'brand_id': 'glm', 'author_id': 'handle:leegmoore'} (logged to /Users/fuchitalee/development/minimax-marketing/x-monitoring/data/runs/2026-07-15/enum_dead_letter.jsonl)
dead-letter enum: family=role value='unknown' context={'table': 'brands_accounts', 'brand_id': 'glm', 'author_id': 'handle:michael_sr24'} (logged to /Users/fuchitalee/development/minimax-marketing/x-monitoring/data/runs/2026-07-15/enum_dead_letter.jsonl)
dead-letter enum: family=role value='unknown' context={'table': 'brands_accounts', 'brand_id': 'glm', 'author_id': 'handle:SpoogemanGhost'} (logged to /Users/fuchitalee/development/minimax-marketing/x-monitoring/data/runs/2026-07-15/enum_dead_letter.jsonl)
dead-letter enum: family=role value='unknown' context={'table': 'brands_accounts', 'brand_id': 'glm', 'author_id': 'handle:FPupusas'} (logged to /Users/fuchitalee/development/minimax-marketing/x-monitoring/data/runs/2026-07-15/enum_dead_letter.jsonl)
dead-letter enum: family=role value='unknown' context={'table': 'brands_accounts', 'brand_id': 'glm', 'author_id': 'handle:stochasticarrot'} (logged to /Users/fuchitalee/development/minimax-marketing/x-monitoring/data/runs/2026-07-15/enum_dead_letter.jsonl)
dead-letter enum: family=role value='unknown' context={'table': 'brands_accounts', 'brand_id': 'glm', 'author_id': 'handle:AndyjiAGI'} (logged to /Users/fuchitalee/development/minimax-marketing/x-monitoring/data/runs/2026-07-15/enum_dead_letter.jsonl)
dead-letter enum: family=role value='unknown' context={'table': 'brands_accounts', 'brand_id': 'glm', 'author_id': 'handle:SBlockspy'} (logged to /Users/fuchitalee/development/minimax-marketing/x-monitoring/data/runs/2026-07-15/enum_dead_letter.jsonl)
dead-letter enum: family=role value='unknown' context={'table': 'brands_accounts', 'brand_id': 'glm', 'author_id': 'handle:Aemilivs3'} (logged to /Users/fuchitalee/development/minimax-marketing/x-monitoring/data/runs/2026-07-15/enum_dead_letter.jsonl)
dead-letter enum: family=role value='unknown' context={'table': 'brands_accounts', 'brand_id': 'glm', 'author_id': 'handle:techxutkarsh'} (logged to /Users/fuchitalee/development/minimax-marketing/x-monitoring/data/runs/2026-07-15/enum_dead_letter.jsonl)
dead-letter enum: family=role value='unknown' context={'table': 'brands_accounts', 'brand_id': 'glm', 'author_id': 'handle:cyrilgupta'} (logged to /Users/fuchitalee/development/minimax-marketing/x-monitoring/data/runs/2026-07-15/enum_dead_letter.jsonl)
dead-letter enum: family=role value='unknown' context={'table': 'brands_accounts', 'brand_id': 'glm', 'author_id': 'handle:Grok9527'} (logged to /Users/fuchitalee/development/minimax-marketing/x-monitoring/data/runs/2026-07-15/enum_dead_letter.jsonl)
dead-letter enum: family=role value='unknown' context={'table': 'brands_accounts', 'brand_id': 'glm', 'author_id': 'handle:dioogosilv'} (logged to /Users/fuchitalee/development/minimax-marketing/x-monitoring/data/runs/2026-07-15/enum_dead_letter.jsonl)
dead-letter enum: family=role value='unknown' context={'table': 'brands_accounts', 'brand_id': 'glm', 'author_id': 'handle:JohnDotOwl'} (logged to /Users/fuchitalee/development/minimax-marketing/x-monitoring/data/runs/2026-07-15/enum_dead_letter.jsonl)
dead-letter enum: family=role value='unknown' context={'table': 'brands_accounts', 'brand_id': 'glm', 'author_id': 'handle:JeffKazzee'} (logged to /Users/fuchitalee/development/minimax-marketing/x-monitoring/data/runs/2026-07-15/enum_dead_letter.jsonl)
dead-letter enum: family=role value='unknown' context={'table': 'brands_accounts', 'brand_id': 'glm', 'author_id': 'handle:JuxhinCelaEU'} (logged to /Users/fuchitalee/development/minimax-marketing/x-monitoring/data/runs/2026-07-15/enum_dead_letter.jsonl)
dead-letter enum: family=role value='unknown' context={'table': 'brands_accounts', 'brand_id': 'glm', 'author_id': 'handle:tradeseekers'} (logged to /Users/fuchitalee/development/minimax-marketing/x-monitoring/data/runs/2026-07-15/enum_dead_letter.jsonl)
dead-letter enum: family=role value='unknown' context={'table': 'brands_accounts', 'brand_id': 'glm', 'author_id': 'handle:RoyStory_4'} (logged to /Users/fuchitalee/development/minimax-marketing/x-monitoring/data/runs/2026-07-15/enum_dead_letter.jsonl)
dead-letter enum: family=role value='unknown' context={'table': 'brands_accounts', 'brand_id': 'glm', 'author_id': 'handle:jaeyun_ha'} (logged to /Users/fuchitalee/development/minimax-marketing/x-monitoring/data/runs/2026-07-15/enum_dead_letter.jsonl)
dead-letter enum: family=role value='unknown' context={'table': 'brands_accounts', 'brand_id': 'glm', 'author_id': 'handle:WojciechPiskorz'} (logged to /Users/fuchitalee/development/minimax-marketing/x-monitoring/data/runs/2026-07-15/enum_dead_letter.jsonl)
dead-letter enum: family=role value='unknown' context={'table': 'brands_accounts', 'brand_id': 'glm', 'author_id': 'handle:CryptoValueLabs'} (logged to /Users/fuchitalee/development/minimax-marketing/x-monitoring/data/runs/2026-07-15/enum_dead_letter.jsonl)
dead-letter enum: family=role value='unknown' context={'table': 'brands_accounts', 'brand_id': 'glm', 'author_id': 'handle:thomasheimann'} (logged to /Users/fuchitalee/development/minimax-marketing/x-monitoring/data/runs/2026-07-15/enum_dead_letter.jsonl)
dead-letter enum: family=role value='unknown' context={'table': 'brands_accounts', 'brand_id': 'glm', 'author_id': 'handle:codewithstefan'} (logged to /Users/fuchitalee/development/minimax-marketing/x-monitoring/data/runs/2026-07-15/enum_dead_letter.jsonl)
dead-letter enum: family=role value='unknown' context={'table': 'brands_accounts', 'brand_id': 'glm', 'author_id': 'handle:integrate_ai'} (logged to /Users/fuchitalee/development/minimax-marketing/x-monitoring/data/runs/2026-07-15/enum_dead_letter.jsonl)
dead-letter enum: family=role value='unknown' context={'table': 'brands_accounts', 'brand_id': 'glm', 'author_id': 'handle:NFTreeVerse'} (logged to /Users/fuchitalee/development/minimax-marketing/x-monitoring/data/runs/2026-07-15/enum_dead_letter.jsonl)
dead-letter enum: family=role value='unknown' context={'table': 'brands_accounts', 'brand_id': 'glm', 'author_id': 'handle:karthickdotxyz'} (logged to /Users/fuchitalee/development/minimax-marketing/x-monitoring/data/runs/2026-07-15/enum_dead_letter.jsonl)
dead-letter enum: family=role value='unknown' context={'table': 'brands_accounts', 'brand_id': 'glm', 'author_id': 'handle:stevehou'} (logged to /Users/fuchitalee/development/minimax-marketing/x-monitoring/data/runs/2026-07-15/enum_dead_letter.jsonl)
dead-letter enum: family=role value='unknown' context={'table': 'brands_accounts', 'brand_id': 'glm', 'author_id': 'handle:NWD_Blockchains'} (logged to /Users/fuchitalee/development/minimax-marketing/x-monitoring/data/runs/2026-07-15/enum_dead_letter.jsonl)
dead-letter enum: family=role value='unknown' context={'table': 'brands_accounts', 'brand_id': 'glm', 'author_id': 'handle:Bensam123TV'} (logged to /Users/fuchitalee/development/minimax-marketing/x-monitoring/data/runs/2026-07-15/enum_dead_letter.jsonl)
dead-letter enum: family=role value='unknown' context={'table': 'brands_accounts', 'brand_id': 'glm', 'author_id': 'handle:Capetlevrai'} (logged to /Users/fuchitalee/development/minimax-marketing/x-monitoring/data/runs/2026-07-15/enum_dead_letter.jsonl)
dead-letter enum: family=role value='unknown' context={'table': 'brands_accounts', 'brand_id': 'glm', 'author_id': 'handle:damonnam'} (logged to /Users/fuchitalee/development/minimax-marketing/x-monitoring/data/runs/2026-07-15/enum_dead_letter.jsonl)
dead-letter enum: family=role value='unknown' context={'table': 'brands_accounts', 'brand_id': 'glm', 'author_id': 'handle:0xdimix'} (logged to /Users/fuchitalee/development/minimax-marketing/x-monitoring/data/runs/2026-07-15/enum_dead_letter.jsonl)
dead-letter enum: family=role value='unknown' context={'table': 'brands_accounts', 'brand_id': 'glm', 'author_id': 'handle:MertLovesAI'} (logged to /Users/fuchitalee/development/minimax-marketing/x-monitoring/data/runs/2026-07-15/enum_dead_letter.jsonl)
dead-letter enum: family=role value='unknown' context={'table': 'brands_accounts', 'brand_id': 'glm', 'author_id': 'handle:tierotiero'} (logged to /Users/fuchitalee/development/minimax-marketing/x-monitoring/data/runs/2026-07-15/enum_dead_letter.jsonl)
dead-letter enum: family=role value='unknown' context={'table': 'brands_accounts', 'brand_id': 'glm', 'author_id': 'handle:yay3d'} (logged to /Users/fuchitalee/development/minimax-marketing/x-monitoring/data/runs/2026-07-15/enum_dead_letter.jsonl)
dead-letter enum: family=role value='unknown' context={'table': 'brands_accounts', 'brand_id': 'glm', 'author_id': 'handle:yashmp2004'} (logged to /Users/fuchitalee/development/minimax-marketing/x-monitoring/data/runs/2026-07-15/enum_dead_letter.jsonl)
dead-letter enum: family=role value='unknown' context={'table': 'brands_accounts', 'brand_id': 'glm', 'author_id': 'handle:ApFoivosBakis'} (logged to /Users/fuchitalee/development/minimax-marketing/x-monitoring/data/runs/2026-07-15/enum_dead_letter.jsonl)
dead-letter enum: family=role value='unknown' context={'table': 'brands_accounts', 'brand_id': 'glm', 'author_id': 'handle:Randybobu'} (logged to /Users/fuchitalee/development/minimax-marketing/x-monitoring/data/runs/2026-07-15/enum_dead_letter.jsonl)
dead-letter enum: family=role value='unknown' context={'table': 'brands_accounts', 'brand_id': 'glm', 'author_id': 'handle:SishengMao'} (logged to /Users/fuchitalee/development/minimax-marketing/x-monitoring/data/runs/2026-07-15/enum_dead_letter.jsonl)
dead-letter enum: family=role value='unknown' context={'table': 'brands_accounts', 'brand_id': 'glm', 'author_id': 'handle:solomonbotchway'} (logged to /Users/fuchitalee/development/minimax-marketing/x-monitoring/data/runs/2026-07-15/enum_dead_letter.jsonl)
dead-letter enum: family=role value='unknown' context={'table': 'brands_accounts', 'brand_id': 'glm', 'author_id': 'handle:T_Wrex_Baby'} (logged to /Users/fuchitalee/development/minimax-marketing/x-monitoring/data/runs/2026-07-15/enum_dead_letter.jsonl)
dead-letter enum: family=role value='unknown' context={'table': 'brands_accounts', 'brand_id': 'glm', 'author_id': 'handle:withLinda13'} (logged to /Users/fuchitalee/development/minimax-marketing/x-monitoring/data/runs/2026-07-15/enum_dead_letter.jsonl)
dead-letter enum: family=role value='unknown' context={'table': 'brands_accounts', 'brand_id': 'glm', 'author_id': 'handle:Niketas'} (logged to /Users/fuchitalee/development/minimax-marketing/x-monitoring/data/runs/2026-07-15/enum_dead_letter.jsonl)
dead-letter enum: family=role value='unknown' context={'table': 'brands_accounts', 'brand_id': 'glm', 'author_id': 'handle:biojuho'} (logged to /Users/fuchitalee/development/minimax-marketing/x-monitoring/data/runs/2026-07-15/enum_dead_letter.jsonl)
dead-letter enum: family=role value='unknown' context={'table': 'brands_accounts', 'brand_id': 'glm', 'author_id': 'handle:mroe1492'} (logged to /Users/fuchitalee/development/minimax-marketing/x-monitoring/data/runs/2026-07-15/enum_dead_letter.jsonl)
dead-letter enum: family=role value='unknown' context={'table': 'brands_accounts', 'brand_id': 'glm', 'author_id': 'handle:Openbear23'} (logged to /Users/fuchitalee/development/minimax-marketing/x-monitoring/data/runs/2026-07-15/enum_dead_letter.jsonl)
dead-letter enum: family=role value='unknown' context={'table': 'brands_accounts', 'brand_id': 'glm', 'author_id': 'handle:karirogg'} (logged to /Users/fuchitalee/development/minimax-marketing/x-monitoring/data/runs/2026-07-15/enum_dead_letter.jsonl)
dead-letter enum: family=role value='unknown' context={'table': 'brands_accounts', 'brand_id': 'glm', 'author_id': 'handle:Shoestring_Lab'} (logged to /Users/fuchitalee/development/minimax-marketing/x-monitoring/data/runs/2026-07-15/enum_dead_letter.jsonl)
dead-letter enum: family=role value='unknown' context={'table': 'brands_accounts', 'brand_id': 'glm', 'author_id': 'handle:RichDoesTech'} (logged to /Users/fuchitalee/development/minimax-marketing/x-monitoring/data/runs/2026-07-15/enum_dead_letter.jsonl)
dead-letter enum: family=role value='unknown' context={'table': 'brands_accounts', 'brand_id': 'glm', 'author_id': 'handle:realbrucemartin'} (logged to /Users/fuchitalee/development/minimax-marketing/x-monitoring/data/runs/2026-07-15/enum_dead_letter.jsonl)
dead-letter enum: family=role value='unknown' context={'table': 'brands_accounts', 'brand_id': 'glm', 'author_id': 'handle:Silkychicken'} (logged to /Users/fuchitalee/development/minimax-marketing/x-monitoring/data/runs/2026-07-15/enum_dead_letter.jsonl)
dead-letter enum: family=role value='unknown' context={'table': 'brands_accounts', 'brand_id': 'glm', 'author_id': 'handle:aisolram'} (logged to /Users/fuchitalee/development/minimax-marketing/x-monitoring/data/runs/2026-07-15/enum_dead_letter.jsonl)
dead-letter enum: family=role value='unknown' context={'table': 'brands_accounts', 'brand_id': 'glm', 'author_id': 'handle:openGPUnetwork'} (logged to /Users/fuchitalee/development/minimax-marketing/x-monitoring/data/runs/2026-07-15/enum_dead_letter.jsonl)
dead-letter enum: family=role value='unknown' context={'table': 'brands_accounts', 'brand_id': 'glm', 'author_id': 'handle:iwhizkid__'} (logged to /Users/fuchitalee/development/minimax-marketing/x-monitoring/data/runs/2026-07-15/enum_dead_letter.jsonl)
dead-letter enum: family=role value='unknown' context={'table': 'brands_accounts', 'brand_id': 'glm', 'author_id': 'handle:herodvolk'} (logged to /Users/fuchitalee/development/minimax-marketing/x-monitoring/data/runs/2026-07-15/enum_dead_letter.jsonl)
dead-letter enum: family=role value='unknown' context={'table': 'brands_accounts', 'brand_id': 'glm', 'author_id': 'handle:a_barghigiani'} (logged to /Users/fuchitalee/development/minimax-marketing/x-monitoring/data/runs/2026-07-15/enum_dead_letter.jsonl)
dead-letter enum: family=role value='unknown' context={'table': 'brands_accounts', 'brand_id': 'glm', 'author_id': 'handle:cmitsakis'} (logged to /Users/fuchitalee/development/minimax-marketing/x-monitoring/data/runs/2026-07-15/enum_dead_letter.jsonl)
dead-letter enum: family=role value='unknown' context={'table': 'brands_accounts', 'brand_id': 'glm', 'author_id': 'handle:hamen'} (logged to /Users/fuchitalee/development/minimax-marketing/x-monitoring/data/runs/2026-07-15/enum_dead_letter.jsonl)
dead-letter enum: family=role value='unknown' context={'table': 'brands_accounts', 'brand_id': 'glm', 'author_id': 'handle:shwetanshu21'} (logged to /Users/fuchitalee/development/minimax-marketing/x-monitoring/data/runs/2026-07-15/enum_dead_letter.jsonl)
dead-letter enum: family=role value='unknown' context={'table': 'brands_accounts', 'brand_id': 'glm', 'author_id': 'handle:Dshoopy0'} (logged to /Users/fuchitalee/development/minimax-marketing/x-monitoring/data/runs/2026-07-15/enum_dead_letter.jsonl)
dead-letter enum: family=role value='unknown' context={'table': 'brands_accounts', 'brand_id': 'glm', 'author_id': 'handle:adityawaslost'} (logged to /Users/fuchitalee/development/minimax-marketing/x-monitoring/data/runs/2026-07-15/enum_dead_letter.jsonl)
dead-letter enum: family=role value='unknown' context={'table': 'brands_accounts', 'brand_id': 'glm', 'author_id': 'handle:TuracTheThinker'} (logged to /Users/fuchitalee/development/minimax-marketing/x-monitoring/data/runs/2026-07-15/enum_dead_letter.jsonl)
dead-letter enum: family=role value='unknown' context={'table': 'brands_accounts', 'brand_id': 'glm', 'author_id': 'handle:DegenApeDev'} (logged to /Users/fuchitalee/development/minimax-marketing/x-monitoring/data/runs/2026-07-15/enum_dead_letter.jsonl)
dead-letter enum: family=role value='unknown' context={'table': 'brands_accounts', 'brand_id': 'glm', 'author_id': 'handle:KaranD93'} (logged to /Users/fuchitalee/development/minimax-marketing/x-monitoring/data/runs/2026-07-15/enum_dead_letter.jsonl)
dead-letter enum: family=role value='unknown' context={'table': 'brands_accounts', 'brand_id': 'glm', 'author_id': 'handle:elimisteve'} (logged to /Users/fuchitalee/development/minimax-marketing/x-monitoring/data/runs/2026-07-15/enum_dead_letter.jsonl)
dead-letter enum: family=role value='unknown' context={'table': 'brands_accounts', 'brand_id': 'glm', 'author_id': 'handle:MrMirolim'} (logged to /Users/fuchitalee/development/minimax-marketing/x-monitoring/data/runs/2026-07-15/enum_dead_letter.jsonl)
dead-letter enum: family=role value='unknown' context={'table': 'brands_accounts', 'brand_id': 'glm', 'author_id': 'handle:Tokagesan'} (logged to /Users/fuchitalee/development/minimax-marketing/x-monitoring/data/runs/2026-07-15/enum_dead_letter.jsonl)
dead-letter enum: family=role value='unknown' context={'table': 'brands_accounts', 'brand_id': 'glm', 'author_id': 'handle:ACiszewski_'} (logged to /Users/fuchitalee/development/minimax-marketing/x-monitoring/data/runs/2026-07-15/enum_dead_letter.jsonl)
dead-letter enum: family=role value='unknown' context={'table': 'brands_accounts', 'brand_id': 'glm', 'author_id': 'handle:JTwoXX'} (logged to /Users/fuchitalee/development/minimax-marketing/x-monitoring/data/runs/2026-07-15/enum_dead_letter.jsonl)
dead-letter enum: family=role value='unknown' context={'table': 'brands_accounts', 'brand_id': 'glm', 'author_id': 'handle:OneHundredXInc'} (logged to /Users/fuchitalee/development/minimax-marketing/x-monitoring/data/runs/2026-07-15/enum_dead_letter.jsonl)
dead-letter enum: family=role value='unknown' context={'table': 'brands_accounts', 'brand_id': 'glm', 'author_id': 'handle:_SkiM7_'} (logged to /Users/fuchitalee/development/minimax-marketing/x-monitoring/data/runs/2026-07-15/enum_dead_letter.jsonl)
dead-letter enum: family=role value='unknown' context={'table': 'brands_accounts', 'brand_id': 'glm', 'author_id': 'handle:mdayan24X'} (logged to /Users/fuchitalee/development/minimax-marketing/x-monitoring/data/runs/2026-07-15/enum_dead_letter.jsonl)
dead-letter enum: family=role value='unknown' context={'table': 'brands_accounts', 'brand_id': 'glm', 'author_id': 'handle:miktor1an'} (logged to /Users/fuchitalee/development/minimax-marketing/x-monitoring/data/runs/2026-07-15/enum_dead_letter.jsonl)
dead-letter enum: family=role value='unknown' context={'table': 'brands_accounts', 'brand_id': 'glm', 'author_id': 'handle:0xSMW'} (logged to /Users/fuchitalee/development/minimax-marketing/x-monitoring/data/runs/2026-07-15/enum_dead_letter.jsonl)
dead-letter enum: family=role value='unknown' context={'table': 'brands_accounts', 'brand_id': 'glm', 'author_id': 'handle:TulipSeller'} (logged to /Users/fuchitalee/development/minimax-marketing/x-monitoring/data/runs/2026-07-15/enum_dead_letter.jsonl)
dead-letter enum: family=role value='unknown' context={'table': 'brands_accounts', 'brand_id': 'glm', 'author_id': 'handle:YashHustle_22'} (logged to /Users/fuchitalee/development/minimax-marketing/x-monitoring/data/runs/2026-07-15/enum_dead_letter.jsonl)
dead-letter enum: family=role value='unknown' context={'table': 'brands_accounts', 'brand_id': 'glm', 'author_id': 'handle:Da7_Tech'} (logged to /Users/fuchitalee/development/minimax-marketing/x-monitoring/data/runs/2026-07-15/enum_dead_letter.jsonl)
dead-letter enum: family=role value='unknown' context={'table': 'brands_accounts', 'brand_id': 'glm', 'author_id': 'handle:RoboticoAi'} (logged to /Users/fuchitalee/development/minimax-marketing/x-monitoring/data/runs/2026-07-15/enum_dead_letter.jsonl)
dead-letter enum: family=role value='unknown' context={'table': 'brands_accounts', 'brand_id': 'glm', 'author_id': 'handle:K_aditya25'} (logged to /Users/fuchitalee/development/minimax-marketing/x-monitoring/data/runs/2026-07-15/enum_dead_letter.jsonl)
dead-letter enum: family=role value='unknown' context={'table': 'brands_accounts', 'brand_id': 'glm', 'author_id': 'handle:KairosPraxis'} (logged to /Users/fuchitalee/development/minimax-marketing/x-monitoring/data/runs/2026-07-15/enum_dead_letter.jsonl)
dead-letter enum: family=role value='unknown' context={'table': 'brands_accounts', 'brand_id': 'glm', 'author_id': 'handle:thegreatest_sv'} (logged to /Users/fuchitalee/development/minimax-marketing/x-monitoring/data/runs/2026-07-15/enum_dead_letter.jsonl)
dead-letter enum: family=role value='unknown' context={'table': 'brands_accounts', 'brand_id': 'glm', 'author_id': 'handle:ChrisRinvesting'} (logged to /Users/fuchitalee/development/minimax-marketing/x-monitoring/data/runs/2026-07-15/enum_dead_letter.jsonl)
dead-letter enum: family=role value='unknown' context={'table': 'brands_accounts', 'brand_id': 'glm', 'author_id': 'handle:RugNik'} (logged to /Users/fuchitalee/development/minimax-marketing/x-monitoring/data/runs/2026-07-15/enum_dead_letter.jsonl)
dead-letter enum: family=role value='unknown' context={'table': 'brands_accounts', 'brand_id': 'glm', 'author_id': 'handle:arben777'} (logged to /Users/fuchitalee/development/minimax-marketing/x-monitoring/data/runs/2026-07-15/enum_dead_letter.jsonl)
dead-letter enum: family=role value='unknown' context={'table': 'brands_accounts', 'brand_id': 'glm', 'author_id': 'handle:Athulja'} (logged to /Users/fuchitalee/development/minimax-marketing/x-monitoring/data/runs/2026-07-15/enum_dead_letter.jsonl)
dead-letter enum: family=role value='unknown' context={'table': 'brands_accounts', 'brand_id': 'glm', 'author_id': 'handle:blbraner'} (logged to /Users/fuchitalee/development/minimax-marketing/x-monitoring/data/runs/2026-07-15/enum_dead_letter.jsonl)
dead-letter enum: family=role value='unknown' context={'table': 'brands_accounts', 'brand_id': 'glm', 'author_id': 'handle:zetascale63727'} (logged to /Users/fuchitalee/development/minimax-marketing/x-monitoring/data/runs/2026-07-15/enum_dead_letter.jsonl)
dead-letter enum: family=role value='unknown' context={'table': 'brands_accounts', 'brand_id': 'glm', 'author_id': 'handle:ambient_xyz'} (logged to /Users/fuchitalee/development/minimax-marketing/x-monitoring/data/runs/2026-07-15/enum_dead_letter.jsonl)
dead-letter enum: family=role value='unknown' context={'table': 'brands_accounts', 'brand_id': 'glm', 'author_id': 'handle:techeconomyana'} (logged to /Users/fuchitalee/development/minimax-marketing/x-monitoring/data/runs/2026-07-15/enum_dead_letter.jsonl)
dead-letter enum: family=role value='unknown' context={'table': 'brands_accounts', 'brand_id': 'glm', 'author_id': 'handle:aliouftw'} (logged to /Users/fuchitalee/development/minimax-marketing/x-monitoring/data/runs/2026-07-15/enum_dead_letter.jsonl)
dead-letter enum: family=role value='unknown' context={'table': 'brands_accounts', 'brand_id': 'glm', 'author_id': 'handle:bytebot'} (logged to /Users/fuchitalee/development/minimax-marketing/x-monitoring/data/runs/2026-07-15/enum_dead_letter.jsonl)
dead-letter enum: family=role value='unknown' context={'table': 'brands_accounts', 'brand_id': 'glm', 'author_id': 'handle:Its_ThePaSch'} (logged to /Users/fuchitalee/development/minimax-marketing/x-monitoring/data/runs/2026-07-15/enum_dead_letter.jsonl)
dead-letter enum: family=role value='unknown' context={'table': 'brands_accounts', 'brand_id': 'glm', 'author_id': 'handle:jun_song'} (logged to /Users/fuchitalee/development/minimax-marketing/x-monitoring/data/runs/2026-07-15/enum_dead_letter.jsonl)
dead-letter enum: family=role value='unknown' context={'table': 'brands_accounts', 'brand_id': 'glm', 'author_id': 'handle:Dreameinarm'} (logged to /Users/fuchitalee/development/minimax-marketing/x-monitoring/data/runs/2026-07-15/enum_dead_letter.jsonl)
dead-letter enum: family=role value='unknown' context={'table': 'brands_accounts', 'brand_id': 'glm', 'author_id': 'handle:chenenpei'} (logged to /Users/fuchitalee/development/minimax-marketing/x-monitoring/data/runs/2026-07-15/enum_dead_letter.jsonl)
dead-letter enum: family=role value='unknown' context={'table': 'brands_accounts', 'brand_id': 'glm', 'author_id': 'handle:__K8r'} (logged to /Users/fuchitalee/development/minimax-marketing/x-monitoring/data/runs/2026-07-15/enum_dead_letter.jsonl)
dead-letter enum: family=role value='unknown' context={'table': 'brands_accounts', 'brand_id': 'glm', 'author_id': 'handle:Sentdex'} (logged to /Users/fuchitalee/development/minimax-marketing/x-monitoring/data/runs/2026-07-15/enum_dead_letter.jsonl)
dead-letter enum: family=role value='unknown' context={'table': 'brands_accounts', 'brand_id': 'glm', 'author_id': 'handle:Maaztwts'} (logged to /Users/fuchitalee/development/minimax-marketing/x-monitoring/data/runs/2026-07-15/enum_dead_letter.jsonl)
dead-letter enum: family=role value='unknown' context={'table': 'brands_accounts', 'brand_id': 'glm', 'author_id': 'handle:BobbyApocalypse'} (logged to /Users/fuchitalee/development/minimax-marketing/x-monitoring/data/runs/2026-07-15/enum_dead_letter.jsonl)
dead-letter enum: family=role value='unknown' context={'table': 'brands_accounts', 'brand_id': 'glm', 'author_id': 'handle:bokky_'} (logged to /Users/fuchitalee/development/minimax-marketing/x-monitoring/data/runs/2026-07-15/enum_dead_letter.jsonl)
dead-letter enum: family=role value='unknown' context={'table': 'brands_accounts', 'brand_id': 'glm', 'author_id': 'handle:ivanfioravanti'} (logged to /Users/fuchitalee/development/minimax-marketing/x-monitoring/data/runs/2026-07-15/enum_dead_letter.jsonl)
dead-letter enum: family=role value='unknown' context={'table': 'brands_accounts', 'brand_id': 'glm', 'author_id': 'handle:TheShortBear'} (logged to /Users/fuchitalee/development/minimax-marketing/x-monitoring/data/runs/2026-07-15/enum_dead_letter.jsonl)
dead-letter enum: family=role value='unknown' context={'table': 'brands_accounts', 'brand_id': 'glm', 'author_id': 'handle:aquiffoo'} (logged to /Users/fuchitalee/development/minimax-marketing/x-monitoring/data/runs/2026-07-15/enum_dead_letter.jsonl)
dead-letter enum: family=role value='unknown' context={'table': 'brands_accounts', 'brand_id': 'glm', 'author_id': 'handle:a_atalla'} (logged to /Users/fuchitalee/development/minimax-marketing/x-monitoring/data/runs/2026-07-15/enum_dead_letter.jsonl)
dead-letter enum: family=role value='unknown' context={'table': 'brands_accounts', 'brand_id': 'glm', 'author_id': 'handle:ScottShapiroUXD'} (logged to /Users/fuchitalee/development/minimax-marketing/x-monitoring/data/runs/2026-07-15/enum_dead_letter.jsonl)
dead-letter enum: family=role value='unknown' context={'table': 'brands_accounts', 'brand_id': 'glm', 'author_id': 'handle:kristoph'} (logged to /Users/fuchitalee/development/minimax-marketing/x-monitoring/data/runs/2026-07-15/enum_dead_letter.jsonl)
dead-letter enum: family=role value='unknown' context={'table': 'brands_accounts', 'brand_id': 'glm', 'author_id': 'handle:ceasarxuu'} (logged to /Users/fuchitalee/development/minimax-marketing/x-monitoring/data/runs/2026-07-15/enum_dead_letter.jsonl)
dead-letter enum: family=role value='unknown' context={'table': 'brands_accounts', 'brand_id': 'glm', 'author_id': 'handle:robandersonnz'} (logged to /Users/fuchitalee/development/minimax-marketing/x-monitoring/data/runs/2026-07-15/enum_dead_letter.jsonl)
dead-letter enum: family=role value='unknown' context={'table': 'brands_accounts', 'brand_id': 'glm', 'author_id': 'handle:akay_jpeg'} (logged to /Users/fuchitalee/development/minimax-marketing/x-monitoring/data/runs/2026-07-15/enum_dead_letter.jsonl)
dead-letter enum: family=role value='unknown' context={'table': 'brands_accounts', 'brand_id': 'glm', 'author_id': 'handle:AnthonyMaio'} (logged to /Users/fuchitalee/development/minimax-marketing/x-monitoring/data/runs/2026-07-15/enum_dead_letter.jsonl)
dead-letter enum: family=role value='unknown' context={'table': 'brands_accounts', 'brand_id': 'glm', 'author_id': 'handle:bridgebench'} (logged to /Users/fuchitalee/development/minimax-marketing/x-monitoring/data/runs/2026-07-15/enum_dead_letter.jsonl)
dead-letter enum: family=role value='unknown' context={'table': 'brands_accounts', 'brand_id': 'glm', 'author_id': 'handle:bridgemindai'} (logged to /Users/fuchitalee/development/minimax-marketing/x-monitoring/data/runs/2026-07-15/enum_dead_letter.jsonl)
dead-letter enum: family=role value='unknown' context={'table': 'brands_accounts', 'brand_id': 'glm', 'author_id': 'handle:kartik_mandar'} (logged to /Users/fuchitalee/development/minimax-marketing/x-monitoring/data/runs/2026-07-15/enum_dead_letter.jsonl)
dead-letter enum: family=role value='unknown' context={'table': 'brands_accounts', 'brand_id': 'glm', 'author_id': 'handle:chenshaoju'} (logged to /Users/fuchitalee/development/minimax-marketing/x-monitoring/data/runs/2026-07-15/enum_dead_letter.jsonl)
dead-letter enum: family=role value='unknown' context={'table': 'brands_accounts', 'brand_id': 'glm', 'author_id': 'handle:aiComingFast'} (logged to /Users/fuchitalee/development/minimax-marketing/x-monitoring/data/runs/2026-07-15/enum_dead_letter.jsonl)
dead-letter enum: family=role value='unknown' context={'table': 'brands_accounts', 'brand_id': 'glm', 'author_id': 'handle:aiseomastery'} (logged to /Users/fuchitalee/development/minimax-marketing/x-monitoring/data/runs/2026-07-15/enum_dead_letter.jsonl)
dead-letter enum: family=role value='unknown' context={'table': 'brands_accounts', 'brand_id': 'glm', 'author_id': 'handle:dlozanovic'} (logged to /Users/fuchitalee/development/minimax-marketing/x-monitoring/data/runs/2026-07-15/enum_dead_letter.jsonl)
dead-letter enum: family=role value='unknown' context={'table': 'brands_accounts', 'brand_id': 'glm', 'author_id': 'handle:jtdavies'} (logged to /Users/fuchitalee/development/minimax-marketing/x-monitoring/data/runs/2026-07-15/enum_dead_letter.jsonl)
dead-letter enum: family=role value='unknown' context={'table': 'brands_accounts', 'brand_id': 'glm', 'author_id': 'handle:Kaustubh_joshi4'} (logged to /Users/fuchitalee/development/minimax-marketing/x-monitoring/data/runs/2026-07-15/enum_dead_letter.jsonl)
dead-letter enum: family=role value='unknown' context={'table': 'brands_accounts', 'brand_id': 'glm', 'author_id': 'handle:just_the_max'} (logged to /Users/fuchitalee/development/minimax-marketing/x-monitoring/data/runs/2026-07-15/enum_dead_letter.jsonl)
dead-letter enum: family=role value='unknown' context={'table': 'brands_accounts', 'brand_id': 'glm', 'author_id': 'handle:justingu'} (logged to /Users/fuchitalee/development/minimax-marketing/x-monitoring/data/runs/2026-07-15/enum_dead_letter.jsonl)
dead-letter enum: family=role value='unknown' context={'table': 'brands_accounts', 'brand_id': 'glm', 'author_id': 'handle:arkuy99'} (logged to /Users/fuchitalee/development/minimax-marketing/x-monitoring/data/runs/2026-07-15/enum_dead_letter.jsonl)
dead-letter enum: family=role value='unknown' context={'table': 'brands_accounts', 'brand_id': 'glm', 'author_id': 'handle:EvoOnChain'} (logged to /Users/fuchitalee/development/minimax-marketing/x-monitoring/data/runs/2026-07-15/enum_dead_letter.jsonl)
dead-letter enum: family=role value='unknown' context={'table': 'brands_accounts', 'brand_id': 'glm', 'author_id': 'handle:Yushell'} (logged to /Users/fuchitalee/development/minimax-marketing/x-monitoring/data/runs/2026-07-15/enum_dead_letter.jsonl)
dead-letter enum: family=role value='unknown' context={'table': 'brands_accounts', 'brand_id': 'glm', 'author_id': 'handle:Jomolos'} (logged to /Users/fuchitalee/development/minimax-marketing/x-monitoring/data/runs/2026-07-15/enum_dead_letter.jsonl)
dead-letter enum: family=role value='unknown' context={'table': 'brands_accounts', 'brand_id': 'glm', 'author_id': 'handle:airesearch12'} (logged to /Users/fuchitalee/development/minimax-marketing/x-monitoring/data/runs/2026-07-15/enum_dead_letter.jsonl)
dead-letter enum: family=role value='unknown' context={'table': 'brands_accounts', 'brand_id': 'glm', 'author_id': 'handle:atulkumarzz'} (logged to /Users/fuchitalee/development/minimax-marketing/x-monitoring/data/runs/2026-07-15/enum_dead_letter.jsonl)
dead-letter enum: family=role value='unknown' context={'table': 'brands_accounts', 'brand_id': 'glm', 'author_id': 'handle:riyazmd774'} (logged to /Users/fuchitalee/development/minimax-marketing/x-monitoring/data/runs/2026-07-15/enum_dead_letter.jsonl)
dead-letter enum: family=role value='unknown' context={'table': 'brands_accounts', 'brand_id': 'glm', 'author_id': 'handle:ValmereTheory'} (logged to /Users/fuchitalee/development/minimax-marketing/x-monitoring/data/runs/2026-07-15/enum_dead_letter.jsonl)
dead-letter enum: family=role value='unknown' context={'table': 'brands_accounts', 'brand_id': 'glm', 'author_id': 'handle:HelenaChas61775'} (logged to /Users/fuchitalee/development/minimax-marketing/x-monitoring/data/runs/2026-07-15/enum_dead_letter.jsonl)
dead-letter enum: family=role value='unknown' context={'table': 'brands_accounts', 'brand_id': 'glm', 'author_id': 'handle:paulosaelias'} (logged to /Users/fuchitalee/development/minimax-marketing/x-monitoring/data/runs/2026-07-15/enum_dead_letter.jsonl)
dead-letter enum: family=role value='unknown' context={'table': 'brands_accounts', 'brand_id': 'glm', 'author_id': 'handle:oliveraochongli'} (logged to /Users/fuchitalee/development/minimax-marketing/x-monitoring/data/runs/2026-07-15/enum_dead_letter.jsonl)
dead-letter enum: family=role value='unknown' context={'table': 'brands_accounts', 'brand_id': 'glm', 'author_id': 'handle:natolambert'} (logged to /Users/fuchitalee/development/minimax-marketing/x-monitoring/data/runs/2026-07-15/enum_dead_letter.jsonl)
dead-letter enum: family=role value='unknown' context={'table': 'brands_accounts', 'brand_id': 'glm', 'author_id': 'handle:XadenRyan'} (logged to /Users/fuchitalee/development/minimax-marketing/x-monitoring/data/runs/2026-07-15/enum_dead_letter.jsonl)
dead-letter enum: family=role value='unknown' context={'table': 'brands_accounts', 'brand_id': 'glm', 'author_id': 'handle:PawelJLisowski'} (logged to /Users/fuchitalee/development/minimax-marketing/x-monitoring/data/runs/2026-07-15/enum_dead_letter.jsonl)
dead-letter enum: family=role value='unknown' context={'table': 'brands_accounts', 'brand_id': 'glm', 'author_id': 'handle:thetripathi58'} (logged to /Users/fuchitalee/development/minimax-marketing/x-monitoring/data/runs/2026-07-15/enum_dead_letter.jsonl)
dead-letter enum: family=role value='unknown' context={'table': 'brands_accounts', 'brand_id': 'glm', 'author_id': 'handle:wangruipro'} (logged to /Users/fuchitalee/development/minimax-marketing/x-monitoring/data/runs/2026-07-15/enum_dead_letter.jsonl)
dead-letter enum: family=role value='unknown' context={'table': 'brands_accounts', 'brand_id': 'glm', 'author_id': 'handle:dongqubo'} (logged to /Users/fuchitalee/development/minimax-marketing/x-monitoring/data/runs/2026-07-15/enum_dead_letter.jsonl)
dead-letter enum: family=role value='unknown' context={'table': 'brands_accounts', 'brand_id': 'glm', 'author_id': 'handle:protosphinx'} (logged to /Users/fuchitalee/development/minimax-marketing/x-monitoring/data/runs/2026-07-15/enum_dead_letter.jsonl)
dead-letter enum: family=role value='unknown' context={'table': 'brands_accounts', 'brand_id': 'mimo', 'author_id': 'handle:jahooma'} (logged to /Users/fuchitalee/development/minimax-marketing/x-monitoring/data/runs/2026-07-15/enum_dead_letter.jsonl)
dead-letter enum: family=role value='unknown' context={'table': 'brands_accounts', 'brand_id': 'mimo', 'author_id': 'handle:Hopehope_G_hope'} (logged to /Users/fuchitalee/development/minimax-marketing/x-monitoring/data/runs/2026-07-15/enum_dead_letter.jsonl)
dead-letter enum: family=role value='unknown' context={'table': 'brands_accounts', 'brand_id': 'mimo', 'author_id': 'handle:Chasa_____'} (logged to /Users/fuchitalee/development/minimax-marketing/x-monitoring/data/runs/2026-07-15/enum_dead_letter.jsonl)
dead-letter enum: family=role value='unknown' context={'table': 'brands_accounts', 'brand_id': 'mimo', 'author_id': 'handle:deesha_tech'} (logged to /Users/fuchitalee/development/minimax-marketing/x-monitoring/data/runs/2026-07-15/enum_dead_letter.jsonl)
dead-letter enum: family=role value='unknown' context={'table': 'brands_accounts', 'brand_id': 'mimo', 'author_id': 'handle:n1ckstr3'} (logged to /Users/fuchitalee/development/minimax-marketing/x-monitoring/data/runs/2026-07-15/enum_dead_letter.jsonl)
dead-letter enum: family=role value='unknown' context={'table': 'brands_accounts', 'brand_id': 'mimo', 'author_id': 'handle:ljupc0'} (logged to /Users/fuchitalee/development/minimax-marketing/x-monitoring/data/runs/2026-07-15/enum_dead_letter.jsonl)
dead-letter enum: family=role value='unknown' context={'table': 'brands_accounts', 'brand_id': 'mimo', 'author_id': 'handle:arybkaaa'} (logged to /Users/fuchitalee/development/minimax-marketing/x-monitoring/data/runs/2026-07-15/enum_dead_letter.jsonl)
dead-letter enum: family=role value='unknown' context={'table': 'brands_accounts', 'brand_id': 'mimo', 'author_id': 'handle:AathilOfficial'} (logged to /Users/fuchitalee/development/minimax-marketing/x-monitoring/data/runs/2026-07-15/enum_dead_letter.jsonl)
dead-letter enum: family=role value='unknown' context={'table': 'brands_accounts', 'brand_id': 'mimo', 'author_id': 'handle:imzodev'} (logged to /Users/fuchitalee/development/minimax-marketing/x-monitoring/data/runs/2026-07-15/enum_dead_letter.jsonl)
dead-letter enum: family=role value='unknown' context={'table': 'brands_accounts', 'brand_id': 'mimo', 'author_id': 'handle:TheRevengeDavid'} (logged to /Users/fuchitalee/development/minimax-marketing/x-monitoring/data/runs/2026-07-15/enum_dead_letter.jsonl)
dead-letter enum: family=role value='unknown' context={'table': 'brands_accounts', 'brand_id': 'mimo', 'author_id': 'handle:D4pp3rD1scourse'} (logged to /Users/fuchitalee/development/minimax-marketing/x-monitoring/data/runs/2026-07-15/enum_dead_letter.jsonl)
dead-letter enum: family=role value='unknown' context={'table': 'brands_accounts', 'brand_id': 'mimo', 'author_id': 'handle:handinux'} (logged to /Users/fuchitalee/development/minimax-marketing/x-monitoring/data/runs/2026-07-15/enum_dead_letter.jsonl)
dead-letter enum: family=role value='unknown' context={'table': 'brands_accounts', 'brand_id': 'mimo', 'author_id': 'handle:vitgro1'} (logged to /Users/fuchitalee/development/minimax-marketing/x-monitoring/data/runs/2026-07-15/enum_dead_letter.jsonl)
dead-letter enum: family=role value='unknown' context={'table': 'brands_accounts', 'brand_id': 'mimo', 'author_id': 'handle:fominaaalina'} (logged to /Users/fuchitalee/development/minimax-marketing/x-monitoring/data/runs/2026-07-15/enum_dead_letter.jsonl)
dead-letter enum: family=role value='unknown' context={'table': 'brands_accounts', 'brand_id': 'mimo', 'author_id': 'handle:victoria_neiman'} (logged to /Users/fuchitalee/development/minimax-marketing/x-monitoring/data/runs/2026-07-15/enum_dead_letter.jsonl)
dead-letter enum: family=role value='unknown' context={'table': 'brands_accounts', 'brand_id': 'mimo', 'author_id': 'handle:officialladi_T'} (logged to /Users/fuchitalee/development/minimax-marketing/x-monitoring/data/runs/2026-07-15/enum_dead_letter.jsonl)
dead-letter enum: family=role value='unknown' context={'table': 'brands_accounts', 'brand_id': 'mimo', 'author_id': 'handle:chinoalemano'} (logged to /Users/fuchitalee/development/minimax-marketing/x-monitoring/data/runs/2026-07-15/enum_dead_letter.jsonl)
dead-letter enum: family=role value='unknown' context={'table': 'brands_accounts', 'brand_id': 'mimo', 'author_id': 'handle:whitemakaka'} (logged to /Users/fuchitalee/development/minimax-marketing/x-monitoring/data/runs/2026-07-15/enum_dead_letter.jsonl)
dead-letter enum: family=role value='unknown' context={'table': 'brands_accounts', 'brand_id': 'mimo', 'author_id': 'handle:KOR_xitter'} (logged to /Users/fuchitalee/development/minimax-marketing/x-monitoring/data/runs/2026-07-15/enum_dead_letter.jsonl)
dead-letter enum: family=role value='unknown' context={'table': 'brands_accounts', 'brand_id': 'mimo', 'author_id': 'handle:iraiansar'} (logged to /Users/fuchitalee/development/minimax-marketing/x-monitoring/data/runs/2026-07-15/enum_dead_letter.jsonl)
dead-letter enum: family=role value='unknown' context={'table': 'brands_accounts', 'brand_id': 'mimo', 'author_id': 'handle:SepehrFiNiK'} (logged to /Users/fuchitalee/development/minimax-marketing/x-monitoring/data/runs/2026-07-15/enum_dead_letter.jsonl)
dead-letter enum: family=role value='unknown' context={'table': 'brands_accounts', 'brand_id': 'mimo', 'author_id': 'handle:mmd_mmd_mmd'} (logged to /Users/fuchitalee/development/minimax-marketing/x-monitoring/data/runs/2026-07-15/enum_dead_letter.jsonl)
dead-letter enum: family=role value='unknown' context={'table': 'brands_accounts', 'brand_id': 'mimo', 'author_id': 'handle:alissonprimo'} (logged to /Users/fuchitalee/development/minimax-marketing/x-monitoring/data/runs/2026-07-15/enum_dead_letter.jsonl)
dead-letter enum: family=role value='unknown' context={'table': 'brands_accounts', 'brand_id': 'mimo', 'author_id': 'handle:JasonL_Capital'} (logged to /Users/fuchitalee/development/minimax-marketing/x-monitoring/data/runs/2026-07-15/enum_dead_letter.jsonl)
dead-letter enum: family=role value='unknown' context={'table': 'brands_accounts', 'brand_id': 'mimo', 'author_id': 'handle:sentinelcipher'} (logged to /Users/fuchitalee/development/minimax-marketing/x-monitoring/data/runs/2026-07-15/enum_dead_letter.jsonl)
dead-letter enum: family=role value='unknown' context={'table': 'brands_accounts', 'brand_id': 'mimo', 'author_id': 'handle:henryisbusynow'} (logged to /Users/fuchitalee/development/minimax-marketing/x-monitoring/data/runs/2026-07-15/enum_dead_letter.jsonl)
dead-letter enum: family=role value='unknown' context={'table': 'brands_accounts', 'brand_id': 'mimo', 'author_id': 'handle:brianbellx'} (logged to /Users/fuchitalee/development/minimax-marketing/x-monitoring/data/runs/2026-07-15/enum_dead_letter.jsonl)
dead-letter enum: family=role value='unknown' context={'table': 'brands_accounts', 'brand_id': 'mimo', 'author_id': 'handle:KrzysztofWitek1'} (logged to /Users/fuchitalee/development/minimax-marketing/x-monitoring/data/runs/2026-07-15/enum_dead_letter.jsonl)
dead-letter enum: family=role value='unknown' context={'table': 'brands_accounts', 'brand_id': 'mimo', 'author_id': 'handle:satanhatersu'} (logged to /Users/fuchitalee/development/minimax-marketing/x-monitoring/data/runs/2026-07-15/enum_dead_letter.jsonl)
dead-letter enum: family=role value='unknown' context={'table': 'brands_accounts', 'brand_id': 'mimo', 'author_id': 'handle:wrathboy'} (logged to /Users/fuchitalee/development/minimax-marketing/x-monitoring/data/runs/2026-07-15/enum_dead_letter.jsonl)
dead-letter enum: family=role value='unknown' context={'table': 'brands_accounts', 'brand_id': 'mimo', 'author_id': 'handle:A_R_Szczepanik'} (logged to /Users/fuchitalee/development/minimax-marketing/x-monitoring/data/runs/2026-07-15/enum_dead_letter.jsonl)
dead-letter enum: family=role value='unknown' context={'table': 'brands_accounts', 'brand_id': 'mimo', 'author_id': 'handle:DiYMake2'} (logged to /Users/fuchitalee/development/minimax-marketing/x-monitoring/data/runs/2026-07-15/enum_dead_letter.jsonl)
dead-letter enum: family=role value='unknown' context={'table': 'brands_accounts', 'brand_id': 'mimo', 'author_id': 'handle:jonccjb'} (logged to /Users/fuchitalee/development/minimax-marketing/x-monitoring/data/runs/2026-07-15/enum_dead_letter.jsonl)
dead-letter enum: family=role value='unknown' context={'table': 'brands_accounts', 'brand_id': 'mimo', 'author_id': 'handle:heretykjeden'} (logged to /Users/fuchitalee/development/minimax-marketing/x-monitoring/data/runs/2026-07-15/enum_dead_letter.jsonl)
dead-letter enum: family=role value='unknown' context={'table': 'brands_accounts', 'brand_id': 'mimo', 'author_id': 'handle:Experto_fotbalu'} (logged to /Users/fuchitalee/development/minimax-marketing/x-monitoring/data/runs/2026-07-15/enum_dead_letter.jsonl)
dead-letter enum: family=role value='unknown' context={'table': 'brands_accounts', 'brand_id': 'mimo', 'author_id': 'handle:asaifxz'} (logged to /Users/fuchitalee/development/minimax-marketing/x-monitoring/data/runs/2026-07-15/enum_dead_letter.jsonl)
dead-letter enum: family=role value='unknown' context={'table': 'brands_accounts', 'brand_id': 'mimo', 'author_id': 'handle:Lucek00'} (logged to /Users/fuchitalee/development/minimax-marketing/x-monitoring/data/runs/2026-07-15/enum_dead_letter.jsonl)
dead-letter enum: family=role value='unknown' context={'table': 'brands_accounts', 'brand_id': 'mimo', 'author_id': 'handle:Maciej_CT'} (logged to /Users/fuchitalee/development/minimax-marketing/x-monitoring/data/runs/2026-07-15/enum_dead_letter.jsonl)
dead-letter enum: family=role value='unknown' context={'table': 'brands_accounts', 'brand_id': 'mimo', 'author_id': 'handle:KralaPiotr25421'} (logged to /Users/fuchitalee/development/minimax-marketing/x-monitoring/data/runs/2026-07-15/enum_dead_letter.jsonl)
dead-letter enum: family=role value='unknown' context={'table': 'brands_accounts', 'brand_id': 'mimo', 'author_id': 'handle:antonioleivag'} (logged to /Users/fuchitalee/development/minimax-marketing/x-monitoring/data/runs/2026-07-15/enum_dead_letter.jsonl)
dead-letter enum: family=role value='unknown' context={'table': 'brands_accounts', 'brand_id': 'mimo', 'author_id': 'handle:MscichM'} (logged to /Users/fuchitalee/development/minimax-marketing/x-monitoring/data/runs/2026-07-15/enum_dead_letter.jsonl)
dead-letter enum: family=role value='unknown' context={'table': 'brands_accounts', 'brand_id': 'mimo', 'author_id': 'handle:BIG_skrzyp'} (logged to /Users/fuchitalee/development/minimax-marketing/x-monitoring/data/runs/2026-07-15/enum_dead_letter.jsonl)
dead-letter enum: family=role value='unknown' context={'table': 'brands_accounts', 'brand_id': 'mimo', 'author_id': 'handle:BilawalRia60183'} (logged to /Users/fuchitalee/development/minimax-marketing/x-monitoring/data/runs/2026-07-15/enum_dead_letter.jsonl)
dead-letter enum: family=role value='unknown' context={'table': 'brands_accounts', 'brand_id': 'mimo', 'author_id': 'handle:onsails'} (logged to /Users/fuchitalee/development/minimax-marketing/x-monitoring/data/runs/2026-07-15/enum_dead_letter.jsonl)
dead-letter enum: family=role value='unknown' context={'table': 'brands_accounts', 'brand_id': 'mimo', 'author_id': 'handle:ch0miczeq'} (logged to /Users/fuchitalee/development/minimax-marketing/x-monitoring/data/runs/2026-07-15/enum_dead_letter.jsonl)
dead-letter enum: family=role value='unknown' context={'table': 'brands_accounts', 'brand_id': 'mimo', 'author_id': 'handle:kstomaszczyk1'} (logged to /Users/fuchitalee/development/minimax-marketing/x-monitoring/data/runs/2026-07-15/enum_dead_letter.jsonl)
dead-letter enum: family=role value='unknown' context={'table': 'brands_accounts', 'brand_id': 'mimo', 'author_id': 'handle:togr999'} (logged to /Users/fuchitalee/development/minimax-marketing/x-monitoring/data/runs/2026-07-15/enum_dead_letter.jsonl)
dead-letter enum: family=role value='unknown' context={'table': 'brands_accounts', 'brand_id': 'mimo', 'author_id': 'handle:suwerensudoku'} (logged to /Users/fuchitalee/development/minimax-marketing/x-monitoring/data/runs/2026-07-15/enum_dead_letter.jsonl)
dead-letter enum: family=role value='unknown' context={'table': 'brands_accounts', 'brand_id': 'mimo', 'author_id': 'handle:SkillStorm84'} (logged to /Users/fuchitalee/development/minimax-marketing/x-monitoring/data/runs/2026-07-15/enum_dead_letter.jsonl)
dead-letter enum: family=role value='unknown' context={'table': 'brands_accounts', 'brand_id': 'mimo', 'author_id': 'handle:megastuffs'} (logged to /Users/fuchitalee/development/minimax-marketing/x-monitoring/data/runs/2026-07-15/enum_dead_letter.jsonl)
dead-letter enum: family=role value='unknown' context={'table': 'brands_accounts', 'brand_id': 'mimo', 'author_id': 'handle:Nencjusz'} (logged to /Users/fuchitalee/development/minimax-marketing/x-monitoring/data/runs/2026-07-15/enum_dead_letter.jsonl)
dead-letter enum: family=role value='unknown' context={'table': 'brands_accounts', 'brand_id': 'mimo', 'author_id': 'handle:stocktavia'} (logged to /Users/fuchitalee/development/minimax-marketing/x-monitoring/data/runs/2026-07-15/enum_dead_letter.jsonl)
dead-letter enum: family=role value='unknown' context={'table': 'brands_accounts', 'brand_id': 'mimo', 'author_id': 'handle:SpoonOS_ai'} (logged to /Users/fuchitalee/development/minimax-marketing/x-monitoring/data/runs/2026-07-15/enum_dead_letter.jsonl)
dead-letter enum: family=role value='unknown' context={'table': 'brands_accounts', 'brand_id': 'mimo', 'author_id': 'handle:JakubW72379'} (logged to /Users/fuchitalee/development/minimax-marketing/x-monitoring/data/runs/2026-07-15/enum_dead_letter.jsonl)
dead-letter enum: family=role value='unknown' context={'table': 'brands_accounts', 'brand_id': 'mimo', 'author_id': 'handle:CompaCompu'} (logged to /Users/fuchitalee/development/minimax-marketing/x-monitoring/data/runs/2026-07-15/enum_dead_letter.jsonl)
dead-letter enum: family=role value='unknown' context={'table': 'brands_accounts', 'brand_id': 'mimo', 'author_id': 'handle:jarek210'} (logged to /Users/fuchitalee/development/minimax-marketing/x-monitoring/data/runs/2026-07-15/enum_dead_letter.jsonl)
dead-letter enum: family=role value='unknown' context={'table': 'brands_accounts', 'brand_id': 'mimo', 'author_id': 'handle:archonik'} (logged to /Users/fuchitalee/development/minimax-marketing/x-monitoring/data/runs/2026-07-15/enum_dead_letter.jsonl)
dead-letter enum: family=role value='unknown' context={'table': 'brands_accounts', 'brand_id': 'mimo', 'author_id': 'handle:JuliusGrabowski'} (logged to /Users/fuchitalee/development/minimax-marketing/x-monitoring/data/runs/2026-07-15/enum_dead_letter.jsonl)
dead-letter enum: family=role value='unknown' context={'table': 'brands_accounts', 'brand_id': 'mimo', 'author_id': 'handle:matt3rs09'} (logged to /Users/fuchitalee/development/minimax-marketing/x-monitoring/data/runs/2026-07-15/enum_dead_letter.jsonl)
dead-letter enum: family=role value='unknown' context={'table': 'brands_accounts', 'brand_id': 'mimo', 'author_id': 'handle:createdbyhat3'} (logged to /Users/fuchitalee/development/minimax-marketing/x-monitoring/data/runs/2026-07-15/enum_dead_letter.jsonl)
dead-letter enum: family=role value='unknown' context={'table': 'brands_accounts', 'brand_id': 'mimo', 'author_id': 'handle:naxawsze'} (logged to /Users/fuchitalee/development/minimax-marketing/x-monitoring/data/runs/2026-07-15/enum_dead_letter.jsonl)
dead-letter enum: family=role value='unknown' context={'table': 'brands_accounts', 'brand_id': 'mimo', 'author_id': 'handle:steidacz'} (logged to /Users/fuchitalee/development/minimax-marketing/x-monitoring/data/runs/2026-07-15/enum_dead_letter.jsonl)
dead-letter enum: family=role value='unknown' context={'table': 'brands_accounts', 'brand_id': 'mimo', 'author_id': 'handle:vernons'} (logged to /Users/fuchitalee/development/minimax-marketing/x-monitoring/data/runs/2026-07-15/enum_dead_letter.jsonl)
dead-letter enum: family=role value='unknown' context={'table': 'brands_accounts', 'brand_id': 'mimo', 'author_id': 'handle:piotrunia12345'} (logged to /Users/fuchitalee/development/minimax-marketing/x-monitoring/data/runs/2026-07-15/enum_dead_letter.jsonl)
dead-letter enum: family=role value='unknown' context={'table': 'brands_accounts', 'brand_id': 'mimo', 'author_id': 'handle:DSZ1988'} (logged to /Users/fuchitalee/development/minimax-marketing/x-monitoring/data/runs/2026-07-15/enum_dead_letter.jsonl)
dead-letter enum: family=role value='unknown' context={'table': 'brands_accounts', 'brand_id': 'mimo', 'author_id': 'handle:Piotr_P_X'} (logged to /Users/fuchitalee/development/minimax-marketing/x-monitoring/data/runs/2026-07-15/enum_dead_letter.jsonl)
dead-letter enum: family=role value='unknown' context={'table': 'brands_accounts', 'brand_id': 'mimo', 'author_id': 'handle:michalak66161'} (logged to /Users/fuchitalee/development/minimax-marketing/x-monitoring/data/runs/2026-07-15/enum_dead_letter.jsonl)
dead-letter enum: family=role value='unknown' context={'table': 'brands_accounts', 'brand_id': 'mimo', 'author_id': 'handle:DragonlabVN'} (logged to /Users/fuchitalee/development/minimax-marketing/x-monitoring/data/runs/2026-07-15/enum_dead_letter.jsonl)
dead-letter enum: family=role value='unknown' context={'table': 'brands_accounts', 'brand_id': 'mimo', 'author_id': 'handle:samajola1'} (logged to /Users/fuchitalee/development/minimax-marketing/x-monitoring/data/runs/2026-07-15/enum_dead_letter.jsonl)
dead-letter enum: family=role value='unknown' context={'table': 'brands_accounts', 'brand_id': 'mimo', 'author_id': 'handle:Czarek114060691'} (logged to /Users/fuchitalee/development/minimax-marketing/x-monitoring/data/runs/2026-07-15/enum_dead_letter.jsonl)
dead-letter enum: family=role value='unknown' context={'table': 'brands_accounts', 'brand_id': 'mimo', 'author_id': 'handle:BartSaw'} (logged to /Users/fuchitalee/development/minimax-marketing/x-monitoring/data/runs/2026-07-15/enum_dead_letter.jsonl)
dead-letter enum: family=role value='unknown' context={'table': 'brands_accounts', 'brand_id': 'mimo', 'author_id': 'handle:ralph_ca'} (logged to /Users/fuchitalee/development/minimax-marketing/x-monitoring/data/runs/2026-07-15/enum_dead_letter.jsonl)
dead-letter enum: family=role value='unknown' context={'table': 'brands_accounts', 'brand_id': 'mimo', 'author_id': 'handle:Bodziach_LL'} (logged to /Users/fuchitalee/development/minimax-marketing/x-monitoring/data/runs/2026-07-15/enum_dead_letter.jsonl)
dead-letter enum: family=role value='unknown' context={'table': 'brands_accounts', 'brand_id': 'mimo', 'author_id': 'handle:wolalbymnie'} (logged to /Users/fuchitalee/development/minimax-marketing/x-monitoring/data/runs/2026-07-15/enum_dead_letter.jsonl)
dead-letter enum: family=role value='unknown' context={'table': 'brands_accounts', 'brand_id': 'mimo', 'author_id': 'handle:lechita061'} (logged to /Users/fuchitalee/development/minimax-marketing/x-monitoring/data/runs/2026-07-15/enum_dead_letter.jsonl)
dead-letter enum: family=role value='unknown' context={'table': 'brands_accounts', 'brand_id': 'mimo', 'author_id': 'handle:ten_unavenej'} (logged to /Users/fuchitalee/development/minimax-marketing/x-monitoring/data/runs/2026-07-15/enum_dead_letter.jsonl)
dead-letter enum: family=role value='unknown' context={'table': 'brands_accounts', 'brand_id': 'mimo', 'author_id': 'handle:Ewson_Bogus'} (logged to /Users/fuchitalee/development/minimax-marketing/x-monitoring/data/runs/2026-07-15/enum_dead_letter.jsonl)
dead-letter enum: family=role value='unknown' context={'table': 'brands_accounts', 'brand_id': 'mimo', 'author_id': 'handle:air_codex'} (logged to /Users/fuchitalee/development/minimax-marketing/x-monitoring/data/runs/2026-07-15/enum_dead_letter.jsonl)
dead-letter enum: family=role value='unknown' context={'table': 'brands_accounts', 'brand_id': 'mimo', 'author_id': 'handle:Blacky9114'} (logged to /Users/fuchitalee/development/minimax-marketing/x-monitoring/data/runs/2026-07-15/enum_dead_letter.jsonl)
dead-letter enum: family=role value='unknown' context={'table': 'brands_accounts', 'brand_id': 'mimo', 'author_id': 'handle:joslobie'} (logged to /Users/fuchitalee/development/minimax-marketing/x-monitoring/data/runs/2026-07-15/enum_dead_letter.jsonl)
dead-letter enum: family=role value='unknown' context={'table': 'brands_accounts', 'brand_id': 'mimo', 'author_id': 'handle:HiMaFa1982'} (logged to /Users/fuchitalee/development/minimax-marketing/x-monitoring/data/runs/2026-07-15/enum_dead_letter.jsonl)
dead-letter enum: family=role value='unknown' context={'table': 'brands_accounts', 'brand_id': 'mimo', 'author_id': 'handle:okok12309'} (logged to /Users/fuchitalee/development/minimax-marketing/x-monitoring/data/runs/2026-07-15/enum_dead_letter.jsonl)
dead-letter enum: family=role value='unknown' context={'table': 'brands_accounts', 'brand_id': 'mimo', 'author_id': 'handle:bigismallcom'} (logged to /Users/fuchitalee/development/minimax-marketing/x-monitoring/data/runs/2026-07-15/enum_dead_letter.jsonl)
dead-letter enum: family=role value='unknown' context={'table': 'brands_accounts', 'brand_id': 'mimo', 'author_id': 'handle:MR22109200'} (logged to /Users/fuchitalee/development/minimax-marketing/x-monitoring/data/runs/2026-07-15/enum_dead_letter.jsonl)
dead-letter enum: family=role value='unknown' context={'table': 'brands_accounts', 'brand_id': 'mimo', 'author_id': 'handle:BogdanChojecki'} (logged to /Users/fuchitalee/development/minimax-marketing/x-monitoring/data/runs/2026-07-15/enum_dead_letter.jsonl)
dead-letter enum: family=role value='unknown' context={'table': 'brands_accounts', 'brand_id': 'mimo', 'author_id': 'handle:Hanten_Inu'} (logged to /Users/fuchitalee/development/minimax-marketing/x-monitoring/data/runs/2026-07-15/enum_dead_letter.jsonl)
dead-letter enum: family=role value='unknown' context={'table': 'brands_accounts', 'brand_id': 'mimo', 'author_id': 'handle:InfoDekoder'} (logged to /Users/fuchitalee/development/minimax-marketing/x-monitoring/data/runs/2026-07-15/enum_dead_letter.jsonl)
dead-letter enum: family=role value='unknown' context={'table': 'brands_accounts', 'brand_id': 'mimo', 'author_id': 'handle:ihxnnxs'} (logged to /Users/fuchitalee/development/minimax-marketing/x-monitoring/data/runs/2026-07-15/enum_dead_letter.jsonl)
dead-letter enum: family=role value='unknown' context={'table': 'brands_accounts', 'brand_id': 'mimo', 'author_id': 'handle:Mariusz15399131'} (logged to /Users/fuchitalee/development/minimax-marketing/x-monitoring/data/runs/2026-07-15/enum_dead_letter.jsonl)
dead-letter enum: family=role value='unknown' context={'table': 'brands_accounts', 'brand_id': 'mimo', 'author_id': 'handle:cichociemny7743'} (logged to /Users/fuchitalee/development/minimax-marketing/x-monitoring/data/runs/2026-07-15/enum_dead_letter.jsonl)
dead-letter enum: family=role value='unknown' context={'table': 'brands_accounts', 'brand_id': 'mimo', 'author_id': 'handle:ESEL23'} (logged to /Users/fuchitalee/development/minimax-marketing/x-monitoring/data/runs/2026-07-15/enum_dead_letter.jsonl)
dead-letter enum: family=role value='unknown' context={'table': 'brands_accounts', 'brand_id': 'mimo', 'author_id': 'handle:che_marcin'} (logged to /Users/fuchitalee/development/minimax-marketing/x-monitoring/data/runs/2026-07-15/enum_dead_letter.jsonl)
dead-letter enum: family=role value='unknown' context={'table': 'brands_accounts', 'brand_id': 'mimo', 'author_id': 'handle:DevaineMax'} (logged to /Users/fuchitalee/development/minimax-marketing/x-monitoring/data/runs/2026-07-15/enum_dead_letter.jsonl)
dead-letter enum: family=role value='unknown' context={'table': 'brands_accounts', 'brand_id': 'mimo', 'author_id': 'handle:majciontko'} (logged to /Users/fuchitalee/development/minimax-marketing/x-monitoring/data/runs/2026-07-15/enum_dead_letter.jsonl)
dead-letter enum: family=role value='unknown' context={'table': 'brands_accounts', 'brand_id': 'mimo', 'author_id': 'handle:taeraeasscheeks'} (logged to /Users/fuchitalee/development/minimax-marketing/x-monitoring/data/runs/2026-07-15/enum_dead_letter.jsonl)
dead-letter enum: family=role value='unknown' context={'table': 'brands_accounts', 'brand_id': 'mimo', 'author_id': 'handle:lilkowareta'} (logged to /Users/fuchitalee/development/minimax-marketing/x-monitoring/data/runs/2026-07-15/enum_dead_letter.jsonl)
dead-letter enum: family=role value='unknown' context={'table': 'brands_accounts', 'brand_id': 'mimo', 'author_id': 'handle:tomekGwcst'} (logged to /Users/fuchitalee/development/minimax-marketing/x-monitoring/data/runs/2026-07-15/enum_dead_letter.jsonl)
dead-letter enum: family=role value='unknown' context={'table': 'brands_accounts', 'brand_id': 'mimo', 'author_id': 'handle:TommyvanTo78020'} (logged to /Users/fuchitalee/development/minimax-marketing/x-monitoring/data/runs/2026-07-15/enum_dead_letter.jsonl)
dead-letter enum: family=role value='unknown' context={'table': 'brands_accounts', 'brand_id': 'mimo', 'author_id': 'handle:anuntrapid_auto'} (logged to /Users/fuchitalee/development/minimax-marketing/x-monitoring/data/runs/2026-07-15/enum_dead_letter.jsonl)
dead-letter enum: family=role value='unknown' context={'table': 'brands_accounts', 'brand_id': 'mimo', 'author_id': 'handle:MaSanajpierw'} (logged to /Users/fuchitalee/development/minimax-marketing/x-monitoring/data/runs/2026-07-15/enum_dead_letter.jsonl)
dead-letter enum: family=role value='unknown' context={'table': 'brands_accounts', 'brand_id': 'mimo', 'author_id': 'handle:overboming'} (logged to /Users/fuchitalee/development/minimax-marketing/x-monitoring/data/runs/2026-07-15/enum_dead_letter.jsonl)
dead-letter enum: family=role value='unknown' context={'table': 'brands_accounts', 'brand_id': 'mimo', 'author_id': 'handle:Komentaryat123'} (logged to /Users/fuchitalee/development/minimax-marketing/x-monitoring/data/runs/2026-07-15/enum_dead_letter.jsonl)
dead-letter enum: family=role value='unknown' context={'table': 'brands_accounts', 'brand_id': 'mimo', 'author_id': 'handle:GrapheneOS_PL'} (logged to /Users/fuchitalee/development/minimax-marketing/x-monitoring/data/runs/2026-07-15/enum_dead_letter.jsonl)
dead-letter enum: family=role value='unknown' context={'table': 'brands_accounts', 'brand_id': 'mimo', 'author_id': 'handle:trzaskprask5049'} (logged to /Users/fuchitalee/development/minimax-marketing/x-monitoring/data/runs/2026-07-15/enum_dead_letter.jsonl)
dead-letter enum: family=role value='unknown' context={'table': 'brands_accounts', 'brand_id': 'mimo', 'author_id': 'handle:nonkomera'} (logged to /Users/fuchitalee/development/minimax-marketing/x-monitoring/data/runs/2026-07-15/enum_dead_letter.jsonl)
dead-letter enum: family=role value='unknown' context={'table': 'brands_accounts', 'brand_id': 'mimo', 'author_id': 'handle:KlonLukas'} (logged to /Users/fuchitalee/development/minimax-marketing/x-monitoring/data/runs/2026-07-15/enum_dead_letter.jsonl)
dead-letter enum: family=role value='unknown' context={'table': 'brands_accounts', 'brand_id': 'mimo', 'author_id': 'handle:johnleelabs'} (logged to /Users/fuchitalee/development/minimax-marketing/x-monitoring/data/runs/2026-07-15/enum_dead_letter.jsonl)
dead-letter enum: family=role value='unknown' context={'table': 'brands_accounts', 'brand_id': 'mimo', 'author_id': 'handle:indrarg77'} (logged to /Users/fuchitalee/development/minimax-marketing/x-monitoring/data/runs/2026-07-15/enum_dead_letter.jsonl)
dead-letter enum: family=role value='unknown' context={'table': 'brands_accounts', 'brand_id': 'mimo', 'author_id': 'handle:Rafa40172082'} (logged to /Users/fuchitalee/development/minimax-marketing/x-monitoring/data/runs/2026-07-15/enum_dead_letter.jsonl)
dead-letter enum: family=role value='unknown' context={'table': 'brands_accounts', 'brand_id': 'mimo', 'author_id': 'handle:edwards_dg'} (logged to /Users/fuchitalee/development/minimax-marketing/x-monitoring/data/runs/2026-07-15/enum_dead_letter.jsonl)
dead-letter enum: family=role value='unknown' context={'table': 'brands_accounts', 'brand_id': 'mimo', 'author_id': 'handle:toksycznymOkiem'} (logged to /Users/fuchitalee/development/minimax-marketing/x-monitoring/data/runs/2026-07-15/enum_dead_letter.jsonl)
dead-letter enum: family=role value='unknown' context={'table': 'brands_accounts', 'brand_id': 'mimo', 'author_id': 'handle:ScienceByczys'} (logged to /Users/fuchitalee/development/minimax-marketing/x-monitoring/data/runs/2026-07-15/enum_dead_letter.jsonl)
dead-letter enum: family=role value='unknown' context={'table': 'brands_accounts', 'brand_id': 'mimo', 'author_id': 'handle:itsmuhdur'} (logged to /Users/fuchitalee/development/minimax-marketing/x-monitoring/data/runs/2026-07-15/enum_dead_letter.jsonl)
dead-letter enum: family=role value='unknown' context={'table': 'brands_accounts', 'brand_id': 'mimo', 'author_id': 'handle:AliciaS43838'} (logged to /Users/fuchitalee/development/minimax-marketing/x-monitoring/data/runs/2026-07-15/enum_dead_letter.jsonl)
dead-letter enum: family=role value='unknown' context={'table': 'brands_accounts', 'brand_id': 'mimo', 'author_id': 'handle:kingpin662727'} (logged to /Users/fuchitalee/development/minimax-marketing/x-monitoring/data/runs/2026-07-15/enum_dead_letter.jsonl)
dead-letter enum: family=role value='unknown' context={'table': 'brands_accounts', 'brand_id': 'mimo', 'author_id': 'handle:polakrodak46'} (logged to /Users/fuchitalee/development/minimax-marketing/x-monitoring/data/runs/2026-07-15/enum_dead_letter.jsonl)
dead-letter enum: family=role value='unknown' context={'table': 'brands_accounts', 'brand_id': 'mimo', 'author_id': 'handle:John11219028'} (logged to /Users/fuchitalee/development/minimax-marketing/x-monitoring/data/runs/2026-07-15/enum_dead_letter.jsonl)
dead-letter enum: family=role value='unknown' context={'table': 'brands_accounts', 'brand_id': 'mimo', 'author_id': 'handle:JerzyEr'} (logged to /Users/fuchitalee/development/minimax-marketing/x-monitoring/data/runs/2026-07-15/enum_dead_letter.jsonl)
dead-letter enum: family=role value='unknown' context={'table': 'brands_accounts', 'brand_id': 'mimo', 'author_id': 'handle:Stortrappe'} (logged to /Users/fuchitalee/development/minimax-marketing/x-monitoring/data/runs/2026-07-15/enum_dead_letter.jsonl)
dead-letter enum: family=role value='unknown' context={'table': 'brands_accounts', 'brand_id': 'mimo', 'author_id': 'handle:botblastcap'} (logged to /Users/fuchitalee/development/minimax-marketing/x-monitoring/data/runs/2026-07-15/enum_dead_letter.jsonl)
dead-letter enum: family=role value='unknown' context={'table': 'brands_accounts', 'brand_id': 'mimo', 'author_id': 'handle:C_Kazmierczak'} (logged to /Users/fuchitalee/development/minimax-marketing/x-monitoring/data/runs/2026-07-15/enum_dead_letter.jsonl)
dead-letter enum: family=role value='unknown' context={'table': 'brands_accounts', 'brand_id': 'mimo', 'author_id': 'handle:SDavee69'} (logged to /Users/fuchitalee/development/minimax-marketing/x-monitoring/data/runs/2026-07-15/enum_dead_letter.jsonl)
dead-letter enum: family=role value='unknown' context={'table': 'brands_accounts', 'brand_id': 'mimo', 'author_id': 'handle:Gambit_kurowej'} (logged to /Users/fuchitalee/development/minimax-marketing/x-monitoring/data/runs/2026-07-15/enum_dead_letter.jsonl)
dead-letter enum: family=role value='unknown' context={'table': 'brands_accounts', 'brand_id': 'mimo', 'author_id': 'handle:grazyna_ernst'} (logged to /Users/fuchitalee/development/minimax-marketing/x-monitoring/data/runs/2026-07-15/enum_dead_letter.jsonl)
dead-letter enum: family=role value='unknown' context={'table': 'brands_accounts', 'brand_id': 'mimo', 'author_id': 'handle:JSottek'} (logged to /Users/fuchitalee/development/minimax-marketing/x-monitoring/data/runs/2026-07-15/enum_dead_letter.jsonl)
dead-letter enum: family=role value='unknown' context={'table': 'brands_accounts', 'brand_id': 'mimo', 'author_id': 'handle:mwilkos'} (logged to /Users/fuchitalee/development/minimax-marketing/x-monitoring/data/runs/2026-07-15/enum_dead_letter.jsonl)
dead-letter enum: family=role value='unknown' context={'table': 'brands_accounts', 'brand_id': 'mimo', 'author_id': 'handle:PetrPospisil8'} (logged to /Users/fuchitalee/development/minimax-marketing/x-monitoring/data/runs/2026-07-15/enum_dead_letter.jsonl)
dead-letter enum: family=role value='unknown' context={'table': 'brands_accounts', 'brand_id': 'mimo', 'author_id': 'handle:Mer_Ain'} (logged to /Users/fuchitalee/development/minimax-marketing/x-monitoring/data/runs/2026-07-15/enum_dead_letter.jsonl)
dead-letter enum: family=role value='unknown' context={'table': 'brands_accounts', 'brand_id': 'mimo', 'author_id': 'handle:MakeThcmSuffer'} (logged to /Users/fuchitalee/development/minimax-marketing/x-monitoring/data/runs/2026-07-15/enum_dead_letter.jsonl)
dead-letter enum: family=role value='unknown' context={'table': 'brands_accounts', 'brand_id': 'mimo', 'author_id': 'handle:HavlikZd'} (logged to /Users/fuchitalee/development/minimax-marketing/x-monitoring/data/runs/2026-07-15/enum_dead_letter.jsonl)
dead-letter enum: family=role value='unknown' context={'table': 'brands_accounts', 'brand_id': 'mimo', 'author_id': 'handle:Funfel06'} (logged to /Users/fuchitalee/development/minimax-marketing/x-monitoring/data/runs/2026-07-15/enum_dead_letter.jsonl)
dead-letter enum: family=role value='unknown' context={'table': 'brands_accounts', 'brand_id': 'mimo', 'author_id': 'handle:adamski_ad52773'} (logged to /Users/fuchitalee/development/minimax-marketing/x-monitoring/data/runs/2026-07-15/enum_dead_letter.jsonl)
dead-letter enum: family=role value='unknown' context={'table': 'brands_accounts', 'brand_id': 'mimo', 'author_id': 'handle:Zely14046619'} (logged to /Users/fuchitalee/development/minimax-marketing/x-monitoring/data/runs/2026-07-15/enum_dead_letter.jsonl)
dead-letter enum: family=role value='unknown' context={'table': 'brands_accounts', 'brand_id': 'mimo', 'author_id': 'handle:DesignCntrl'} (logged to /Users/fuchitalee/development/minimax-marketing/x-monitoring/data/runs/2026-07-15/enum_dead_letter.jsonl)
dead-letter enum: family=role value='unknown' context={'table': 'brands_accounts', 'brand_id': 'mimo', 'author_id': 'handle:ismalboro_'} (logged to /Users/fuchitalee/development/minimax-marketing/x-monitoring/data/runs/2026-07-15/enum_dead_letter.jsonl)
dead-letter enum: family=role value='unknown' context={'table': 'brands_accounts', 'brand_id': 'mimo', 'author_id': 'handle:sportfunlife'} (logged to /Users/fuchitalee/development/minimax-marketing/x-monitoring/data/runs/2026-07-15/enum_dead_letter.jsonl)
dead-letter enum: family=role value='unknown' context={'table': 'brands_accounts', 'brand_id': 'mimo', 'author_id': 'handle:mardox007'} (logged to /Users/fuchitalee/development/minimax-marketing/x-monitoring/data/runs/2026-07-15/enum_dead_letter.jsonl)
dead-letter enum: family=role value='unknown' context={'table': 'brands_accounts', 'brand_id': 'mimo', 'author_id': 'handle:Bndrew2009'} (logged to /Users/fuchitalee/development/minimax-marketing/x-monitoring/data/runs/2026-07-15/enum_dead_letter.jsonl)
dead-letter enum: family=role value='unknown' context={'table': 'brands_accounts', 'brand_id': 'mimo', 'author_id': 'handle:deployfaith'} (logged to /Users/fuchitalee/development/minimax-marketing/x-monitoring/data/runs/2026-07-15/enum_dead_letter.jsonl)
dead-letter enum: family=role value='unknown' context={'table': 'brands_accounts', 'brand_id': 'mimo', 'author_id': 'handle:zyczmidobrze'} (logged to /Users/fuchitalee/development/minimax-marketing/x-monitoring/data/runs/2026-07-15/enum_dead_letter.jsonl)
dead-letter enum: family=role value='unknown' context={'table': 'brands_accounts', 'brand_id': 'mimo', 'author_id': 'handle:Daniellos76'} (logged to /Users/fuchitalee/development/minimax-marketing/x-monitoring/data/runs/2026-07-15/enum_dead_letter.jsonl)
dead-letter enum: family=role value='unknown' context={'table': 'brands_accounts', 'brand_id': 'mimo', 'author_id': 'handle:PetrNov95968147'} (logged to /Users/fuchitalee/development/minimax-marketing/x-monitoring/data/runs/2026-07-15/enum_dead_letter.jsonl)
dead-letter enum: family=role value='unknown' context={'table': 'brands_accounts', 'brand_id': 'mimo', 'author_id': 'handle:kosmo77785'} (logged to /Users/fuchitalee/development/minimax-marketing/x-monitoring/data/runs/2026-07-15/enum_dead_letter.jsonl)
dead-letter enum: family=role value='unknown' context={'table': 'brands_accounts', 'brand_id': 'mimo', 'author_id': 'handle:KS24162'} (logged to /Users/fuchitalee/development/minimax-marketing/x-monitoring/data/runs/2026-07-15/enum_dead_letter.jsonl)
dead-letter enum: family=role value='unknown' context={'table': 'brands_accounts', 'brand_id': 'mimo', 'author_id': 'handle:Lorem__lpsum'} (logged to /Users/fuchitalee/development/minimax-marketing/x-monitoring/data/runs/2026-07-15/enum_dead_letter.jsonl)
dead-letter enum: family=role value='unknown' context={'table': 'brands_accounts', 'brand_id': 'mimo', 'author_id': 'handle:1Rosomak'} (logged to /Users/fuchitalee/development/minimax-marketing/x-monitoring/data/runs/2026-07-15/enum_dead_letter.jsonl)
dead-letter enum: family=role value='unknown' context={'table': 'brands_accounts', 'brand_id': 'mimo', 'author_id': 'handle:Markowy56'} (logged to /Users/fuchitalee/development/minimax-marketing/x-monitoring/data/runs/2026-07-15/enum_dead_letter.jsonl)
dead-letter enum: family=role value='unknown' context={'table': 'brands_accounts', 'brand_id': 'mimo', 'author_id': 'handle:Cinamonilia'} (logged to /Users/fuchitalee/development/minimax-marketing/x-monitoring/data/runs/2026-07-15/enum_dead_letter.jsonl)
dead-letter enum: family=role value='unknown' context={'table': 'brands_accounts', 'brand_id': 'mimo', 'author_id': 'handle:GratiamMJ822'} (logged to /Users/fuchitalee/development/minimax-marketing/x-monitoring/data/runs/2026-07-15/enum_dead_letter.jsonl)
dead-letter enum: family=role value='unknown' context={'table': 'brands_accounts', 'brand_id': 'mimo', 'author_id': 'handle:MarceliSiennick'} (logged to /Users/fuchitalee/development/minimax-marketing/x-monitoring/data/runs/2026-07-15/enum_dead_letter.jsonl)
dead-letter enum: family=role value='unknown' context={'table': 'brands_accounts', 'brand_id': 'mimo', 'author_id': 'handle:SaintLee04'} (logged to /Users/fuchitalee/development/minimax-marketing/x-monitoring/data/runs/2026-07-15/enum_dead_letter.jsonl)
dead-letter enum: family=role value='unknown' context={'table': 'brands_accounts', 'brand_id': 'mimo', 'author_id': 'handle:gatinhadotrafic'} (logged to /Users/fuchitalee/development/minimax-marketing/x-monitoring/data/runs/2026-07-15/enum_dead_letter.jsonl)
dead-letter enum: family=role value='unknown' context={'table': 'brands_accounts', 'brand_id': 'mimo', 'author_id': 'handle:stilltristetho'} (logged to /Users/fuchitalee/development/minimax-marketing/x-monitoring/data/runs/2026-07-15/enum_dead_letter.jsonl)
dead-letter enum: family=role value='unknown' context={'table': 'brands_accounts', 'brand_id': 'mimo', 'author_id': 'handle:dumjen'} (logged to /Users/fuchitalee/development/minimax-marketing/x-monitoring/data/runs/2026-07-15/enum_dead_letter.jsonl)
dead-letter enum: family=role value='unknown' context={'table': 'brands_accounts', 'brand_id': 'mimo', 'author_id': 'handle:irotaka3'} (logged to /Users/fuchitalee/development/minimax-marketing/x-monitoring/data/runs/2026-07-15/enum_dead_letter.jsonl)
dead-letter enum: family=role value='unknown' context={'table': 'brands_accounts', 'brand_id': 'mimo', 'author_id': 'handle:luaemtouro'} (logged to /Users/fuchitalee/development/minimax-marketing/x-monitoring/data/runs/2026-07-15/enum_dead_letter.jsonl)
dead-letter enum: family=role value='unknown' context={'table': 'brands_accounts', 'brand_id': 'mimo', 'author_id': 'handle:OrganicGPT'} (logged to /Users/fuchitalee/development/minimax-marketing/x-monitoring/data/runs/2026-07-15/enum_dead_letter.jsonl)
dead-letter enum: family=role value='unknown' context={'table': 'brands_accounts', 'brand_id': 'mimo', 'author_id': 'handle:JolkaJD'} (logged to /Users/fuchitalee/development/minimax-marketing/x-monitoring/data/runs/2026-07-15/enum_dead_letter.jsonl)
dead-letter enum: family=role value='unknown' context={'table': 'brands_accounts', 'brand_id': 'mimo', 'author_id': 'handle:WhiteEuropeanX'} (logged to /Users/fuchitalee/development/minimax-marketing/x-monitoring/data/runs/2026-07-15/enum_dead_letter.jsonl)
dead-letter enum: family=role value='unknown' context={'table': 'brands_accounts', 'brand_id': 'mimo', 'author_id': 'handle:rafaelabsnunes'} (logged to /Users/fuchitalee/development/minimax-marketing/x-monitoring/data/runs/2026-07-15/enum_dead_letter.jsonl)
dead-letter enum: family=role value='unknown' context={'table': 'brands_accounts', 'brand_id': 'mimo', 'author_id': 'handle:Grita92'} (logged to /Users/fuchitalee/development/minimax-marketing/x-monitoring/data/runs/2026-07-15/enum_dead_letter.jsonl)
dead-letter enum: family=role value='unknown' context={'table': 'brands_accounts', 'brand_id': 'mimo', 'author_id': 'handle:Marcin383069650'} (logged to /Users/fuchitalee/development/minimax-marketing/x-monitoring/data/runs/2026-07-15/enum_dead_letter.jsonl)
dead-letter enum: family=role value='unknown' context={'table': 'brands_accounts', 'brand_id': 'mimo', 'author_id': 'handle:tarotdaisis'} (logged to /Users/fuchitalee/development/minimax-marketing/x-monitoring/data/runs/2026-07-15/enum_dead_letter.jsonl)
dead-letter enum: family=role value='unknown' context={'table': 'brands_accounts', 'brand_id': 'mimo', 'author_id': 'handle:ExolonV'} (logged to /Users/fuchitalee/development/minimax-marketing/x-monitoring/data/runs/2026-07-15/enum_dead_letter.jsonl)
dead-letter enum: family=role value='unknown' context={'table': 'brands_accounts', 'brand_id': 'mimo', 'author_id': 'handle:MarcinPopadiak'} (logged to /Users/fuchitalee/development/minimax-marketing/x-monitoring/data/runs/2026-07-15/enum_dead_letter.jsonl)
dead-letter enum: family=role value='unknown' context={'table': 'brands_accounts', 'brand_id': 'mimo', 'author_id': 'handle:rsensui'} (logged to /Users/fuchitalee/development/minimax-marketing/x-monitoring/data/runs/2026-07-15/enum_dead_letter.jsonl)
dead-letter enum: family=role value='unknown' context={'table': 'brands_accounts', 'brand_id': 'mimo', 'author_id': 'handle:malozanovjetalo'} (logged to /Users/fuchitalee/development/minimax-marketing/x-monitoring/data/runs/2026-07-15/enum_dead_letter.jsonl)
dead-letter enum: family=role value='unknown' context={'table': 'brands_accounts', 'brand_id': 'mimo', 'author_id': 'handle:Kr33B'} (logged to /Users/fuchitalee/development/minimax-marketing/x-monitoring/data/runs/2026-07-15/enum_dead_letter.jsonl)
dead-letter enum: family=role value='unknown' context={'table': 'brands_accounts', 'brand_id': 'mimo', 'author_id': 'handle:RokitaMich'} (logged to /Users/fuchitalee/development/minimax-marketing/x-monitoring/data/runs/2026-07-15/enum_dead_letter.jsonl)
dead-letter enum: family=role value='unknown' context={'table': 'brands_accounts', 'brand_id': 'mimo', 'author_id': 'handle:TheUnmasker_PL'} (logged to /Users/fuchitalee/development/minimax-marketing/x-monitoring/data/runs/2026-07-15/enum_dead_letter.jsonl)
dead-letter enum: family=role value='unknown' context={'table': 'brands_accounts', 'brand_id': 'mimo', 'author_id': 'handle:Mongmonggirl7'} (logged to /Users/fuchitalee/development/minimax-marketing/x-monitoring/data/runs/2026-07-15/enum_dead_letter.jsonl)
dead-letter enum: family=role value='unknown' context={'table': 'brands_accounts', 'brand_id': 'mimo', 'author_id': 'handle:JPripekl'} (logged to /Users/fuchitalee/development/minimax-marketing/x-monitoring/data/runs/2026-07-15/enum_dead_letter.jsonl)
dead-letter enum: family=role value='unknown' context={'table': 'brands_accounts', 'brand_id': 'mimo', 'author_id': 'handle:zwitt1410'} (logged to /Users/fuchitalee/development/minimax-marketing/x-monitoring/data/runs/2026-07-15/enum_dead_letter.jsonl)
dead-letter enum: family=role value='unknown' context={'table': 'brands_accounts', 'brand_id': 'mimo', 'author_id': 'handle:VIRALEPL'} (logged to /Users/fuchitalee/development/minimax-marketing/x-monitoring/data/runs/2026-07-15/enum_dead_letter.jsonl)
dead-letter enum: family=role value='unknown' context={'table': 'brands_accounts', 'brand_id': 'mimo', 'author_id': 'handle:SvetlanaMilenk6'} (logged to /Users/fuchitalee/development/minimax-marketing/x-monitoring/data/runs/2026-07-15/enum_dead_letter.jsonl)
dead-letter enum: family=role value='unknown' context={'table': 'brands_accounts', 'brand_id': 'mimo', 'author_id': 'handle:JedlinskiP'} (logged to /Users/fuchitalee/development/minimax-marketing/x-monitoring/data/runs/2026-07-15/enum_dead_letter.jsonl)
dead-letter enum: family=role value='unknown' context={'table': 'brands_accounts', 'brand_id': 'mimo', 'author_id': 'handle:Nietonucom'} (logged to /Users/fuchitalee/development/minimax-marketing/x-monitoring/data/runs/2026-07-15/enum_dead_letter.jsonl)
dead-letter enum: family=role value='unknown' context={'table': 'brands_accounts', 'brand_id': 'mimo', 'author_id': 'handle:MaciekStaczyk2'} (logged to /Users/fuchitalee/development/minimax-marketing/x-monitoring/data/runs/2026-07-15/enum_dead_letter.jsonl)
dead-letter enum: family=role value='unknown' context={'table': 'brands_accounts', 'brand_id': 'mimo', 'author_id': 'handle:PublicznieGupia'} (logged to /Users/fuchitalee/development/minimax-marketing/x-monitoring/data/runs/2026-07-15/enum_dead_letter.jsonl)
dead-letter enum: family=role value='unknown' context={'table': 'brands_accounts', 'brand_id': 'mimo', 'author_id': 'handle:b_kamil57884'} (logged to /Users/fuchitalee/development/minimax-marketing/x-monitoring/data/runs/2026-07-15/enum_dead_letter.jsonl)
dead-letter enum: family=role value='unknown' context={'table': 'brands_accounts', 'brand_id': 'mimo', 'author_id': 'handle:Krytyczny_z_C'} (logged to /Users/fuchitalee/development/minimax-marketing/x-monitoring/data/runs/2026-07-15/enum_dead_letter.jsonl)
dead-letter enum: family=role value='unknown' context={'table': 'brands_accounts', 'brand_id': 'mimo', 'author_id': 'handle:mikolajkarwat'} (logged to /Users/fuchitalee/development/minimax-marketing/x-monitoring/data/runs/2026-07-15/enum_dead_letter.jsonl)
dead-letter enum: family=role value='unknown' context={'table': 'brands_accounts', 'brand_id': 'mimo', 'author_id': 'handle:MonadSeeker'} (logged to /Users/fuchitalee/development/minimax-marketing/x-monitoring/data/runs/2026-07-15/enum_dead_letter.jsonl)
dead-letter enum: family=role value='unknown' context={'table': 'brands_accounts', 'brand_id': 'mimo', 'author_id': 'handle:MarcinMoron1920'} (logged to /Users/fuchitalee/development/minimax-marketing/x-monitoring/data/runs/2026-07-15/enum_dead_letter.jsonl)
dead-letter enum: family=role value='unknown' context={'table': 'brands_accounts', 'brand_id': 'mimo', 'author_id': 'handle:Kowalski_Opcj3'} (logged to /Users/fuchitalee/development/minimax-marketing/x-monitoring/data/runs/2026-07-15/enum_dead_letter.jsonl)
dead-letter enum: family=role value='unknown' context={'table': 'brands_accounts', 'brand_id': 'mimo', 'author_id': 'handle:BPlzensky'} (logged to /Users/fuchitalee/development/minimax-marketing/x-monitoring/data/runs/2026-07-15/enum_dead_letter.jsonl)
dead-letter enum: family=role value='unknown' context={'table': 'brands_accounts', 'brand_id': 'mimo', 'author_id': 'handle:Prem_reborn'} (logged to /Users/fuchitalee/development/minimax-marketing/x-monitoring/data/runs/2026-07-15/enum_dead_letter.jsonl)
dead-letter enum: family=role value='unknown' context={'table': 'brands_accounts', 'brand_id': 'mimo', 'author_id': 'handle:grzegrzolka83'} (logged to /Users/fuchitalee/development/minimax-marketing/x-monitoring/data/runs/2026-07-15/enum_dead_letter.jsonl)
dead-letter enum: family=role value='unknown' context={'table': 'brands_accounts', 'brand_id': 'mimo', 'author_id': 'handle:KamilSanca'} (logged to /Users/fuchitalee/development/minimax-marketing/x-monitoring/data/runs/2026-07-15/enum_dead_letter.jsonl)
dead-letter enum: family=role value='unknown' context={'table': 'brands_accounts', 'brand_id': 'mimo', 'author_id': 'handle:P_Mieloch'} (logged to /Users/fuchitalee/development/minimax-marketing/x-monitoring/data/runs/2026-07-15/enum_dead_letter.jsonl)
dead-letter enum: family=role value='unknown' context={'table': 'brands_accounts', 'brand_id': 'mimo', 'author_id': 'handle:RMasalski64843'} (logged to /Users/fuchitalee/development/minimax-marketing/x-monitoring/data/runs/2026-07-15/enum_dead_letter.jsonl)
dead-letter enum: family=role value='unknown' context={'table': 'brands_accounts', 'brand_id': 'mimo', 'author_id': 'handle:Tech2Wild'} (logged to /Users/fuchitalee/development/minimax-marketing/x-monitoring/data/runs/2026-07-15/enum_dead_letter.jsonl)
dead-letter enum: family=role value='unknown' context={'table': 'brands_accounts', 'brand_id': 'mimo', 'author_id': 'handle:mrmagagay'} (logged to /Users/fuchitalee/development/minimax-marketing/x-monitoring/data/runs/2026-07-15/enum_dead_letter.jsonl)
dead-letter enum: family=role value='unknown' context={'table': 'brands_accounts', 'brand_id': 'mimo', 'author_id': 'handle:MiloMind21'} (logged to /Users/fuchitalee/development/minimax-marketing/x-monitoring/data/runs/2026-07-15/enum_dead_letter.jsonl)
dead-letter enum: family=role value='unknown' context={'table': 'brands_accounts', 'brand_id': 'mimo', 'author_id': 'handle:bautyl0ve'} (logged to /Users/fuchitalee/development/minimax-marketing/x-monitoring/data/runs/2026-07-15/enum_dead_letter.jsonl)
dead-letter enum: family=role value='unknown' context={'table': 'brands_accounts', 'brand_id': 'mimo', 'author_id': 'handle:kamilloreis'} (logged to /Users/fuchitalee/development/minimax-marketing/x-monitoring/data/runs/2026-07-15/enum_dead_letter.jsonl)
dead-letter enum: family=role value='unknown' context={'table': 'brands_accounts', 'brand_id': 'mimo', 'author_id': 'handle:FidelSarkastro'} (logged to /Users/fuchitalee/development/minimax-marketing/x-monitoring/data/runs/2026-07-15/enum_dead_letter.jsonl)
dead-letter enum: family=role value='unknown' context={'table': 'brands_accounts', 'brand_id': 'mimo', 'author_id': 'handle:zaypod138'} (logged to /Users/fuchitalee/development/minimax-marketing/x-monitoring/data/runs/2026-07-15/enum_dead_letter.jsonl)
dead-letter enum: family=role value='unknown' context={'table': 'brands_accounts', 'brand_id': 'mimo', 'author_id': 'handle:user_cos_tam'} (logged to /Users/fuchitalee/development/minimax-marketing/x-monitoring/data/runs/2026-07-15/enum_dead_letter.jsonl)
dead-letter enum: family=role value='unknown' context={'table': 'brands_accounts', 'brand_id': 'mimo', 'author_id': 'handle:rubenssoto_ai'} (logged to /Users/fuchitalee/development/minimax-marketing/x-monitoring/data/runs/2026-07-15/enum_dead_letter.jsonl)
dead-letter enum: family=role value='unknown' context={'table': 'brands_accounts', 'brand_id': 'mimo', 'author_id': 'handle:Sebasti42426190'} (logged to /Users/fuchitalee/development/minimax-marketing/x-monitoring/data/runs/2026-07-15/enum_dead_letter.jsonl)
dead-letter enum: family=role value='unknown' context={'table': 'brands_accounts', 'brand_id': 'mimo', 'author_id': 'handle:gosiag147'} (logged to /Users/fuchitalee/development/minimax-marketing/x-monitoring/data/runs/2026-07-15/enum_dead_letter.jsonl)
dead-letter enum: family=role value='unknown' context={'table': 'brands_accounts', 'brand_id': 'mimo', 'author_id': 'handle:rzinkhoff'} (logged to /Users/fuchitalee/development/minimax-marketing/x-monitoring/data/runs/2026-07-15/enum_dead_letter.jsonl)
dead-letter enum: family=role value='unknown' context={'table': 'brands_accounts', 'brand_id': 'mimo', 'author_id': 'handle:RudaWrona2024'} (logged to /Users/fuchitalee/development/minimax-marketing/x-monitoring/data/runs/2026-07-15/enum_dead_letter.jsonl)
dead-letter enum: family=role value='unknown' context={'table': 'brands_accounts', 'brand_id': 'mimo', 'author_id': 'handle:AP5426129871859'} (logged to /Users/fuchitalee/development/minimax-marketing/x-monitoring/data/runs/2026-07-15/enum_dead_letter.jsonl)
dead-letter enum: family=role value='unknown' context={'table': 'brands_accounts', 'brand_id': 'mimo', 'author_id': 'handle:1JewHunter5'} (logged to /Users/fuchitalee/development/minimax-marketing/x-monitoring/data/runs/2026-07-15/enum_dead_letter.jsonl)
dead-letter enum: family=role value='unknown' context={'table': 'brands_accounts', 'brand_id': 'mimo', 'author_id': 'handle:WeronikaKloc3'} (logged to /Users/fuchitalee/development/minimax-marketing/x-monitoring/data/runs/2026-07-15/enum_dead_letter.jsonl)
dead-letter enum: family=role value='unknown' context={'table': 'brands_accounts', 'brand_id': 'mimo', 'author_id': 'handle:HydriumVitaxo'} (logged to /Users/fuchitalee/development/minimax-marketing/x-monitoring/data/runs/2026-07-15/enum_dead_letter.jsonl)
dead-letter enum: family=role value='unknown' context={'table': 'brands_accounts', 'brand_id': 'mimo', 'author_id': 'handle:Loozrrrrrpedal'} (logged to /Users/fuchitalee/development/minimax-marketing/x-monitoring/data/runs/2026-07-15/enum_dead_letter.jsonl)
dead-letter enum: family=role value='unknown' context={'table': 'brands_accounts', 'brand_id': 'mimo', 'author_id': 'handle:Jose_Tcco'} (logged to /Users/fuchitalee/development/minimax-marketing/x-monitoring/data/runs/2026-07-15/enum_dead_letter.jsonl)
dead-letter enum: family=role value='unknown' context={'table': 'brands_accounts', 'brand_id': 'mimo', 'author_id': 'handle:KPPawlowski'} (logged to /Users/fuchitalee/development/minimax-marketing/x-monitoring/data/runs/2026-07-15/enum_dead_letter.jsonl)
dead-letter enum: family=role value='unknown' context={'table': 'brands_accounts', 'brand_id': 'mimo', 'author_id': 'handle:unloboargymas'} (logged to /Users/fuchitalee/development/minimax-marketing/x-monitoring/data/runs/2026-07-15/enum_dead_letter.jsonl)
dead-letter enum: family=role value='unknown' context={'table': 'brands_accounts', 'brand_id': 'mimo', 'author_id': 'handle:EcantuDin'} (logged to /Users/fuchitalee/development/minimax-marketing/x-monitoring/data/runs/2026-07-15/enum_dead_letter.jsonl)
dead-letter enum: family=role value='unknown' context={'table': 'brands_accounts', 'brand_id': 'mimo', 'author_id': 'handle:SakaLover19'} (logged to /Users/fuchitalee/development/minimax-marketing/x-monitoring/data/runs/2026-07-15/enum_dead_letter.jsonl)
dead-letter enum: family=role value='unknown' context={'table': 'brands_accounts', 'brand_id': 'mimo', 'author_id': 'handle:k_bartec'} (logged to /Users/fuchitalee/development/minimax-marketing/x-monitoring/data/runs/2026-07-15/enum_dead_letter.jsonl)
dead-letter enum: family=role value='unknown' context={'table': 'brands_accounts', 'brand_id': 'mimo', 'author_id': 'handle:bogudzki_ryszar'} (logged to /Users/fuchitalee/development/minimax-marketing/x-monitoring/data/runs/2026-07-15/enum_dead_letter.jsonl)
dead-letter enum: family=role value='unknown' context={'table': 'brands_accounts', 'brand_id': 'mimo', 'author_id': 'handle:MateuszCK'} (logged to /Users/fuchitalee/development/minimax-marketing/x-monitoring/data/runs/2026-07-15/enum_dead_letter.jsonl)
dead-letter enum: family=role value='unknown' context={'table': 'brands_accounts', 'brand_id': 'mimo', 'author_id': 'handle:KedzierskaJola'} (logged to /Users/fuchitalee/development/minimax-marketing/x-monitoring/data/runs/2026-07-15/enum_dead_letter.jsonl)
dead-letter enum: family=role value='unknown' context={'table': 'brands_accounts', 'brand_id': 'mimo', 'author_id': 'handle:andsnnzs'} (logged to /Users/fuchitalee/development/minimax-marketing/x-monitoring/data/runs/2026-07-15/enum_dead_letter.jsonl)
dead-letter enum: family=role value='unknown' context={'table': 'brands_accounts', 'brand_id': 'mimo', 'author_id': 'handle:drake_spears06'} (logged to /Users/fuchitalee/development/minimax-marketing/x-monitoring/data/runs/2026-07-15/enum_dead_letter.jsonl)
dead-letter enum: family=role value='unknown' context={'table': 'brands_accounts', 'brand_id': 'mimo', 'author_id': 'handle:SJoe52501'} (logged to /Users/fuchitalee/development/minimax-marketing/x-monitoring/data/runs/2026-07-15/enum_dead_letter.jsonl)
dead-letter enum: family=role value='unknown' context={'table': 'brands_accounts', 'brand_id': 'mimo', 'author_id': 'handle:adashazok'} (logged to /Users/fuchitalee/development/minimax-marketing/x-monitoring/data/runs/2026-07-15/enum_dead_letter.jsonl)
dead-letter enum: family=role value='unknown' context={'table': 'brands_accounts', 'brand_id': 'mimo', 'author_id': 'handle:IndijancTecumse'} (logged to /Users/fuchitalee/development/minimax-marketing/x-monitoring/data/runs/2026-07-15/enum_dead_letter.jsonl)
dead-letter enum: family=role value='unknown' context={'table': 'brands_accounts', 'brand_id': 'mimo', 'author_id': 'handle:Ondrej_Vybihal'} (logged to /Users/fuchitalee/development/minimax-marketing/x-monitoring/data/runs/2026-07-15/enum_dead_letter.jsonl)
dead-letter enum: family=role value='unknown' context={'table': 'brands_accounts', 'brand_id': 'mimo', 'author_id': 'handle:mario0984'} (logged to /Users/fuchitalee/development/minimax-marketing/x-monitoring/data/runs/2026-07-15/enum_dead_letter.jsonl)
dead-letter enum: family=role value='unknown' context={'table': 'brands_accounts', 'brand_id': 'mimo', 'author_id': 'handle:AdolfoUsier'} (logged to /Users/fuchitalee/development/minimax-marketing/x-monitoring/data/runs/2026-07-15/enum_dead_letter.jsonl)
dead-letter enum: family=role value='unknown' context={'table': 'brands_accounts', 'brand_id': 'mimo', 'author_id': 'handle:WawrzakTomasz'} (logged to /Users/fuchitalee/development/minimax-marketing/x-monitoring/data/runs/2026-07-15/enum_dead_letter.jsonl)
dead-letter enum: family=role value='unknown' context={'table': 'brands_accounts', 'brand_id': 'mimo', 'author_id': 'handle:AldonaScha22463'} (logged to /Users/fuchitalee/development/minimax-marketing/x-monitoring/data/runs/2026-07-15/enum_dead_letter.jsonl)
dead-letter enum: family=role value='unknown' context={'table': 'brands_accounts', 'brand_id': 'mimo', 'author_id': 'handle:frescofrizzante'} (logged to /Users/fuchitalee/development/minimax-marketing/x-monitoring/data/runs/2026-07-15/enum_dead_letter.jsonl)
dead-letter enum: family=role value='unknown' context={'table': 'brands_accounts', 'brand_id': 'mimo', 'author_id': 'handle:sadnesshell999'} (logged to /Users/fuchitalee/development/minimax-marketing/x-monitoring/data/runs/2026-07-15/enum_dead_letter.jsonl)
dead-letter enum: family=role value='unknown' context={'table': 'brands_accounts', 'brand_id': 'mimo', 'author_id': 'handle:LukaszKrolik161'} (logged to /Users/fuchitalee/development/minimax-marketing/x-monitoring/data/runs/2026-07-15/enum_dead_letter.jsonl)
dead-letter enum: family=role value='unknown' context={'table': 'brands_accounts', 'brand_id': 'mimo', 'author_id': 'handle:Impedro29'} (logged to /Users/fuchitalee/development/minimax-marketing/x-monitoring/data/runs/2026-07-15/enum_dead_letter.jsonl)
dead-letter enum: family=role value='unknown' context={'table': 'brands_accounts', 'brand_id': 'mimo', 'author_id': 'handle:swkall'} (logged to /Users/fuchitalee/development/minimax-marketing/x-monitoring/data/runs/2026-07-15/enum_dead_letter.jsonl)
dead-letter enum: family=role value='unknown' context={'table': 'brands_accounts', 'brand_id': 'mimo', 'author_id': 'handle:melendur88'} (logged to /Users/fuchitalee/development/minimax-marketing/x-monitoring/data/runs/2026-07-15/enum_dead_letter.jsonl)
dead-letter enum: family=role value='unknown' context={'table': 'brands_accounts', 'brand_id': 'mimo', 'author_id': 'handle:Adam05296985'} (logged to /Users/fuchitalee/development/minimax-marketing/x-monitoring/data/runs/2026-07-15/enum_dead_letter.jsonl)
dead-letter enum: family=role value='unknown' context={'table': 'brands_accounts', 'brand_id': 'mimo', 'author_id': 'handle:Andrzej63600050'} (logged to /Users/fuchitalee/development/minimax-marketing/x-monitoring/data/runs/2026-07-15/enum_dead_letter.jsonl)
dead-letter enum: family=role value='unknown' context={'table': 'brands_accounts', 'brand_id': 'mimo', 'author_id': 'handle:ArcadioPolonia'} (logged to /Users/fuchitalee/development/minimax-marketing/x-monitoring/data/runs/2026-07-15/enum_dead_letter.jsonl)
dead-letter enum: family=role value='unknown' context={'table': 'brands_accounts', 'brand_id': 'mimo', 'author_id': 'handle:Reichisan'} (logged to /Users/fuchitalee/development/minimax-marketing/x-monitoring/data/runs/2026-07-15/enum_dead_letter.jsonl)
dead-letter enum: family=role value='unknown' context={'table': 'brands_accounts', 'brand_id': 'mimo', 'author_id': 'handle:MonikaNowacka16'} (logged to /Users/fuchitalee/development/minimax-marketing/x-monitoring/data/runs/2026-07-15/enum_dead_letter.jsonl)
dead-letter enum: family=role value='unknown' context={'table': 'brands_accounts', 'brand_id': 'mimo', 'author_id': 'handle:JanMusuta'} (logged to /Users/fuchitalee/development/minimax-marketing/x-monitoring/data/runs/2026-07-15/enum_dead_letter.jsonl)
dead-letter enum: family=role value='unknown' context={'table': 'brands_accounts', 'brand_id': 'mimo', 'author_id': 'handle:arturdeep'} (logged to /Users/fuchitalee/development/minimax-marketing/x-monitoring/data/runs/2026-07-15/enum_dead_letter.jsonl)
dead-letter enum: family=role value='unknown' context={'table': 'brands_accounts', 'brand_id': 'mimo', 'author_id': 'handle:OAnalityk'} (logged to /Users/fuchitalee/development/minimax-marketing/x-monitoring/data/runs/2026-07-15/enum_dead_letter.jsonl)
dead-letter enum: family=role value='unknown' context={'table': 'brands_accounts', 'brand_id': 'mimo', 'author_id': 'handle:igeoao'} (logged to /Users/fuchitalee/development/minimax-marketing/x-monitoring/data/runs/2026-07-15/enum_dead_letter.jsonl)
dead-letter enum: family=role value='unknown' context={'table': 'brands_accounts', 'brand_id': 'mimo', 'author_id': 'handle:pieskowska'} (logged to /Users/fuchitalee/development/minimax-marketing/x-monitoring/data/runs/2026-07-15/enum_dead_letter.jsonl)
dead-letter enum: family=role value='unknown' context={'table': 'brands_accounts', 'brand_id': 'mimo', 'author_id': 'handle:AdamskyArt'} (logged to /Users/fuchitalee/development/minimax-marketing/x-monitoring/data/runs/2026-07-15/enum_dead_letter.jsonl)
dead-letter enum: family=role value='unknown' context={'table': 'brands_accounts', 'brand_id': 'mimo', 'author_id': 'handle:bluetael'} (logged to /Users/fuchitalee/development/minimax-marketing/x-monitoring/data/runs/2026-07-15/enum_dead_letter.jsonl)
dead-letter enum: family=role value='unknown' context={'table': 'brands_accounts', 'brand_id': 'mimo', 'author_id': 'handle:alteregoliscia'} (logged to /Users/fuchitalee/development/minimax-marketing/x-monitoring/data/runs/2026-07-15/enum_dead_letter.jsonl)
dead-letter enum: family=role value='unknown' context={'table': 'brands_accounts', 'brand_id': 'mimo', 'author_id': 'handle:pavellll6617112'} (logged to /Users/fuchitalee/development/minimax-marketing/x-monitoring/data/runs/2026-07-15/enum_dead_letter.jsonl)
dead-letter enum: family=role value='unknown' context={'table': 'brands_accounts', 'brand_id': 'mimo', 'author_id': 'handle:MichalSamiec'} (logged to /Users/fuchitalee/development/minimax-marketing/x-monitoring/data/runs/2026-07-15/enum_dead_letter.jsonl)
dead-letter enum: family=role value='unknown' context={'table': 'brands_accounts', 'brand_id': 'mimo', 'author_id': 'handle:boahamncook'} (logged to /Users/fuchitalee/development/minimax-marketing/x-monitoring/data/runs/2026-07-15/enum_dead_letter.jsonl)
dead-letter enum: family=role value='unknown' context={'table': 'brands_accounts', 'brand_id': 'mimo', 'author_id': 'handle:sopp1_sopii'} (logged to /Users/fuchitalee/development/minimax-marketing/x-monitoring/data/runs/2026-07-15/enum_dead_letter.jsonl)
dead-letter enum: family=role value='unknown' context={'table': 'brands_accounts', 'brand_id': 'mimo', 'author_id': 'handle:MagdaL61397021'} (logged to /Users/fuchitalee/development/minimax-marketing/x-monitoring/data/runs/2026-07-15/enum_dead_letter.jsonl)
dead-letter enum: family=role value='unknown' context={'table': 'brands_accounts', 'brand_id': 'mimo', 'author_id': 'handle:Waldek80'} (logged to /Users/fuchitalee/development/minimax-marketing/x-monitoring/data/runs/2026-07-15/enum_dead_letter.jsonl)
dead-letter enum: family=role value='unknown' context={'table': 'brands_accounts', 'brand_id': 'mimo', 'author_id': 'handle:procesor_x'} (logged to /Users/fuchitalee/development/minimax-marketing/x-monitoring/data/runs/2026-07-15/enum_dead_letter.jsonl)
dead-letter enum: family=role value='unknown' context={'table': 'brands_accounts', 'brand_id': 'mimo', 'author_id': 'handle:DIA01010101'} (logged to /Users/fuchitalee/development/minimax-marketing/x-monitoring/data/runs/2026-07-15/enum_dead_letter.jsonl)
dead-letter enum: family=role value='unknown' context={'table': 'brands_accounts', 'brand_id': 'mimo', 'author_id': 'handle:TomaszBud'} (logged to /Users/fuchitalee/development/minimax-marketing/x-monitoring/data/runs/2026-07-15/enum_dead_letter.jsonl)
dead-letter enum: family=role value='unknown' context={'table': 'brands_accounts', 'brand_id': 'mimo', 'author_id': 'handle:BogNieZyje'} (logged to /Users/fuchitalee/development/minimax-marketing/x-monitoring/data/runs/2026-07-15/enum_dead_letter.jsonl)
dead-letter enum: family=role value='unknown' context={'table': 'brands_accounts', 'brand_id': 'mimo', 'author_id': 'handle:Jakub801'} (logged to /Users/fuchitalee/development/minimax-marketing/x-monitoring/data/runs/2026-07-15/enum_dead_letter.jsonl)
dead-letter enum: family=role value='unknown' context={'table': 'brands_accounts', 'brand_id': 'mimo', 'author_id': 'handle:Piotr_Nawrockii'} (logged to /Users/fuchitalee/development/minimax-marketing/x-monitoring/data/runs/2026-07-15/enum_dead_letter.jsonl)
dead-letter enum: family=role value='unknown' context={'table': 'brands_accounts', 'brand_id': 'mimo', 'author_id': 'handle:netzi12'} (logged to /Users/fuchitalee/development/minimax-marketing/x-monitoring/data/runs/2026-07-15/enum_dead_letter.jsonl)
dead-letter enum: family=role value='unknown' context={'table': 'brands_accounts', 'brand_id': 'mimo', 'author_id': 'handle:lond_daer'} (logged to /Users/fuchitalee/development/minimax-marketing/x-monitoring/data/runs/2026-07-15/enum_dead_letter.jsonl)
dead-letter enum: family=role value='unknown' context={'table': 'brands_accounts', 'brand_id': 'mimo', 'author_id': 'handle:sonya_soy'} (logged to /Users/fuchitalee/development/minimax-marketing/x-monitoring/data/runs/2026-07-15/enum_dead_letter.jsonl)
dead-letter enum: family=role value='unknown' context={'table': 'brands_accounts', 'brand_id': 'mimo', 'author_id': 'handle:TrueLuka'} (logged to /Users/fuchitalee/development/minimax-marketing/x-monitoring/data/runs/2026-07-15/enum_dead_letter.jsonl)
dead-letter enum: family=role value='unknown' context={'table': 'brands_accounts', 'brand_id': 'mimo', 'author_id': 'handle:jarekm849'} (logged to /Users/fuchitalee/development/minimax-marketing/x-monitoring/data/runs/2026-07-15/enum_dead_letter.jsonl)
dead-letter enum: family=role value='unknown' context={'table': 'brands_accounts', 'brand_id': 'mimo', 'author_id': 'handle:mnumerato'} (logged to /Users/fuchitalee/development/minimax-marketing/x-monitoring/data/runs/2026-07-15/enum_dead_letter.jsonl)
dead-letter enum: family=role value='unknown' context={'table': 'brands_accounts', 'brand_id': 'mimo', 'author_id': 'handle:krzysztof1k1'} (logged to /Users/fuchitalee/development/minimax-marketing/x-monitoring/data/runs/2026-07-15/enum_dead_letter.jsonl)
dead-letter enum: family=role value='unknown' context={'table': 'brands_accounts', 'brand_id': 'mimo', 'author_id': 'handle:SolStateSociaty'} (logged to /Users/fuchitalee/development/minimax-marketing/x-monitoring/data/runs/2026-07-15/enum_dead_letter.jsonl)
dead-letter enum: family=role value='unknown' context={'table': 'brands_accounts', 'brand_id': 'mimo', 'author_id': 'handle:posejdon_1989'} (logged to /Users/fuchitalee/development/minimax-marketing/x-monitoring/data/runs/2026-07-15/enum_dead_letter.jsonl)
dead-letter enum: family=role value='unknown' context={'table': 'brands_accounts', 'brand_id': 'mimo', 'author_id': 'handle:BBreeg2501'} (logged to /Users/fuchitalee/development/minimax-marketing/x-monitoring/data/runs/2026-07-15/enum_dead_letter.jsonl)
dead-letter enum: family=role value='unknown' context={'table': 'brands_accounts', 'brand_id': 'mimo', 'author_id': 'handle:naryczalcie'} (logged to /Users/fuchitalee/development/minimax-marketing/x-monitoring/data/runs/2026-07-15/enum_dead_letter.jsonl)
dead-letter enum: family=role value='unknown' context={'table': 'brands_accounts', 'brand_id': 'mimo', 'author_id': 'handle:MarekPolack'} (logged to /Users/fuchitalee/development/minimax-marketing/x-monitoring/data/runs/2026-07-15/enum_dead_letter.jsonl)
dead-letter enum: family=role value='unknown' context={'table': 'brands_accounts', 'brand_id': 'mimo', 'author_id': 'handle:TomFu31706783'} (logged to /Users/fuchitalee/development/minimax-marketing/x-monitoring/data/runs/2026-07-15/enum_dead_letter.jsonl)
dead-letter enum: family=role value='unknown' context={'table': 'brands_accounts', 'brand_id': 'mimo', 'author_id': 'handle:Martimer23'} (logged to /Users/fuchitalee/development/minimax-marketing/x-monitoring/data/runs/2026-07-15/enum_dead_letter.jsonl)
dead-letter enum: family=role value='unknown' context={'table': 'brands_accounts', 'brand_id': 'mimo', 'author_id': 'handle:maciejzdesenko'} (logged to /Users/fuchitalee/development/minimax-marketing/x-monitoring/data/runs/2026-07-15/enum_dead_letter.jsonl)
dead-letter enum: family=role value='unknown' context={'table': 'brands_accounts', 'brand_id': 'mimo', 'author_id': 'handle:andrzejsmoliwas'} (logged to /Users/fuchitalee/development/minimax-marketing/x-monitoring/data/runs/2026-07-15/enum_dead_letter.jsonl)
dead-letter enum: family=role value='unknown' context={'table': 'brands_accounts', 'brand_id': 'mimo', 'author_id': 'handle:PortfelMysli'} (logged to /Users/fuchitalee/development/minimax-marketing/x-monitoring/data/runs/2026-07-15/enum_dead_letter.jsonl)
dead-letter enum: family=role value='unknown' context={'table': 'brands_accounts', 'brand_id': 'mimo', 'author_id': 'handle:RonaldDusk'} (logged to /Users/fuchitalee/development/minimax-marketing/x-monitoring/data/runs/2026-07-15/enum_dead_letter.jsonl)
dead-letter enum: family=role value='unknown' context={'table': 'brands_accounts', 'brand_id': 'mimo', 'author_id': 'handle:Tereza566444186'} (logged to /Users/fuchitalee/development/minimax-marketing/x-monitoring/data/runs/2026-07-15/enum_dead_letter.jsonl)
dead-letter enum: family=role value='unknown' context={'table': 'brands_accounts', 'brand_id': 'mimo', 'author_id': 'handle:quinn497777'} (logged to /Users/fuchitalee/development/minimax-marketing/x-monitoring/data/runs/2026-07-15/enum_dead_letter.jsonl)
dead-letter enum: family=role value='unknown' context={'table': 'brands_accounts', 'brand_id': 'mimo', 'author_id': 'handle:utek_d'} (logged to /Users/fuchitalee/development/minimax-marketing/x-monitoring/data/runs/2026-07-15/enum_dead_letter.jsonl)
dead-letter enum: family=role value='unknown' context={'table': 'brands_accounts', 'brand_id': 'mimo', 'author_id': 'handle:jonny_memonik'} (logged to /Users/fuchitalee/development/minimax-marketing/x-monitoring/data/runs/2026-07-15/enum_dead_letter.jsonl)
dead-letter enum: family=role value='unknown' context={'table': 'brands_accounts', 'brand_id': 'mimo', 'author_id': 'handle:KacperSzybowski'} (logged to /Users/fuchitalee/development/minimax-marketing/x-monitoring/data/runs/2026-07-15/enum_dead_letter.jsonl)
dead-letter enum: family=role value='unknown' context={'table': 'brands_accounts', 'brand_id': 'mimo', 'author_id': 'handle:PolnischS'} (logged to /Users/fuchitalee/development/minimax-marketing/x-monitoring/data/runs/2026-07-15/enum_dead_letter.jsonl)
dead-letter enum: family=role value='unknown' context={'table': 'brands_accounts', 'brand_id': 'mimo', 'author_id': 'handle:vonMossberg'} (logged to /Users/fuchitalee/development/minimax-marketing/x-monitoring/data/runs/2026-07-15/enum_dead_letter.jsonl)
dead-letter enum: family=role value='unknown' context={'table': 'brands_accounts', 'brand_id': 'mimo', 'author_id': 'handle:cz_tomas'} (logged to /Users/fuchitalee/development/minimax-marketing/x-monitoring/data/runs/2026-07-15/enum_dead_letter.jsonl)
dead-letter enum: family=role value='unknown' context={'table': 'brands_accounts', 'brand_id': 'mimo', 'author_id': 'handle:Komrat17'} (logged to /Users/fuchitalee/development/minimax-marketing/x-monitoring/data/runs/2026-07-15/enum_dead_letter.jsonl)
dead-letter enum: family=role value='unknown' context={'table': 'brands_accounts', 'brand_id': 'mimo', 'author_id': 'handle:Leonhart4RP'} (logged to /Users/fuchitalee/development/minimax-marketing/x-monitoring/data/runs/2026-07-15/enum_dead_letter.jsonl)
dead-letter enum: family=role value='unknown' context={'table': 'brands_accounts', 'brand_id': 'mimo', 'author_id': 'handle:andrewofpolesia'} (logged to /Users/fuchitalee/development/minimax-marketing/x-monitoring/data/runs/2026-07-15/enum_dead_letter.jsonl)
dead-letter enum: family=role value='unknown' context={'table': 'brands_accounts', 'brand_id': 'mimo', 'author_id': 'handle:Potvora100'} (logged to /Users/fuchitalee/development/minimax-marketing/x-monitoring/data/runs/2026-07-15/enum_dead_letter.jsonl)
dead-letter enum: family=role value='unknown' context={'table': 'brands_accounts', 'brand_id': 'mimo', 'author_id': 'handle:Kk63069'} (logged to /Users/fuchitalee/development/minimax-marketing/x-monitoring/data/runs/2026-07-15/enum_dead_letter.jsonl)
dead-letter enum: family=role value='unknown' context={'table': 'brands_accounts', 'brand_id': 'mimo', 'author_id': 'handle:Giedymin4'} (logged to /Users/fuchitalee/development/minimax-marketing/x-monitoring/data/runs/2026-07-15/enum_dead_letter.jsonl)
dead-letter enum: family=role value='unknown' context={'table': 'brands_accounts', 'brand_id': 'mimo', 'author_id': 'handle:Przemek_A_M'} (logged to /Users/fuchitalee/development/minimax-marketing/x-monitoring/data/runs/2026-07-15/enum_dead_letter.jsonl)
dead-letter enum: family=role value='unknown' context={'table': 'brands_accounts', 'brand_id': 'mimo', 'author_id': 'handle:BadEmbassy'} (logged to /Users/fuchitalee/development/minimax-marketing/x-monitoring/data/runs/2026-07-15/enum_dead_letter.jsonl)
dead-letter enum: family=role value='unknown' context={'table': 'brands_accounts', 'brand_id': 'mimo', 'author_id': 'handle:PopieramDym'} (logged to /Users/fuchitalee/development/minimax-marketing/x-monitoring/data/runs/2026-07-15/enum_dead_letter.jsonl)
dead-letter enum: family=role value='unknown' context={'table': 'brands_accounts', 'brand_id': 'mimo', 'author_id': 'handle:bywalipnie'} (logged to /Users/fuchitalee/development/minimax-marketing/x-monitoring/data/runs/2026-07-15/enum_dead_letter.jsonl)
dead-letter enum: family=role value='unknown' context={'table': 'brands_accounts', 'brand_id': 'mimo', 'author_id': 'handle:Wojciech_KoLib'} (logged to /Users/fuchitalee/development/minimax-marketing/x-monitoring/data/runs/2026-07-15/enum_dead_letter.jsonl)
dead-letter enum: family=role value='unknown' context={'table': 'brands_accounts', 'brand_id': 'mimo', 'author_id': 'handle:Antek01678168'} (logged to /Users/fuchitalee/development/minimax-marketing/x-monitoring/data/runs/2026-07-15/enum_dead_letter.jsonl)
dead-letter enum: family=role value='unknown' context={'table': 'brands_accounts', 'brand_id': 'mimo', 'author_id': 'handle:Jackob_Cycu'} (logged to /Users/fuchitalee/development/minimax-marketing/x-monitoring/data/runs/2026-07-15/enum_dead_letter.jsonl)
dead-letter enum: family=role value='unknown' context={'table': 'brands_accounts', 'brand_id': 'mimo', 'author_id': 'handle:4ktreyyX'} (logged to /Users/fuchitalee/development/minimax-marketing/x-monitoring/data/runs/2026-07-15/enum_dead_letter.jsonl)
dead-letter enum: family=role value='unknown' context={'table': 'brands_accounts', 'brand_id': 'mimo', 'author_id': 'handle:NauczycieledlaW'} (logged to /Users/fuchitalee/development/minimax-marketing/x-monitoring/data/runs/2026-07-15/enum_dead_letter.jsonl)
dead-letter enum: family=role value='unknown' context={'table': 'brands_accounts', 'brand_id': 'mimo', 'author_id': 'handle:wuka72'} (logged to /Users/fuchitalee/development/minimax-marketing/x-monitoring/data/runs/2026-07-15/enum_dead_letter.jsonl)
dead-letter enum: family=role value='unknown' context={'table': 'brands_accounts', 'brand_id': 'mimo', 'author_id': 'handle:cojestnietakzkr'} (logged to /Users/fuchitalee/development/minimax-marketing/x-monitoring/data/runs/2026-07-15/enum_dead_letter.jsonl)
dead-letter enum: family=role value='unknown' context={'table': 'brands_accounts', 'brand_id': 'mimo', 'author_id': 'handle:wolfspider1'} (logged to /Users/fuchitalee/development/minimax-marketing/x-monitoring/data/runs/2026-07-15/enum_dead_letter.jsonl)
dead-letter enum: family=role value='unknown' context={'table': 'brands_accounts', 'brand_id': 'mimo', 'author_id': 'handle:girlinworld04'} (logged to /Users/fuchitalee/development/minimax-marketing/x-monitoring/data/runs/2026-07-15/enum_dead_letter.jsonl)
dead-letter enum: family=role value='unknown' context={'table': 'brands_accounts', 'brand_id': 'mimo', 'author_id': 'handle:KonradJaboski4'} (logged to /Users/fuchitalee/development/minimax-marketing/x-monitoring/data/runs/2026-07-15/enum_dead_letter.jsonl)
dead-letter enum: family=role value='unknown' context={'table': 'brands_accounts', 'brand_id': 'mimo', 'author_id': 'handle:JanMolskiIII'} (logged to /Users/fuchitalee/development/minimax-marketing/x-monitoring/data/runs/2026-07-15/enum_dead_letter.jsonl)
dead-letter enum: family=role value='unknown' context={'table': 'brands_accounts', 'brand_id': 'mimo', 'author_id': 'handle:kSeW1899'} (logged to /Users/fuchitalee/development/minimax-marketing/x-monitoring/data/runs/2026-07-15/enum_dead_letter.jsonl)
dead-letter enum: family=role value='unknown' context={'table': 'brands_accounts', 'brand_id': 'mimo', 'author_id': 'handle:ersinkoc'} (logged to /Users/fuchitalee/development/minimax-marketing/x-monitoring/data/runs/2026-07-15/enum_dead_letter.jsonl)
dead-letter enum: family=role value='unknown' context={'table': 'brands_accounts', 'brand_id': 'mimo', 'author_id': 'handle:magdalennosc'} (logged to /Users/fuchitalee/development/minimax-marketing/x-monitoring/data/runs/2026-07-15/enum_dead_letter.jsonl)
dead-letter enum: family=role value='unknown' context={'table': 'brands_accounts', 'brand_id': 'mimo', 'author_id': 'handle:Jo_Mar_st'} (logged to /Users/fuchitalee/development/minimax-marketing/x-monitoring/data/runs/2026-07-15/enum_dead_letter.jsonl)
dead-letter enum: family=role value='unknown' context={'table': 'brands_accounts', 'brand_id': 'mimo', 'author_id': 'handle:familyguy2nd'} (logged to /Users/fuchitalee/development/minimax-marketing/x-monitoring/data/runs/2026-07-15/enum_dead_letter.jsonl)
dead-letter enum: family=role value='unknown' context={'table': 'brands_accounts', 'brand_id': 'mimo', 'author_id': 'handle:kozub_seba72737'} (logged to /Users/fuchitalee/development/minimax-marketing/x-monitoring/data/runs/2026-07-15/enum_dead_letter.jsonl)
dead-letter enum: family=role value='unknown' context={'table': 'brands_accounts', 'brand_id': 'mimo', 'author_id': 'handle:LlambertCEO'} (logged to /Users/fuchitalee/development/minimax-marketing/x-monitoring/data/runs/2026-07-15/enum_dead_letter.jsonl)
dead-letter enum: family=role value='unknown' context={'table': 'brands_accounts', 'brand_id': 'mimo', 'author_id': 'handle:Zibi77777'} (logged to /Users/fuchitalee/development/minimax-marketing/x-monitoring/data/runs/2026-07-15/enum_dead_letter.jsonl)
dead-letter enum: family=role value='unknown' context={'table': 'brands_accounts', 'brand_id': 'mimo', 'author_id': 'handle:Marek93431037'} (logged to /Users/fuchitalee/development/minimax-marketing/x-monitoring/data/runs/2026-07-15/enum_dead_letter.jsonl)
dead-letter enum: family=role value='unknown' context={'table': 'brands_accounts', 'brand_id': 'mimo', 'author_id': 'handle:udalnamsieduda'} (logged to /Users/fuchitalee/development/minimax-marketing/x-monitoring/data/runs/2026-07-15/enum_dead_letter.jsonl)
dead-letter enum: family=role value='unknown' context={'table': 'brands_accounts', 'brand_id': 'mimo', 'author_id': 'handle:tomrowicki'} (logged to /Users/fuchitalee/development/minimax-marketing/x-monitoring/data/runs/2026-07-15/enum_dead_letter.jsonl)
dead-letter enum: family=role value='unknown' context={'table': 'brands_accounts', 'brand_id': 'mimo', 'author_id': 'handle:KubickiTom81'} (logged to /Users/fuchitalee/development/minimax-marketing/x-monitoring/data/runs/2026-07-15/enum_dead_letter.jsonl)
dead-letter enum: family=role value='unknown' context={'table': 'brands_accounts', 'brand_id': 'mimo', 'author_id': 'handle:marc1n_pl'} (logged to /Users/fuchitalee/development/minimax-marketing/x-monitoring/data/runs/2026-07-15/enum_dead_letter.jsonl)
dead-letter enum: family=role value='unknown' context={'table': 'brands_accounts', 'brand_id': 'mimo', 'author_id': 'handle:bichnaneun_kkum'} (logged to /Users/fuchitalee/development/minimax-marketing/x-monitoring/data/runs/2026-07-15/enum_dead_letter.jsonl)
dead-letter enum: family=role value='unknown' context={'table': 'brands_accounts', 'brand_id': 'mimo', 'author_id': 'handle:BoKochanek'} (logged to /Users/fuchitalee/development/minimax-marketing/x-monitoring/data/runs/2026-07-15/enum_dead_letter.jsonl)
dead-letter enum: family=role value='unknown' context={'table': 'brands_accounts', 'brand_id': 'mimo', 'author_id': 'handle:MSienkiewi65639'} (logged to /Users/fuchitalee/development/minimax-marketing/x-monitoring/data/runs/2026-07-15/enum_dead_letter.jsonl)
dead-letter enum: family=role value='unknown' context={'table': 'brands_accounts', 'brand_id': 'mimo', 'author_id': 'handle:Wojciec47084444'} (logged to /Users/fuchitalee/development/minimax-marketing/x-monitoring/data/runs/2026-07-15/enum_dead_letter.jsonl)
dead-letter enum: family=role value='unknown' context={'table': 'brands_accounts', 'brand_id': 'mimo', 'author_id': 'handle:xMaxFlame'} (logged to /Users/fuchitalee/development/minimax-marketing/x-monitoring/data/runs/2026-07-15/enum_dead_letter.jsonl)
dead-letter enum: family=role value='unknown' context={'table': 'brands_accounts', 'brand_id': 'mimo', 'author_id': 'handle:GroblKlaud55667'} (logged to /Users/fuchitalee/development/minimax-marketing/x-monitoring/data/runs/2026-07-15/enum_dead_letter.jsonl)
dead-letter enum: family=role value='unknown' context={'table': 'brands_accounts', 'brand_id': 'mimo', 'author_id': 'handle:romanpetricek'} (logged to /Users/fuchitalee/development/minimax-marketing/x-monitoring/data/runs/2026-07-15/enum_dead_letter.jsonl)
dead-letter enum: family=role value='unknown' context={'table': 'brands_accounts', 'brand_id': 'mimo', 'author_id': 'handle:hannatomaszewi1'} (logged to /Users/fuchitalee/development/minimax-marketing/x-monitoring/data/runs/2026-07-15/enum_dead_letter.jsonl)
dead-letter enum: family=role value='unknown' context={'table': 'brands_accounts', 'brand_id': 'mimo', 'author_id': 'handle:Interim_cz'} (logged to /Users/fuchitalee/development/minimax-marketing/x-monitoring/data/runs/2026-07-15/enum_dead_letter.jsonl)
dead-letter enum: family=role value='unknown' context={'table': 'brands_accounts', 'brand_id': 'mimo', 'author_id': 'handle:OmarIssaFaris1'} (logged to /Users/fuchitalee/development/minimax-marketing/x-monitoring/data/runs/2026-07-15/enum_dead_letter.jsonl)
dead-letter enum: family=role value='unknown' context={'table': 'brands_accounts', 'brand_id': 'mimo', 'author_id': 'handle:KasiaAndrzeje14'} (logged to /Users/fuchitalee/development/minimax-marketing/x-monitoring/data/runs/2026-07-15/enum_dead_letter.jsonl)
dead-letter enum: family=role value='unknown' context={'table': 'brands_accounts', 'brand_id': 'mimo', 'author_id': 'handle:JackS19002'} (logged to /Users/fuchitalee/development/minimax-marketing/x-monitoring/data/runs/2026-07-15/enum_dead_letter.jsonl)
dead-letter enum: family=role value='unknown' context={'table': 'brands_accounts', 'brand_id': 'mimo', 'author_id': 'handle:Dami277'} (logged to /Users/fuchitalee/development/minimax-marketing/x-monitoring/data/runs/2026-07-15/enum_dead_letter.jsonl)
dead-letter enum: family=role value='unknown' context={'table': 'brands_accounts', 'brand_id': 'mimo', 'author_id': 'handle:drSucha1'} (logged to /Users/fuchitalee/development/minimax-marketing/x-monitoring/data/runs/2026-07-15/enum_dead_letter.jsonl)
dead-letter enum: family=role value='unknown' context={'table': 'brands_accounts', 'brand_id': 'mimo', 'author_id': 'handle:GrzGut'} (logged to /Users/fuchitalee/development/minimax-marketing/x-monitoring/data/runs/2026-07-15/enum_dead_letter.jsonl)
dead-letter enum: family=role value='unknown' context={'table': 'brands_accounts', 'brand_id': 'mimo', 'author_id': 'handle:matheo0807'} (logged to /Users/fuchitalee/development/minimax-marketing/x-monitoring/data/runs/2026-07-15/enum_dead_letter.jsonl)
dead-letter enum: family=role value='unknown' context={'table': 'brands_accounts', 'brand_id': 'mimo', 'author_id': 'handle:tsport100'} (logged to /Users/fuchitalee/development/minimax-marketing/x-monitoring/data/runs/2026-07-15/enum_dead_letter.jsonl)
dead-letter enum: family=role value='unknown' context={'table': 'brands_accounts', 'brand_id': 'mimo', 'author_id': 'handle:Henryk30819036'} (logged to /Users/fuchitalee/development/minimax-marketing/x-monitoring/data/runs/2026-07-15/enum_dead_letter.jsonl)
dead-letter enum: family=role value='unknown' context={'table': 'brands_accounts', 'brand_id': 'mimo', 'author_id': 'handle:zoltoczarny'} (logged to /Users/fuchitalee/development/minimax-marketing/x-monitoring/data/runs/2026-07-15/enum_dead_letter.jsonl)
dead-letter enum: family=role value='unknown' context={'table': 'brands_accounts', 'brand_id': 'mimo', 'author_id': 'handle:MBlauman2137'} (logged to /Users/fuchitalee/development/minimax-marketing/x-monitoring/data/runs/2026-07-15/enum_dead_letter.jsonl)
dead-letter enum: family=role value='unknown' context={'table': 'brands_accounts', 'brand_id': 'mimo', 'author_id': 'handle:janusz_ucki'} (logged to /Users/fuchitalee/development/minimax-marketing/x-monitoring/data/runs/2026-07-15/enum_dead_letter.jsonl)
dead-letter enum: family=role value='unknown' context={'table': 'brands_accounts', 'brand_id': 'mimo', 'author_id': 'handle:PavelBrta5'} (logged to /Users/fuchitalee/development/minimax-marketing/x-monitoring/data/runs/2026-07-15/enum_dead_letter.jsonl)
dead-letter enum: family=role value='unknown' context={'table': 'brands_accounts', 'brand_id': 'mimo', 'author_id': 'handle:SavateSuperbe'} (logged to /Users/fuchitalee/development/minimax-marketing/x-monitoring/data/runs/2026-07-15/enum_dead_letter.jsonl)
dead-letter enum: family=role value='unknown' context={'table': 'brands_accounts', 'brand_id': 'mimo', 'author_id': 'handle:MrOizo2k22'} (logged to /Users/fuchitalee/development/minimax-marketing/x-monitoring/data/runs/2026-07-15/enum_dead_letter.jsonl)
dead-letter enum: family=role value='unknown' context={'table': 'brands_accounts', 'brand_id': 'mimo', 'author_id': 'handle:ManuaLeaTuvalu'} (logged to /Users/fuchitalee/development/minimax-marketing/x-monitoring/data/runs/2026-07-15/enum_dead_letter.jsonl)
dead-letter enum: family=role value='unknown' context={'table': 'brands_accounts', 'brand_id': 'mimo', 'author_id': 'handle:HartowanyStal'} (logged to /Users/fuchitalee/development/minimax-marketing/x-monitoring/data/runs/2026-07-15/enum_dead_letter.jsonl)
dead-letter enum: family=role value='unknown' context={'table': 'brands_accounts', 'brand_id': 'mimo', 'author_id': 'handle:CX052019'} (logged to /Users/fuchitalee/development/minimax-marketing/x-monitoring/data/runs/2026-07-15/enum_dead_letter.jsonl)
dead-letter enum: family=role value='unknown' context={'table': 'brands_accounts', 'brand_id': 'mimo', 'author_id': 'handle:PSVPoland'} (logged to /Users/fuchitalee/development/minimax-marketing/x-monitoring/data/runs/2026-07-15/enum_dead_letter.jsonl)
dead-letter enum: family=role value='unknown' context={'table': 'brands_accounts', 'brand_id': 'mimo', 'author_id': 'handle:0Zderzak'} (logged to /Users/fuchitalee/development/minimax-marketing/x-monitoring/data/runs/2026-07-15/enum_dead_letter.jsonl)
dead-letter enum: family=role value='unknown' context={'table': 'brands_accounts', 'brand_id': 'mimo', 'author_id': 'handle:Maciej__Czajka'} (logged to /Users/fuchitalee/development/minimax-marketing/x-monitoring/data/runs/2026-07-15/enum_dead_letter.jsonl)
dead-letter enum: family=role value='unknown' context={'table': 'brands_accounts', 'brand_id': 'mimo', 'author_id': 'handle:0xJust1'} (logged to /Users/fuchitalee/development/minimax-marketing/x-monitoring/data/runs/2026-07-15/enum_dead_letter.jsonl)
dead-letter enum: family=role value='unknown' context={'table': 'brands_accounts', 'brand_id': 'mimo', 'author_id': 'handle:heman10x'} (logged to /Users/fuchitalee/development/minimax-marketing/x-monitoring/data/runs/2026-07-15/enum_dead_letter.jsonl)
dead-letter enum: family=role value='unknown' context={'table': 'brands_accounts', 'brand_id': 'mimo', 'author_id': 'handle:y_qecea'} (logged to /Users/fuchitalee/development/minimax-marketing/x-monitoring/data/runs/2026-07-15/enum_dead_letter.jsonl)
dead-letter enum: family=role value='unknown' context={'table': 'brands_accounts', 'brand_id': 'mimo', 'author_id': 'handle:skymsgfun'} (logged to /Users/fuchitalee/development/minimax-marketing/x-monitoring/data/runs/2026-07-15/enum_dead_letter.jsonl)
dead-letter enum: family=role value='unknown' context={'table': 'brands_accounts', 'brand_id': 'mimo', 'author_id': 'handle:Minahauff'} (logged to /Users/fuchitalee/development/minimax-marketing/x-monitoring/data/runs/2026-07-15/enum_dead_letter.jsonl)
dead-letter enum: family=role value='unknown' context={'table': 'brands_accounts', 'brand_id': 'mimo', 'author_id': 'handle:advancedcskills'} (logged to /Users/fuchitalee/development/minimax-marketing/x-monitoring/data/runs/2026-07-15/enum_dead_letter.jsonl)
dead-letter enum: family=role value='unknown' context={'table': 'brands_accounts', 'brand_id': 'mimo', 'author_id': 'handle:sylliptor'} (logged to /Users/fuchitalee/development/minimax-marketing/x-monitoring/data/runs/2026-07-15/enum_dead_letter.jsonl)
dead-letter enum: family=role value='unknown' context={'table': 'brands_accounts', 'brand_id': 'mimo', 'author_id': 'handle:chenshaoju'} (logged to /Users/fuchitalee/development/minimax-marketing/x-monitoring/data/runs/2026-07-15/enum_dead_letter.jsonl)
dead-letter enum: family=role value='unknown' context={'table': 'brands_accounts', 'brand_id': 'mimo', 'author_id': 'handle:aiComingFast'} (logged to /Users/fuchitalee/development/minimax-marketing/x-monitoring/data/runs/2026-07-15/enum_dead_letter.jsonl)
dead-letter enum: family=role value='unknown' context={'table': 'brands_accounts', 'brand_id': 'mimo', 'author_id': 'handle:decoded_dev'} (logged to /Users/fuchitalee/development/minimax-marketing/x-monitoring/data/runs/2026-07-15/enum_dead_letter.jsonl)
dead-letter enum: family=role value='unknown' context={'table': 'brands_accounts', 'brand_id': 'mimo', 'author_id': 'handle:dlozanovic'} (logged to /Users/fuchitalee/development/minimax-marketing/x-monitoring/data/runs/2026-07-15/enum_dead_letter.jsonl)
dead-letter enum: family=role value='unknown' context={'table': 'brands_accounts', 'brand_id': 'mimo', 'author_id': 'handle:pseudokid'} (logged to /Users/fuchitalee/development/minimax-marketing/x-monitoring/data/runs/2026-07-15/enum_dead_letter.jsonl)
dead-letter enum: family=role value='unknown' context={'table': 'brands_accounts', 'brand_id': 'mimo', 'author_id': 'handle:Jomolos'} (logged to /Users/fuchitalee/development/minimax-marketing/x-monitoring/data/runs/2026-07-15/enum_dead_letter.jsonl)
dead-letter enum: family=role value='unknown' context={'table': 'brands_accounts', 'brand_id': 'mimo', 'author_id': 'handle:ROBOHQ'} (logged to /Users/fuchitalee/development/minimax-marketing/x-monitoring/data/runs/2026-07-15/enum_dead_letter.jsonl)
dead-letter enum: family=role value='unknown' context={'table': 'brands_accounts', 'brand_id': 'mimo', 'author_id': 'handle:Pegasus_KKS'} (logged to /Users/fuchitalee/development/minimax-marketing/x-monitoring/data/runs/2026-07-15/enum_dead_letter.jsonl)
dead-letter enum: family=role value='unknown' context={'table': 'brands_accounts', 'brand_id': 'mimo', 'author_id': 'handle:JakeKAllDay'} (logged to /Users/fuchitalee/development/minimax-marketing/x-monitoring/data/runs/2026-07-15/enum_dead_letter.jsonl)
dead-letter enum: family=role value='unknown' context={'table': 'brands_accounts', 'brand_id': 'mimo', 'author_id': 'handle:questflow'} (logged to /Users/fuchitalee/development/minimax-marketing/x-monitoring/data/runs/2026-07-15/enum_dead_letter.jsonl)
dead-letter enum: family=role value='unknown' context={'table': 'brands_accounts', 'brand_id': 'mimo', 'author_id': 'handle:atulkumarzz'} (logged to /Users/fuchitalee/development/minimax-marketing/x-monitoring/data/runs/2026-07-15/enum_dead_letter.jsonl)
dead-letter enum: family=role value='unknown' context={'table': 'brands_accounts', 'brand_id': 'mimo', 'author_id': 'handle:ash_csx'} (logged to /Users/fuchitalee/development/minimax-marketing/x-monitoring/data/runs/2026-07-15/enum_dead_letter.jsonl)
dead-letter enum: family=role value='unknown' context={'table': 'brands_accounts', 'brand_id': 'mimo', 'author_id': 'handle:riyazmd774'} (logged to /Users/fuchitalee/development/minimax-marketing/x-monitoring/data/runs/2026-07-15/enum_dead_letter.jsonl)
dead-letter enum: family=role value='unknown' context={'table': 'brands_accounts', 'brand_id': 'mimo', 'author_id': 'handle:imwritingbugs'} (logged to /Users/fuchitalee/development/minimax-marketing/x-monitoring/data/runs/2026-07-15/enum_dead_letter.jsonl)
dead-letter enum: family=role value='unknown' context={'table': 'brands_accounts', 'brand_id': 'mimo', 'author_id': 'handle:ryzerth'} (logged to /Users/fuchitalee/development/minimax-marketing/x-monitoring/data/runs/2026-07-15/enum_dead_letter.jsonl)
dead-letter enum: family=role value='unknown' context={'table': 'brands_accounts', 'brand_id': 'mimo', 'author_id': 'handle:JDmakt'} (logged to /Users/fuchitalee/development/minimax-marketing/x-monitoring/data/runs/2026-07-15/enum_dead_letter.jsonl)
dead-letter enum: family=role value='unknown' context={'table': 'brands_accounts', 'brand_id': 'mimo', 'author_id': 'handle:Saudi_Clouds'} (logged to /Users/fuchitalee/development/minimax-marketing/x-monitoring/data/runs/2026-07-15/enum_dead_letter.jsonl)
dead-letter enum: family=role value='unknown' context={'table': 'brands_accounts', 'brand_id': 'mimo', 'author_id': 'handle:ztb8888'} (logged to /Users/fuchitalee/development/minimax-marketing/x-monitoring/data/runs/2026-07-15/enum_dead_letter.jsonl)
dead-letter enum: family=role value='unknown' context={'table': 'brands_accounts', 'brand_id': 'mimo', 'author_id': 'handle:0xRapzz'} (logged to /Users/fuchitalee/development/minimax-marketing/x-monitoring/data/runs/2026-07-15/enum_dead_letter.jsonl)
dead-letter enum: family=role value='unknown' context={'table': 'brands_accounts', 'brand_id': 'mimo', 'author_id': 'handle:smakosh'} (logged to /Users/fuchitalee/development/minimax-marketing/x-monitoring/data/runs/2026-07-15/enum_dead_letter.jsonl)
dead-letter enum: family=role value='unknown' context={'table': 'brands_accounts', 'brand_id': 'mimo', 'author_id': 'handle:anrayama'} (logged to /Users/fuchitalee/development/minimax-marketing/x-monitoring/data/runs/2026-07-15/enum_dead_letter.jsonl)
dead-letter enum: family=role value='unknown' context={'table': 'brands_accounts', 'brand_id': 'mimo', 'author_id': 'handle:akshmnd'} (logged to /Users/fuchitalee/development/minimax-marketing/x-monitoring/data/runs/2026-07-15/enum_dead_letter.jsonl)
dead-letter enum: family=role value='unknown' context={'table': 'brands_accounts', 'brand_id': 'mimo', 'author_id': 'handle:po_prostu_karol'} (logged to /Users/fuchitalee/development/minimax-marketing/x-monitoring/data/runs/2026-07-15/enum_dead_letter.jsonl)
dead-letter enum: family=role value='unknown' context={'table': 'brands_accounts', 'brand_id': 'mimo', 'author_id': 'handle:KingBreton78876'} (logged to /Users/fuchitalee/development/minimax-marketing/x-monitoring/data/runs/2026-07-15/enum_dead_letter.jsonl)
dead-letter enum: family=role value='unknown' context={'table': 'brands_accounts', 'brand_id': 'mimo', 'author_id': 'handle:leo_linsky'} (logged to /Users/fuchitalee/development/minimax-marketing/x-monitoring/data/runs/2026-07-15/enum_dead_letter.jsonl)
dead-letter enum: family=role value='unknown' context={'table': 'brands_accounts', 'brand_id': 'mimo', 'author_id': 'handle:rmanente'} (logged to /Users/fuchitalee/development/minimax-marketing/x-monitoring/data/runs/2026-07-15/enum_dead_letter.jsonl)
dead-letter enum: family=role value='unknown' context={'table': 'brands_accounts', 'brand_id': 'mimo', 'author_id': 'handle:OnlyTerp'} (logged to /Users/fuchitalee/development/minimax-marketing/x-monitoring/data/runs/2026-07-15/enum_dead_letter.jsonl)
dead-letter enum: family=role value='unknown' context={'table': 'brands_accounts', 'brand_id': 'mimo', 'author_id': 'handle:DennisLerch2'} (logged to /Users/fuchitalee/development/minimax-marketing/x-monitoring/data/runs/2026-07-15/enum_dead_letter.jsonl)
dead-letter enum: family=role value='unknown' context={'table': 'brands_accounts', 'brand_id': 'mimo', 'author_id': 'handle:strawariberri'} (logged to /Users/fuchitalee/development/minimax-marketing/x-monitoring/data/runs/2026-07-15/enum_dead_letter.jsonl)
dead-letter enum: family=role value='unknown' context={'table': 'brands_accounts', 'brand_id': 'mimo', 'author_id': 'handle:bbn0ss'} (logged to /Users/fuchitalee/development/minimax-marketing/x-monitoring/data/runs/2026-07-15/enum_dead_letter.jsonl)
dead-letter enum: family=role value='unknown' context={'table': 'brands_accounts', 'brand_id': 'mimo', 'author_id': 'handle:TinaBluemelova'} (logged to /Users/fuchitalee/development/minimax-marketing/x-monitoring/data/runs/2026-07-15/enum_dead_letter.jsonl)
dead-letter enum: family=role value='unknown' context={'table': 'brands_accounts', 'brand_id': 'mimo', 'author_id': 'handle:d1sorderlynoise'} (logged to /Users/fuchitalee/development/minimax-marketing/x-monitoring/data/runs/2026-07-15/enum_dead_letter.jsonl)
dead-letter enum: family=role value='unknown' context={'table': 'brands_accounts', 'brand_id': 'mimo', 'author_id': 'handle:minapolized'} (logged to /Users/fuchitalee/development/minimax-marketing/x-monitoring/data/runs/2026-07-15/enum_dead_letter.jsonl)
dead-letter enum: family=role value='unknown' context={'table': 'brands_accounts', 'brand_id': 'mimo', 'author_id': 'handle:DirMiranda'} (logged to /Users/fuchitalee/development/minimax-marketing/x-monitoring/data/runs/2026-07-15/enum_dead_letter.jsonl)
dead-letter enum: family=role value='unknown' context={'table': 'brands_accounts', 'brand_id': 'mimo', 'author_id': 'handle:testy_cool'} (logged to /Users/fuchitalee/development/minimax-marketing/x-monitoring/data/runs/2026-07-15/enum_dead_letter.jsonl)
dead-letter enum: family=role value='unknown' context={'table': 'brands_accounts', 'brand_id': 'mimo', 'author_id': 'handle:TakwaSebai'} (logged to /Users/fuchitalee/development/minimax-marketing/x-monitoring/data/runs/2026-07-15/enum_dead_letter.jsonl)
dead-letter enum: family=role value='unknown' context={'table': 'brands_accounts', 'brand_id': 'mimo', 'author_id': 'handle:Mayhem4Markets'} (logged to /Users/fuchitalee/development/minimax-marketing/x-monitoring/data/runs/2026-07-15/enum_dead_letter.jsonl)
dead-letter enum: family=role value='unknown' context={'table': 'brands_accounts', 'brand_id': 'mimo', 'author_id': 'handle:kevincodex'} (logged to /Users/fuchitalee/development/minimax-marketing/x-monitoring/data/runs/2026-07-15/enum_dead_letter.jsonl)
dead-letter enum: family=role value='unknown' context={'table': 'brands_accounts', 'brand_id': 'moonshot_kimi', 'author_id': 'handle:Songulkara0409'} (logged to /Users/fuchitalee/development/minimax-marketing/x-monitoring/data/runs/2026-07-15/enum_dead_letter.jsonl)
dead-letter enum: family=role value='unknown' context={'table': 'brands_accounts', 'brand_id': 'moonshot_kimi', 'author_id': 'handle:usl86'} (logged to /Users/fuchitalee/development/minimax-marketing/x-monitoring/data/runs/2026-07-15/enum_dead_letter.jsonl)
dead-letter enum: family=role value='unknown' context={'table': 'brands_accounts', 'brand_id': 'moonshot_kimi', 'author_id': 'handle:antone1li'} (logged to /Users/fuchitalee/development/minimax-marketing/x-monitoring/data/runs/2026-07-15/enum_dead_letter.jsonl)
dead-letter enum: family=role value='unknown' context={'table': 'brands_accounts', 'brand_id': 'moonshot_kimi', 'author_id': 'handle:azizcan41'} (logged to /Users/fuchitalee/development/minimax-marketing/x-monitoring/data/runs/2026-07-15/enum_dead_letter.jsonl)
dead-letter enum: family=role value='unknown' context={'table': 'brands_accounts', 'brand_id': 'moonshot_kimi', 'author_id': 'handle:intere168'} (logged to /Users/fuchitalee/development/minimax-marketing/x-monitoring/data/runs/2026-07-15/enum_dead_letter.jsonl)
dead-letter enum: family=role value='unknown' context={'table': 'brands_accounts', 'brand_id': 'moonshot_kimi', 'author_id': 'handle:gatocinza13'} (logged to /Users/fuchitalee/development/minimax-marketing/x-monitoring/data/runs/2026-07-15/enum_dead_letter.jsonl)
dead-letter enum: family=role value='unknown' context={'table': 'brands_accounts', 'brand_id': 'moonshot_kimi', 'author_id': 'handle:BruxaNaty'} (logged to /Users/fuchitalee/development/minimax-marketing/x-monitoring/data/runs/2026-07-15/enum_dead_letter.jsonl)
dead-letter enum: family=role value='unknown' context={'table': 'brands_accounts', 'brand_id': 'moonshot_kimi', 'author_id': 'handle:verstappenputoo'} (logged to /Users/fuchitalee/development/minimax-marketing/x-monitoring/data/runs/2026-07-15/enum_dead_letter.jsonl)
dead-letter enum: family=role value='unknown' context={'table': 'brands_accounts', 'brand_id': 'moonshot_kimi', 'author_id': 'handle:sertan7485'} (logged to /Users/fuchitalee/development/minimax-marketing/x-monitoring/data/runs/2026-07-15/enum_dead_letter.jsonl)
dead-letter enum: family=role value='unknown' context={'table': 'brands_accounts', 'brand_id': 'moonshot_kimi', 'author_id': 'handle:glamorousvi'} (logged to /Users/fuchitalee/development/minimax-marketing/x-monitoring/data/runs/2026-07-15/enum_dead_letter.jsonl)
dead-letter enum: family=role value='unknown' context={'table': 'brands_accounts', 'brand_id': 'moonshot_kimi', 'author_id': 'handle:unniverseung'} (logged to /Users/fuchitalee/development/minimax-marketing/x-monitoring/data/runs/2026-07-15/enum_dead_letter.jsonl)
dead-letter enum: family=role value='unknown' context={'table': 'brands_accounts', 'brand_id': 'moonshot_kimi', 'author_id': 'handle:Gizmokaynak'} (logged to /Users/fuchitalee/development/minimax-marketing/x-monitoring/data/runs/2026-07-15/enum_dead_letter.jsonl)
dead-letter enum: family=role value='unknown' context={'table': 'brands_accounts', 'brand_id': 'moonshot_kimi', 'author_id': 'handle:SwornslayerGod'} (logged to /Users/fuchitalee/development/minimax-marketing/x-monitoring/data/runs/2026-07-15/enum_dead_letter.jsonl)
dead-letter enum: family=role value='unknown' context={'table': 'brands_accounts', 'brand_id': 'moonshot_kimi', 'author_id': 'handle:TheValueist'} (logged to /Users/fuchitalee/development/minimax-marketing/x-monitoring/data/runs/2026-07-15/enum_dead_letter.jsonl)
dead-letter enum: family=role value='unknown' context={'table': 'brands_accounts', 'brand_id': 'moonshot_kimi', 'author_id': 'handle:doubji'} (logged to /Users/fuchitalee/development/minimax-marketing/x-monitoring/data/runs/2026-07-15/enum_dead_letter.jsonl)
dead-letter enum: family=role value='unknown' context={'table': 'brands_accounts', 'brand_id': 'moonshot_kimi', 'author_id': 'handle:Adam05296985'} (logged to /Users/fuchitalee/development/minimax-marketing/x-monitoring/data/runs/2026-07-15/enum_dead_letter.jsonl)
dead-letter enum: family=role value='unknown' context={'table': 'brands_accounts', 'brand_id': 'moonshot_kimi', 'author_id': 'handle:super00134'} (logged to /Users/fuchitalee/development/minimax-marketing/x-monitoring/data/runs/2026-07-15/enum_dead_letter.jsonl)
dead-letter enum: family=role value='unknown' context={'table': 'brands_accounts', 'brand_id': 'moonshot_kimi', 'author_id': 'handle:balc166760'} (logged to /Users/fuchitalee/development/minimax-marketing/x-monitoring/data/runs/2026-07-15/enum_dead_letter.jsonl)
dead-letter enum: family=role value='unknown' context={'table': 'brands_accounts', 'brand_id': 'moonshot_kimi', 'author_id': 'handle:leventtcanturk'} (logged to /Users/fuchitalee/development/minimax-marketing/x-monitoring/data/runs/2026-07-15/enum_dead_letter.jsonl)
dead-letter enum: family=role value='unknown' context={'table': 'brands_accounts', 'brand_id': 'moonshot_kimi', 'author_id': 'handle:Abese_irca'} (logged to /Users/fuchitalee/development/minimax-marketing/x-monitoring/data/runs/2026-07-15/enum_dead_letter.jsonl)
dead-letter enum: family=role value='unknown' context={'table': 'brands_accounts', 'brand_id': 'moonshot_kimi', 'author_id': 'handle:Glsen5245161254'} (logged to /Users/fuchitalee/development/minimax-marketing/x-monitoring/data/runs/2026-07-15/enum_dead_letter.jsonl)
dead-letter enum: family=role value='unknown' context={'table': 'brands_accounts', 'brand_id': 'moonshot_kimi', 'author_id': 'handle:Takn6Erdal'} (logged to /Users/fuchitalee/development/minimax-marketing/x-monitoring/data/runs/2026-07-15/enum_dead_letter.jsonl)
dead-letter enum: family=role value='unknown' context={'table': 'brands_accounts', 'brand_id': 'moonshot_kimi', 'author_id': 'handle:Blanchyyyyy'} (logged to /Users/fuchitalee/development/minimax-marketing/x-monitoring/data/runs/2026-07-15/enum_dead_letter.jsonl)
dead-letter enum: family=role value='unknown' context={'table': 'brands_accounts', 'brand_id': 'moonshot_kimi', 'author_id': 'handle:ruhumonline'} (logged to /Users/fuchitalee/development/minimax-marketing/x-monitoring/data/runs/2026-07-15/enum_dead_letter.jsonl)
dead-letter enum: family=role value='unknown' context={'table': 'brands_accounts', 'brand_id': 'moonshot_kimi', 'author_id': 'handle:JustinSeawell'} (logged to /Users/fuchitalee/development/minimax-marketing/x-monitoring/data/runs/2026-07-15/enum_dead_letter.jsonl)
dead-letter enum: family=role value='unknown' context={'table': 'brands_accounts', 'brand_id': 'moonshot_kimi', 'author_id': 'handle:LinXule'} (logged to /Users/fuchitalee/development/minimax-marketing/x-monitoring/data/runs/2026-07-15/enum_dead_letter.jsonl)
dead-letter enum: family=role value='unknown' context={'table': 'brands_accounts', 'brand_id': 'moonshot_kimi', 'author_id': 'handle:galipcelep'} (logged to /Users/fuchitalee/development/minimax-marketing/x-monitoring/data/runs/2026-07-15/enum_dead_letter.jsonl)
dead-letter enum: family=role value='unknown' context={'table': 'brands_accounts', 'brand_id': 'moonshot_kimi', 'author_id': 'handle:FUkaramizah'} (logged to /Users/fuchitalee/development/minimax-marketing/x-monitoring/data/runs/2026-07-15/enum_dead_letter.jsonl)
dead-letter enum: family=role value='unknown' context={'table': 'brands_accounts', 'brand_id': 'moonshot_kimi', 'author_id': 'handle:padisah_babam'} (logged to /Users/fuchitalee/development/minimax-marketing/x-monitoring/data/runs/2026-07-15/enum_dead_letter.jsonl)
dead-letter enum: family=role value='unknown' context={'table': 'brands_accounts', 'brand_id': 'moonshot_kimi', 'author_id': 'handle:ssoomelloow63'} (logged to /Users/fuchitalee/development/minimax-marketing/x-monitoring/data/runs/2026-07-15/enum_dead_letter.jsonl)
dead-letter enum: family=role value='unknown' context={'table': 'brands_accounts', 'brand_id': 'moonshot_kimi', 'author_id': 'handle:lordeustus'} (logged to /Users/fuchitalee/development/minimax-marketing/x-monitoring/data/runs/2026-07-15/enum_dead_letter.jsonl)
dead-letter enum: family=role value='unknown' context={'table': 'brands_accounts', 'brand_id': 'moonshot_kimi', 'author_id': 'handle:notjazii'} (logged to /Users/fuchitalee/development/minimax-marketing/x-monitoring/data/runs/2026-07-15/enum_dead_letter.jsonl)
dead-letter enum: family=role value='unknown' context={'table': 'brands_accounts', 'brand_id': 'moonshot_kimi', 'author_id': 'handle:WolvesFan137'} (logged to /Users/fuchitalee/development/minimax-marketing/x-monitoring/data/runs/2026-07-15/enum_dead_letter.jsonl)
dead-letter enum: family=role value='unknown' context={'table': 'brands_accounts', 'brand_id': 'moonshot_kimi', 'author_id': 'handle:can84841'} (logged to /Users/fuchitalee/development/minimax-marketing/x-monitoring/data/runs/2026-07-15/enum_dead_letter.jsonl)
dead-letter enum: family=role value='unknown' context={'table': 'brands_accounts', 'brand_id': 'moonshot_kimi', 'author_id': 'handle:Radyougur'} (logged to /Users/fuchitalee/development/minimax-marketing/x-monitoring/data/runs/2026-07-15/enum_dead_letter.jsonl)
dead-letter enum: family=role value='unknown' context={'table': 'brands_accounts', 'brand_id': 'moonshot_kimi', 'author_id': 'handle:Alikemalle'} (logged to /Users/fuchitalee/development/minimax-marketing/x-monitoring/data/runs/2026-07-15/enum_dead_letter.jsonl)
dead-letter enum: family=role value='unknown' context={'table': 'brands_accounts', 'brand_id': 'moonshot_kimi', 'author_id': 'handle:ozeruzun_'} (logged to /Users/fuchitalee/development/minimax-marketing/x-monitoring/data/runs/2026-07-15/enum_dead_letter.jsonl)
dead-letter enum: family=role value='unknown' context={'table': 'brands_accounts', 'brand_id': 'moonshot_kimi', 'author_id': 'handle:zallieyyy'} (logged to /Users/fuchitalee/development/minimax-marketing/x-monitoring/data/runs/2026-07-15/enum_dead_letter.jsonl)
dead-letter enum: family=role value='unknown' context={'table': 'brands_accounts', 'brand_id': 'moonshot_kimi', 'author_id': 'handle:capoiera35'} (logged to /Users/fuchitalee/development/minimax-marketing/x-monitoring/data/runs/2026-07-15/enum_dead_letter.jsonl)
dead-letter enum: family=role value='unknown' context={'table': 'brands_accounts', 'brand_id': 'moonshot_kimi', 'author_id': 'handle:MGomez33_garcia'} (logged to /Users/fuchitalee/development/minimax-marketing/x-monitoring/data/runs/2026-07-15/enum_dead_letter.jsonl)
dead-letter enum: family=role value='unknown' context={'table': 'brands_accounts', 'brand_id': 'moonshot_kimi', 'author_id': 'handle:Mii_Hav'} (logged to /Users/fuchitalee/development/minimax-marketing/x-monitoring/data/runs/2026-07-15/enum_dead_letter.jsonl)
dead-letter enum: family=role value='unknown' context={'table': 'brands_accounts', 'brand_id': 'moonshot_kimi', 'author_id': 'handle:SKumada78925'} (logged to /Users/fuchitalee/development/minimax-marketing/x-monitoring/data/runs/2026-07-15/enum_dead_letter.jsonl)
dead-letter enum: family=role value='unknown' context={'table': 'brands_accounts', 'brand_id': 'moonshot_kimi', 'author_id': 'handle:lingeronhao'} (logged to /Users/fuchitalee/development/minimax-marketing/x-monitoring/data/runs/2026-07-15/enum_dead_letter.jsonl)
dead-letter enum: family=role value='unknown' context={'table': 'brands_accounts', 'brand_id': 'moonshot_kimi', 'author_id': 'handle:1tristeuser'} (logged to /Users/fuchitalee/development/minimax-marketing/x-monitoring/data/runs/2026-07-15/enum_dead_letter.jsonl)
dead-letter enum: family=role value='unknown' context={'table': 'brands_accounts', 'brand_id': 'moonshot_kimi', 'author_id': 'handle:dualipayacakan'} (logged to /Users/fuchitalee/development/minimax-marketing/x-monitoring/data/runs/2026-07-15/enum_dead_letter.jsonl)
dead-letter enum: family=role value='unknown' context={'table': 'brands_accounts', 'brand_id': 'moonshot_kimi', 'author_id': 'handle:Whale_sys'} (logged to /Users/fuchitalee/development/minimax-marketing/x-monitoring/data/runs/2026-07-15/enum_dead_letter.jsonl)
dead-letter enum: family=role value='unknown' context={'table': 'brands_accounts', 'brand_id': 'moonshot_kimi', 'author_id': 'handle:CanCan917786'} (logged to /Users/fuchitalee/development/minimax-marketing/x-monitoring/data/runs/2026-07-15/enum_dead_letter.jsonl)
dead-letter enum: family=role value='unknown' context={'table': 'brands_accounts', 'brand_id': 'moonshot_kimi', 'author_id': 'handle:kurtlarakkise'} (logged to /Users/fuchitalee/development/minimax-marketing/x-monitoring/data/runs/2026-07-15/enum_dead_letter.jsonl)
dead-letter enum: family=role value='unknown' context={'table': 'brands_accounts', 'brand_id': 'moonshot_kimi', 'author_id': 'handle:sscintossico'} (logged to /Users/fuchitalee/development/minimax-marketing/x-monitoring/data/runs/2026-07-15/enum_dead_letter.jsonl)
dead-letter enum: family=role value='unknown' context={'table': 'brands_accounts', 'brand_id': 'moonshot_kimi', 'author_id': 'handle:AgorithmAg'} (logged to /Users/fuchitalee/development/minimax-marketing/x-monitoring/data/runs/2026-07-15/enum_dead_letter.jsonl)
dead-letter enum: family=role value='unknown' context={'table': 'brands_accounts', 'brand_id': 'moonshot_kimi', 'author_id': 'handle:mstfbrk_7'} (logged to /Users/fuchitalee/development/minimax-marketing/x-monitoring/data/runs/2026-07-15/enum_dead_letter.jsonl)
dead-letter enum: family=role value='unknown' context={'table': 'brands_accounts', 'brand_id': 'moonshot_kimi', 'author_id': 'handle:pusat_cCc'} (logged to /Users/fuchitalee/development/minimax-marketing/x-monitoring/data/runs/2026-07-15/enum_dead_letter.jsonl)
dead-letter enum: family=role value='unknown' context={'table': 'brands_accounts', 'brand_id': 'moonshot_kimi', 'author_id': 'handle:mwatchawa'} (logged to /Users/fuchitalee/development/minimax-marketing/x-monitoring/data/runs/2026-07-15/enum_dead_letter.jsonl)
dead-letter enum: family=role value='unknown' context={'table': 'brands_accounts', 'brand_id': 'moonshot_kimi', 'author_id': 'handle:Oscutee'} (logged to /Users/fuchitalee/development/minimax-marketing/x-monitoring/data/runs/2026-07-15/enum_dead_letter.jsonl)
dead-letter enum: family=role value='unknown' context={'table': 'brands_accounts', 'brand_id': 'moonshot_kimi', 'author_id': 'handle:hakanyilmazz01'} (logged to /Users/fuchitalee/development/minimax-marketing/x-monitoring/data/runs/2026-07-15/enum_dead_letter.jsonl)
dead-letter enum: family=role value='unknown' context={'table': 'brands_accounts', 'brand_id': 'moonshot_kimi', 'author_id': 'handle:tlay093'} (logged to /Users/fuchitalee/development/minimax-marketing/x-monitoring/data/runs/2026-07-15/enum_dead_letter.jsonl)
dead-letter enum: family=role value='unknown' context={'table': 'brands_accounts', 'brand_id': 'moonshot_kimi', 'author_id': 'handle:ahmtpnn'} (logged to /Users/fuchitalee/development/minimax-marketing/x-monitoring/data/runs/2026-07-15/enum_dead_letter.jsonl)
dead-letter enum: family=role value='unknown' context={'table': 'brands_accounts', 'brand_id': 'moonshot_kimi', 'author_id': 'handle:codemarch'} (logged to /Users/fuchitalee/development/minimax-marketing/x-monitoring/data/runs/2026-07-15/enum_dead_letter.jsonl)
dead-letter enum: family=role value='unknown' context={'table': 'brands_accounts', 'brand_id': 'moonshot_kimi', 'author_id': 'handle:ahmetylmaz826'} (logged to /Users/fuchitalee/development/minimax-marketing/x-monitoring/data/runs/2026-07-15/enum_dead_letter.jsonl)
dead-letter enum: family=role value='unknown' context={'table': 'brands_accounts', 'brand_id': 'moonshot_kimi', 'author_id': 'handle:Eusebiopereir13'} (logged to /Users/fuchitalee/development/minimax-marketing/x-monitoring/data/runs/2026-07-15/enum_dead_letter.jsonl)
dead-letter enum: family=role value='unknown' context={'table': 'brands_accounts', 'brand_id': 'moonshot_kimi', 'author_id': 'handle:ReinierButot'} (logged to /Users/fuchitalee/development/minimax-marketing/x-monitoring/data/runs/2026-07-15/enum_dead_letter.jsonl)
dead-letter enum: family=role value='unknown' context={'table': 'brands_accounts', 'brand_id': 'moonshot_kimi', 'author_id': 'handle:IndextDataLab'} (logged to /Users/fuchitalee/development/minimax-marketing/x-monitoring/data/runs/2026-07-15/enum_dead_letter.jsonl)
dead-letter enum: family=role value='unknown' context={'table': 'brands_accounts', 'brand_id': 'moonshot_kimi', 'author_id': 'handle:SeniorHagi'} (logged to /Users/fuchitalee/development/minimax-marketing/x-monitoring/data/runs/2026-07-15/enum_dead_letter.jsonl)
dead-letter enum: family=role value='unknown' context={'table': 'brands_accounts', 'brand_id': 'moonshot_kimi', 'author_id': 'handle:bardsleyta'} (logged to /Users/fuchitalee/development/minimax-marketing/x-monitoring/data/runs/2026-07-15/enum_dead_letter.jsonl)
dead-letter enum: family=role value='unknown' context={'table': 'brands_accounts', 'brand_id': 'moonshot_kimi', 'author_id': 'handle:dapittpiIled'} (logged to /Users/fuchitalee/development/minimax-marketing/x-monitoring/data/runs/2026-07-15/enum_dead_letter.jsonl)
dead-letter enum: family=role value='unknown' context={'table': 'brands_accounts', 'brand_id': 'moonshot_kimi', 'author_id': 'handle:janstevens'} (logged to /Users/fuchitalee/development/minimax-marketing/x-monitoring/data/runs/2026-07-15/enum_dead_letter.jsonl)
dead-letter enum: family=role value='unknown' context={'table': 'brands_accounts', 'brand_id': 'moonshot_kimi', 'author_id': 'handle:WangKevin18792'} (logged to /Users/fuchitalee/development/minimax-marketing/x-monitoring/data/runs/2026-07-15/enum_dead_letter.jsonl)
dead-letter enum: family=role value='unknown' context={'table': 'brands_accounts', 'brand_id': 'moonshot_kimi', 'author_id': 'handle:YoklukMakamI'} (logged to /Users/fuchitalee/development/minimax-marketing/x-monitoring/data/runs/2026-07-15/enum_dead_letter.jsonl)
dead-letter enum: family=role value='unknown' context={'table': 'brands_accounts', 'brand_id': 'moonshot_kimi', 'author_id': 'handle:NecipPayu'} (logged to /Users/fuchitalee/development/minimax-marketing/x-monitoring/data/runs/2026-07-15/enum_dead_letter.jsonl)
dead-letter enum: family=role value='unknown' context={'table': 'brands_accounts', 'brand_id': 'moonshot_kimi', 'author_id': 'handle:LareLX'} (logged to /Users/fuchitalee/development/minimax-marketing/x-monitoring/data/runs/2026-07-15/enum_dead_letter.jsonl)
dead-letter enum: family=role value='unknown' context={'table': 'brands_accounts', 'brand_id': 'moonshot_kimi', 'author_id': 'handle:HisamoriSo'} (logged to /Users/fuchitalee/development/minimax-marketing/x-monitoring/data/runs/2026-07-15/enum_dead_letter.jsonl)
dead-letter enum: family=role value='unknown' context={'table': 'brands_accounts', 'brand_id': 'moonshot_kimi', 'author_id': 'handle:memett_m'} (logged to /Users/fuchitalee/development/minimax-marketing/x-monitoring/data/runs/2026-07-15/enum_dead_letter.jsonl)
dead-letter enum: family=role value='unknown' context={'table': 'brands_accounts', 'brand_id': 'moonshot_kimi', 'author_id': 'handle:Hasan_4300'} (logged to /Users/fuchitalee/development/minimax-marketing/x-monitoring/data/runs/2026-07-15/enum_dead_letter.jsonl)
dead-letter enum: family=role value='unknown' context={'table': 'brands_accounts', 'brand_id': 'moonshot_kimi', 'author_id': 'handle:TechByMarkandey'} (logged to /Users/fuchitalee/development/minimax-marketing/x-monitoring/data/runs/2026-07-15/enum_dead_letter.jsonl)
dead-letter enum: family=role value='unknown' context={'table': 'brands_accounts', 'brand_id': 'moonshot_kimi', 'author_id': 'handle:TSieranski'} (logged to /Users/fuchitalee/development/minimax-marketing/x-monitoring/data/runs/2026-07-15/enum_dead_letter.jsonl)
dead-letter enum: family=role value='unknown' context={'table': 'brands_accounts', 'brand_id': 'moonshot_kimi', 'author_id': 'handle:saatinoglu'} (logged to /Users/fuchitalee/development/minimax-marketing/x-monitoring/data/runs/2026-07-15/enum_dead_letter.jsonl)
dead-letter enum: family=role value='unknown' context={'table': 'brands_accounts', 'brand_id': 'moonshot_kimi', 'author_id': 'handle:glimps_k'} (logged to /Users/fuchitalee/development/minimax-marketing/x-monitoring/data/runs/2026-07-15/enum_dead_letter.jsonl)
dead-letter enum: family=role value='unknown' context={'table': 'brands_accounts', 'brand_id': 'moonshot_kimi', 'author_id': 'handle:ahmetozal25'} (logged to /Users/fuchitalee/development/minimax-marketing/x-monitoring/data/runs/2026-07-15/enum_dead_letter.jsonl)
dead-letter enum: family=role value='unknown' context={'table': 'brands_accounts', 'brand_id': 'moonshot_kimi', 'author_id': 'handle:tuzlamagduru'} (logged to /Users/fuchitalee/development/minimax-marketing/x-monitoring/data/runs/2026-07-15/enum_dead_letter.jsonl)
dead-letter enum: family=role value='unknown' context={'table': 'brands_accounts', 'brand_id': 'moonshot_kimi', 'author_id': 'handle:marshall_lee_08'} (logged to /Users/fuchitalee/development/minimax-marketing/x-monitoring/data/runs/2026-07-15/enum_dead_letter.jsonl)
dead-letter enum: family=role value='unknown' context={'table': 'brands_accounts', 'brand_id': 'moonshot_kimi', 'author_id': 'handle:zafersahin71'} (logged to /Users/fuchitalee/development/minimax-marketing/x-monitoring/data/runs/2026-07-15/enum_dead_letter.jsonl)
dead-letter enum: family=role value='unknown' context={'table': 'brands_accounts', 'brand_id': 'moonshot_kimi', 'author_id': 'handle:HtcKala'} (logged to /Users/fuchitalee/development/minimax-marketing/x-monitoring/data/runs/2026-07-15/enum_dead_letter.jsonl)
dead-letter enum: family=role value='unknown' context={'table': 'brands_accounts', 'brand_id': 'moonshot_kimi', 'author_id': 'handle:afaroza_'} (logged to /Users/fuchitalee/development/minimax-marketing/x-monitoring/data/runs/2026-07-15/enum_dead_letter.jsonl)
dead-letter enum: family=role value='unknown' context={'table': 'brands_accounts', 'brand_id': 'moonshot_kimi', 'author_id': 'handle:Dewale001star'} (logged to /Users/fuchitalee/development/minimax-marketing/x-monitoring/data/runs/2026-07-15/enum_dead_letter.jsonl)
dead-letter enum: family=role value='unknown' context={'table': 'brands_accounts', 'brand_id': 'moonshot_kimi', 'author_id': 'handle:mnrdgnsln61'} (logged to /Users/fuchitalee/development/minimax-marketing/x-monitoring/data/runs/2026-07-15/enum_dead_letter.jsonl)
dead-letter enum: family=role value='unknown' context={'table': 'brands_accounts', 'brand_id': 'moonshot_kimi', 'author_id': 'handle:Fikani_Sthole'} (logged to /Users/fuchitalee/development/minimax-marketing/x-monitoring/data/runs/2026-07-15/enum_dead_letter.jsonl)
dead-letter enum: family=role value='unknown' context={'table': 'brands_accounts', 'brand_id': 'moonshot_kimi', 'author_id': 'handle:vandeleeftijd'} (logged to /Users/fuchitalee/development/minimax-marketing/x-monitoring/data/runs/2026-07-15/enum_dead_letter.jsonl)
dead-letter enum: family=role value='unknown' context={'table': 'brands_accounts', 'brand_id': 'moonshot_kimi', 'author_id': 'handle:Femboy_Eloise'} (logged to /Users/fuchitalee/development/minimax-marketing/x-monitoring/data/runs/2026-07-15/enum_dead_letter.jsonl)
dead-letter enum: family=role value='unknown' context={'table': 'brands_accounts', 'brand_id': 'moonshot_kimi', 'author_id': 'handle:AtSynct'} (logged to /Users/fuchitalee/development/minimax-marketing/x-monitoring/data/runs/2026-07-15/enum_dead_letter.jsonl)
dead-letter enum: family=role value='unknown' context={'table': 'brands_accounts', 'brand_id': 'moonshot_kimi', 'author_id': 'handle:MehmetDemi26024'} (logged to /Users/fuchitalee/development/minimax-marketing/x-monitoring/data/runs/2026-07-15/enum_dead_letter.jsonl)
dead-letter enum: family=role value='unknown' context={'table': 'brands_accounts', 'brand_id': 'moonshot_kimi', 'author_id': 'handle:purrengichay'} (logged to /Users/fuchitalee/development/minimax-marketing/x-monitoring/data/runs/2026-07-15/enum_dead_letter.jsonl)
dead-letter enum: family=role value='unknown' context={'table': 'brands_accounts', 'brand_id': 'moonshot_kimi', 'author_id': 'handle:brkcamlibel'} (logged to /Users/fuchitalee/development/minimax-marketing/x-monitoring/data/runs/2026-07-15/enum_dead_letter.jsonl)
dead-letter enum: family=role value='unknown' context={'table': 'brands_accounts', 'brand_id': 'moonshot_kimi', 'author_id': 'handle:bypolis0634'} (logged to /Users/fuchitalee/development/minimax-marketing/x-monitoring/data/runs/2026-07-15/enum_dead_letter.jsonl)
dead-letter enum: family=role value='unknown' context={'table': 'brands_accounts', 'brand_id': 'moonshot_kimi', 'author_id': 'handle:Aarchievc'} (logged to /Users/fuchitalee/development/minimax-marketing/x-monitoring/data/runs/2026-07-15/enum_dead_letter.jsonl)
dead-letter enum: family=role value='unknown' context={'table': 'brands_accounts', 'brand_id': 'moonshot_kimi', 'author_id': 'handle:thobani_dl62037'} (logged to /Users/fuchitalee/development/minimax-marketing/x-monitoring/data/runs/2026-07-15/enum_dead_letter.jsonl)
dead-letter enum: family=role value='unknown' context={'table': 'brands_accounts', 'brand_id': 'moonshot_kimi', 'author_id': 'handle:DickSmaII'} (logged to /Users/fuchitalee/development/minimax-marketing/x-monitoring/data/runs/2026-07-15/enum_dead_letter.jsonl)
dead-letter enum: family=role value='unknown' context={'table': 'brands_accounts', 'brand_id': 'moonshot_kimi', 'author_id': 'handle:FiratSecici'} (logged to /Users/fuchitalee/development/minimax-marketing/x-monitoring/data/runs/2026-07-15/enum_dead_letter.jsonl)
dead-letter enum: family=role value='unknown' context={'table': 'brands_accounts', 'brand_id': 'moonshot_kimi', 'author_id': 'handle:Kasim0666'} (logged to /Users/fuchitalee/development/minimax-marketing/x-monitoring/data/runs/2026-07-15/enum_dead_letter.jsonl)
dead-letter enum: family=role value='unknown' context={'table': 'brands_accounts', 'brand_id': 'moonshot_kimi', 'author_id': 'handle:Goldenhand19'} (logged to /Users/fuchitalee/development/minimax-marketing/x-monitoring/data/runs/2026-07-15/enum_dead_letter.jsonl)
dead-letter enum: family=role value='unknown' context={'table': 'brands_accounts', 'brand_id': 'moonshot_kimi', 'author_id': 'handle:Bugra55634200'} (logged to /Users/fuchitalee/development/minimax-marketing/x-monitoring/data/runs/2026-07-15/enum_dead_letter.jsonl)
dead-letter enum: family=role value='unknown' context={'table': 'brands_accounts', 'brand_id': 'moonshot_kimi', 'author_id': 'handle:Canfcanf'} (logged to /Users/fuchitalee/development/minimax-marketing/x-monitoring/data/runs/2026-07-15/enum_dead_letter.jsonl)
dead-letter enum: family=role value='unknown' context={'table': 'brands_accounts', 'brand_id': 'moonshot_kimi', 'author_id': 'handle:Sahil96B'} (logged to /Users/fuchitalee/development/minimax-marketing/x-monitoring/data/runs/2026-07-15/enum_dead_letter.jsonl)
dead-letter enum: family=role value='unknown' context={'table': 'brands_accounts', 'brand_id': 'moonshot_kimi', 'author_id': 'handle:YcellYucel25175'} (logged to /Users/fuchitalee/development/minimax-marketing/x-monitoring/data/runs/2026-07-15/enum_dead_letter.jsonl)
dead-letter enum: family=role value='unknown' context={'table': 'brands_accounts', 'brand_id': 'moonshot_kimi', 'author_id': 'handle:hamdi7777777'} (logged to /Users/fuchitalee/development/minimax-marketing/x-monitoring/data/runs/2026-07-15/enum_dead_letter.jsonl)
dead-letter enum: family=role value='unknown' context={'table': 'brands_accounts', 'brand_id': 'moonshot_kimi', 'author_id': 'handle:VLK_Eileen'} (logged to /Users/fuchitalee/development/minimax-marketing/x-monitoring/data/runs/2026-07-15/enum_dead_letter.jsonl)
dead-letter enum: family=role value='unknown' context={'table': 'brands_accounts', 'brand_id': 'moonshot_kimi', 'author_id': 'handle:dikdur_2023'} (logged to /Users/fuchitalee/development/minimax-marketing/x-monitoring/data/runs/2026-07-15/enum_dead_letter.jsonl)
dead-letter enum: family=role value='unknown' context={'table': 'brands_accounts', 'brand_id': 'moonshot_kimi', 'author_id': 'handle:ozaliugur'} (logged to /Users/fuchitalee/development/minimax-marketing/x-monitoring/data/runs/2026-07-15/enum_dead_letter.jsonl)
dead-letter enum: family=role value='unknown' context={'table': 'brands_accounts', 'brand_id': 'moonshot_kimi', 'author_id': 'handle:emirsensei18'} (logged to /Users/fuchitalee/development/minimax-marketing/x-monitoring/data/runs/2026-07-15/enum_dead_letter.jsonl)
dead-letter enum: family=role value='unknown' context={'table': 'brands_accounts', 'brand_id': 'moonshot_kimi', 'author_id': 'handle:haydar_onay06'} (logged to /Users/fuchitalee/development/minimax-marketing/x-monitoring/data/runs/2026-07-15/enum_dead_letter.jsonl)
dead-letter enum: family=role value='unknown' context={'table': 'brands_accounts', 'brand_id': 'moonshot_kimi', 'author_id': 'handle:UmitGurbuz49117'} (logged to /Users/fuchitalee/development/minimax-marketing/x-monitoring/data/runs/2026-07-15/enum_dead_letter.jsonl)
dead-letter enum: family=role value='unknown' context={'table': 'brands_accounts', 'brand_id': 'moonshot_kimi', 'author_id': 'handle:SerdarKuzu4434'} (logged to /Users/fuchitalee/development/minimax-marketing/x-monitoring/data/runs/2026-07-15/enum_dead_letter.jsonl)
dead-letter enum: family=role value='unknown' context={'table': 'brands_accounts', 'brand_id': 'moonshot_kimi', 'author_id': 'handle:Nuance_opinion'} (logged to /Users/fuchitalee/development/minimax-marketing/x-monitoring/data/runs/2026-07-15/enum_dead_letter.jsonl)
dead-letter enum: family=role value='unknown' context={'table': 'brands_accounts', 'brand_id': 'moonshot_kimi', 'author_id': 'handle:UgurGuneySubasi'} (logged to /Users/fuchitalee/development/minimax-marketing/x-monitoring/data/runs/2026-07-15/enum_dead_letter.jsonl)
dead-letter enum: family=role value='unknown' context={'table': 'brands_accounts', 'brand_id': 'moonshot_kimi', 'author_id': 'handle:excel_wang'} (logged to /Users/fuchitalee/development/minimax-marketing/x-monitoring/data/runs/2026-07-15/enum_dead_letter.jsonl)
dead-letter enum: family=role value='unknown' context={'table': 'brands_accounts', 'brand_id': 'moonshot_kimi', 'author_id': 'handle:th_s4m0ht'} (logged to /Users/fuchitalee/development/minimax-marketing/x-monitoring/data/runs/2026-07-15/enum_dead_letter.jsonl)
dead-letter enum: family=role value='unknown' context={'table': 'brands_accounts', 'brand_id': 'moonshot_kimi', 'author_id': 'handle:NozaMbata'} (logged to /Users/fuchitalee/development/minimax-marketing/x-monitoring/data/runs/2026-07-15/enum_dead_letter.jsonl)
dead-letter enum: family=role value='unknown' context={'table': 'brands_accounts', 'brand_id': 'moonshot_kimi', 'author_id': 'handle:iusleclerc'} (logged to /Users/fuchitalee/development/minimax-marketing/x-monitoring/data/runs/2026-07-15/enum_dead_letter.jsonl)
dead-letter enum: family=role value='unknown' context={'table': 'brands_accounts', 'brand_id': 'moonshot_kimi', 'author_id': 'handle:MuratAcfelsefe'} (logged to /Users/fuchitalee/development/minimax-marketing/x-monitoring/data/runs/2026-07-15/enum_dead_letter.jsonl)
dead-letter enum: family=role value='unknown' context={'table': 'brands_accounts', 'brand_id': 'moonshot_kimi', 'author_id': 'handle:Spectromachina'} (logged to /Users/fuchitalee/development/minimax-marketing/x-monitoring/data/runs/2026-07-15/enum_dead_letter.jsonl)
dead-letter enum: family=role value='unknown' context={'table': 'brands_accounts', 'brand_id': 'moonshot_kimi', 'author_id': 'handle:Fatma769259'} (logged to /Users/fuchitalee/development/minimax-marketing/x-monitoring/data/runs/2026-07-15/enum_dead_letter.jsonl)
dead-letter enum: family=role value='unknown' context={'table': 'brands_accounts', 'brand_id': 'moonshot_kimi', 'author_id': 'handle:Shadow646407'} (logged to /Users/fuchitalee/development/minimax-marketing/x-monitoring/data/runs/2026-07-15/enum_dead_letter.jsonl)
dead-letter enum: family=role value='unknown' context={'table': 'brands_accounts', 'brand_id': 'moonshot_kimi', 'author_id': 'handle:0palite_12'} (logged to /Users/fuchitalee/development/minimax-marketing/x-monitoring/data/runs/2026-07-15/enum_dead_letter.jsonl)
dead-letter enum: family=role value='unknown' context={'table': 'brands_accounts', 'brand_id': 'moonshot_kimi', 'author_id': 'handle:MuffinHazretle1'} (logged to /Users/fuchitalee/development/minimax-marketing/x-monitoring/data/runs/2026-07-15/enum_dead_letter.jsonl)
dead-letter enum: family=role value='unknown' context={'table': 'brands_accounts', 'brand_id': 'moonshot_kimi', 'author_id': 'handle:leonunellitonu'} (logged to /Users/fuchitalee/development/minimax-marketing/x-monitoring/data/runs/2026-07-15/enum_dead_letter.jsonl)
dead-letter enum: family=role value='unknown' context={'table': 'brands_accounts', 'brand_id': 'moonshot_kimi', 'author_id': 'handle:JasonZX'} (logged to /Users/fuchitalee/development/minimax-marketing/x-monitoring/data/runs/2026-07-15/enum_dead_letter.jsonl)
dead-letter enum: family=role value='unknown' context={'table': 'brands_accounts', 'brand_id': 'moonshot_kimi', 'author_id': 'handle:piskopos1903'} (logged to /Users/fuchitalee/development/minimax-marketing/x-monitoring/data/runs/2026-07-15/enum_dead_letter.jsonl)
dead-letter enum: family=role value='unknown' context={'table': 'brands_accounts', 'brand_id': 'moonshot_kimi', 'author_id': 'handle:Togg2030'} (logged to /Users/fuchitalee/development/minimax-marketing/x-monitoring/data/runs/2026-07-15/enum_dead_letter.jsonl)
dead-letter enum: family=role value='unknown' context={'table': 'brands_accounts', 'brand_id': 'moonshot_kimi', 'author_id': 'handle:Golkny'} (logged to /Users/fuchitalee/development/minimax-marketing/x-monitoring/data/runs/2026-07-15/enum_dead_letter.jsonl)
dead-letter enum: family=role value='unknown' context={'table': 'brands_accounts', 'brand_id': 'moonshot_kimi', 'author_id': 'handle:VolkanHasa71303'} (logged to /Users/fuchitalee/development/minimax-marketing/x-monitoring/data/runs/2026-07-15/enum_dead_letter.jsonl)
dead-letter enum: family=role value='unknown' context={'table': 'brands_accounts', 'brand_id': 'moonshot_kimi', 'author_id': 'handle:snghoonie_7'} (logged to /Users/fuchitalee/development/minimax-marketing/x-monitoring/data/runs/2026-07-15/enum_dead_letter.jsonl)
dead-letter enum: family=role value='unknown' context={'table': 'brands_accounts', 'brand_id': 'moonshot_kimi', 'author_id': 'handle:tginnc_'} (logged to /Users/fuchitalee/development/minimax-marketing/x-monitoring/data/runs/2026-07-15/enum_dead_letter.jsonl)
dead-letter enum: family=role value='unknown' context={'table': 'brands_accounts', 'brand_id': 'moonshot_kimi', 'author_id': 'handle:amedposts'} (logged to /Users/fuchitalee/development/minimax-marketing/x-monitoring/data/runs/2026-07-15/enum_dead_letter.jsonl)
dead-letter enum: family=role value='unknown' context={'table': 'brands_accounts', 'brand_id': 'moonshot_kimi', 'author_id': 'handle:NicoHezel'} (logged to /Users/fuchitalee/development/minimax-marketing/x-monitoring/data/runs/2026-07-15/enum_dead_letter.jsonl)
dead-letter enum: family=role value='unknown' context={'table': 'brands_accounts', 'brand_id': 'moonshot_kimi', 'author_id': 'handle:hyklsypabnl'} (logged to /Users/fuchitalee/development/minimax-marketing/x-monitoring/data/runs/2026-07-15/enum_dead_letter.jsonl)
dead-letter enum: family=role value='unknown' context={'table': 'brands_accounts', 'brand_id': 'moonshot_kimi', 'author_id': 'handle:Sdewrimm'} (logged to /Users/fuchitalee/development/minimax-marketing/x-monitoring/data/runs/2026-07-15/enum_dead_letter.jsonl)
dead-letter enum: family=role value='unknown' context={'table': 'brands_accounts', 'brand_id': 'moonshot_kimi', 'author_id': 'handle:AkyzHaldun'} (logged to /Users/fuchitalee/development/minimax-marketing/x-monitoring/data/runs/2026-07-15/enum_dead_letter.jsonl)
dead-letter enum: family=role value='unknown' context={'table': 'brands_accounts', 'brand_id': 'moonshot_kimi', 'author_id': 'handle:serkan_aydogar'} (logged to /Users/fuchitalee/development/minimax-marketing/x-monitoring/data/runs/2026-07-15/enum_dead_letter.jsonl)
dead-letter enum: family=role value='unknown' context={'table': 'brands_accounts', 'brand_id': 'moonshot_kimi', 'author_id': 'handle:berrindal11429'} (logged to /Users/fuchitalee/development/minimax-marketing/x-monitoring/data/runs/2026-07-15/enum_dead_letter.jsonl)
dead-letter enum: family=role value='unknown' context={'table': 'brands_accounts', 'brand_id': 'moonshot_kimi', 'author_id': 'handle:sifirgen10'} (logged to /Users/fuchitalee/development/minimax-marketing/x-monitoring/data/runs/2026-07-15/enum_dead_letter.jsonl)
dead-letter enum: family=role value='unknown' context={'table': 'brands_accounts', 'brand_id': 'moonshot_kimi', 'author_id': 'handle:tamgaoz'} (logged to /Users/fuchitalee/development/minimax-marketing/x-monitoring/data/runs/2026-07-15/enum_dead_letter.jsonl)
dead-letter enum: family=role value='unknown' context={'table': 'brands_accounts', 'brand_id': 'moonshot_kimi', 'author_id': 'handle:sen_ciddi_misin'} (logged to /Users/fuchitalee/development/minimax-marketing/x-monitoring/data/runs/2026-07-15/enum_dead_letter.jsonl)
dead-letter enum: family=role value='unknown' context={'table': 'brands_accounts', 'brand_id': 'moonshot_kimi', 'author_id': 'handle:yilmazcakmaktas'} (logged to /Users/fuchitalee/development/minimax-marketing/x-monitoring/data/runs/2026-07-15/enum_dead_letter.jsonl)
dead-letter enum: family=role value='unknown' context={'table': 'brands_accounts', 'brand_id': 'moonshot_kimi', 'author_id': 'handle:Chris_Wozniczek'} (logged to /Users/fuchitalee/development/minimax-marketing/x-monitoring/data/runs/2026-07-15/enum_dead_letter.jsonl)
dead-letter enum: family=role value='unknown' context={'table': 'brands_accounts', 'brand_id': 'moonshot_kimi', 'author_id': 'handle:TrickShotDani'} (logged to /Users/fuchitalee/development/minimax-marketing/x-monitoring/data/runs/2026-07-15/enum_dead_letter.jsonl)
dead-letter enum: family=role value='unknown' context={'table': 'brands_accounts', 'brand_id': 'moonshot_kimi', 'author_id': 'handle:atillaaa88'} (logged to /Users/fuchitalee/development/minimax-marketing/x-monitoring/data/runs/2026-07-15/enum_dead_letter.jsonl)
dead-letter enum: family=role value='unknown' context={'table': 'brands_accounts', 'brand_id': 'moonshot_kimi', 'author_id': 'handle:antwdcs'} (logged to /Users/fuchitalee/development/minimax-marketing/x-monitoring/data/runs/2026-07-15/enum_dead_letter.jsonl)
dead-letter enum: family=role value='unknown' context={'table': 'brands_accounts', 'brand_id': 'moonshot_kimi', 'author_id': 'handle:thranthin'} (logged to /Users/fuchitalee/development/minimax-marketing/x-monitoring/data/runs/2026-07-15/enum_dead_letter.jsonl)
dead-letter enum: family=role value='unknown' context={'table': 'brands_accounts', 'brand_id': 'moonshot_kimi', 'author_id': 'handle:AhmetSoyluFakir'} (logged to /Users/fuchitalee/development/minimax-marketing/x-monitoring/data/runs/2026-07-15/enum_dead_letter.jsonl)
dead-letter enum: family=role value='unknown' context={'table': 'brands_accounts', 'brand_id': 'moonshot_kimi', 'author_id': 'handle:EGspk23'} (logged to /Users/fuchitalee/development/minimax-marketing/x-monitoring/data/runs/2026-07-15/enum_dead_letter.jsonl)
dead-letter enum: family=role value='unknown' context={'table': 'brands_accounts', 'brand_id': 'moonshot_kimi', 'author_id': 'handle:yabayintelicins'} (logged to /Users/fuchitalee/development/minimax-marketing/x-monitoring/data/runs/2026-07-15/enum_dead_letter.jsonl)
dead-letter enum: family=role value='unknown' context={'table': 'brands_accounts', 'brand_id': 'moonshot_kimi', 'author_id': 'handle:SteadyHearn'} (logged to /Users/fuchitalee/development/minimax-marketing/x-monitoring/data/runs/2026-07-15/enum_dead_letter.jsonl)
dead-letter enum: family=role value='unknown' context={'table': 'brands_accounts', 'brand_id': 'moonshot_kimi', 'author_id': 'handle:BiteyeCN'} (logged to /Users/fuchitalee/development/minimax-marketing/x-monitoring/data/runs/2026-07-15/enum_dead_letter.jsonl)
dead-letter enum: family=role value='unknown' context={'table': 'brands_accounts', 'brand_id': 'moonshot_kimi', 'author_id': 'handle:kayyumtelaviv'} (logged to /Users/fuchitalee/development/minimax-marketing/x-monitoring/data/runs/2026-07-15/enum_dead_letter.jsonl)
dead-letter enum: family=role value='unknown' context={'table': 'brands_accounts', 'brand_id': 'moonshot_kimi', 'author_id': 'handle:selahdineyyubi'} (logged to /Users/fuchitalee/development/minimax-marketing/x-monitoring/data/runs/2026-07-15/enum_dead_letter.jsonl)
dead-letter enum: family=role value='unknown' context={'table': 'brands_accounts', 'brand_id': 'moonshot_kimi', 'author_id': 'handle:yufangel'} (logged to /Users/fuchitalee/development/minimax-marketing/x-monitoring/data/runs/2026-07-15/enum_dead_letter.jsonl)
dead-letter enum: family=role value='unknown' context={'table': 'brands_accounts', 'brand_id': 'moonshot_kimi', 'author_id': 'handle:SCUDERHEA'} (logged to /Users/fuchitalee/development/minimax-marketing/x-monitoring/data/runs/2026-07-15/enum_dead_letter.jsonl)
dead-letter enum: family=role value='unknown' context={'table': 'brands_accounts', 'brand_id': 'moonshot_kimi', 'author_id': 'handle:fungnoth'} (logged to /Users/fuchitalee/development/minimax-marketing/x-monitoring/data/runs/2026-07-15/enum_dead_letter.jsonl)
dead-letter enum: family=role value='unknown' context={'table': 'brands_accounts', 'brand_id': 'moonshot_kimi', 'author_id': 'handle:Barrs03'} (logged to /Users/fuchitalee/development/minimax-marketing/x-monitoring/data/runs/2026-07-15/enum_dead_letter.jsonl)
dead-letter enum: family=role value='unknown' context={'table': 'brands_accounts', 'brand_id': 'moonshot_kimi', 'author_id': 'handle:meloReis462502'} (logged to /Users/fuchitalee/development/minimax-marketing/x-monitoring/data/runs/2026-07-15/enum_dead_letter.jsonl)
dead-letter enum: family=role value='unknown' context={'table': 'brands_accounts', 'brand_id': 'moonshot_kimi', 'author_id': 'handle:92Qqasimov'} (logged to /Users/fuchitalee/development/minimax-marketing/x-monitoring/data/runs/2026-07-15/enum_dead_letter.jsonl)
dead-letter enum: family=role value='unknown' context={'table': 'brands_accounts', 'brand_id': 'moonshot_kimi', 'author_id': 'handle:CahitGven996245'} (logged to /Users/fuchitalee/development/minimax-marketing/x-monitoring/data/runs/2026-07-15/enum_dead_letter.jsonl)
dead-letter enum: family=role value='unknown' context={'table': 'brands_accounts', 'brand_id': 'moonshot_kimi', 'author_id': 'handle:Pan_Sherlock_'} (logged to /Users/fuchitalee/development/minimax-marketing/x-monitoring/data/runs/2026-07-15/enum_dead_letter.jsonl)
dead-letter enum: family=role value='unknown' context={'table': 'brands_accounts', 'brand_id': 'moonshot_kimi', 'author_id': 'handle:verstappen_fan1'} (logged to /Users/fuchitalee/development/minimax-marketing/x-monitoring/data/runs/2026-07-15/enum_dead_letter.jsonl)
dead-letter enum: family=role value='unknown' context={'table': 'brands_accounts', 'brand_id': 'moonshot_kimi', 'author_id': 'handle:cirakmiskin'} (logged to /Users/fuchitalee/development/minimax-marketing/x-monitoring/data/runs/2026-07-15/enum_dead_letter.jsonl)
dead-letter enum: family=role value='unknown' context={'table': 'brands_accounts', 'brand_id': 'moonshot_kimi', 'author_id': 'handle:Allinbln'} (logged to /Users/fuchitalee/development/minimax-marketing/x-monitoring/data/runs/2026-07-15/enum_dead_letter.jsonl)
dead-letter enum: family=role value='unknown' context={'table': 'brands_accounts', 'brand_id': 'moonshot_kimi', 'author_id': 'handle:GungorurEnder'} (logged to /Users/fuchitalee/development/minimax-marketing/x-monitoring/data/runs/2026-07-15/enum_dead_letter.jsonl)
dead-letter enum: family=role value='unknown' context={'table': 'brands_accounts', 'brand_id': 'moonshot_kimi', 'author_id': 'handle:IsmetInce5nlp'} (logged to /Users/fuchitalee/development/minimax-marketing/x-monitoring/data/runs/2026-07-15/enum_dead_letter.jsonl)
dead-letter enum: family=role value='unknown' context={'table': 'brands_accounts', 'brand_id': 'moonshot_kimi', 'author_id': 'handle:maroonflume'} (logged to /Users/fuchitalee/development/minimax-marketing/x-monitoring/data/runs/2026-07-15/enum_dead_letter.jsonl)
dead-letter enum: family=role value='unknown' context={'table': 'brands_accounts', 'brand_id': 'moonshot_kimi', 'author_id': 'handle:orseorse65877'} (logged to /Users/fuchitalee/development/minimax-marketing/x-monitoring/data/runs/2026-07-15/enum_dead_letter.jsonl)
dead-letter enum: family=role value='unknown' context={'table': 'brands_accounts', 'brand_id': 'moonshot_kimi', 'author_id': 'handle:KulakBedri58183'} (logged to /Users/fuchitalee/development/minimax-marketing/x-monitoring/data/runs/2026-07-15/enum_dead_letter.jsonl)
dead-letter enum: family=role value='unknown' context={'table': 'brands_accounts', 'brand_id': 'moonshot_kimi', 'author_id': 'handle:etinkale9'} (logged to /Users/fuchitalee/development/minimax-marketing/x-monitoring/data/runs/2026-07-15/enum_dead_letter.jsonl)
dead-letter enum: family=role value='unknown' context={'table': 'brands_accounts', 'brand_id': 'moonshot_kimi', 'author_id': 'handle:QXaratenko'} (logged to /Users/fuchitalee/development/minimax-marketing/x-monitoring/data/runs/2026-07-15/enum_dead_letter.jsonl)
dead-letter enum: family=role value='unknown' context={'table': 'brands_accounts', 'brand_id': 'moonshot_kimi', 'author_id': 'handle:UERKAYMAN'} (logged to /Users/fuchitalee/development/minimax-marketing/x-monitoring/data/runs/2026-07-15/enum_dead_letter.jsonl)
dead-letter enum: family=role value='unknown' context={'table': 'brands_accounts', 'brand_id': 'moonshot_kimi', 'author_id': 'handle:yilmazkilic1903'} (logged to /Users/fuchitalee/development/minimax-marketing/x-monitoring/data/runs/2026-07-15/enum_dead_letter.jsonl)
dead-letter enum: family=role value='unknown' context={'table': 'brands_accounts', 'brand_id': 'moonshot_kimi', 'author_id': 'handle:AlgoTraderX_TR'} (logged to /Users/fuchitalee/development/minimax-marketing/x-monitoring/data/runs/2026-07-15/enum_dead_letter.jsonl)
dead-letter enum: family=role value='unknown' context={'table': 'brands_accounts', 'brand_id': 'moonshot_kimi', 'author_id': 'handle:OKemalSahin1'} (logged to /Users/fuchitalee/development/minimax-marketing/x-monitoring/data/runs/2026-07-15/enum_dead_letter.jsonl)
dead-letter enum: family=role value='unknown' context={'table': 'brands_accounts', 'brand_id': 'moonshot_kimi', 'author_id': 'handle:Pearla520'} (logged to /Users/fuchitalee/development/minimax-marketing/x-monitoring/data/runs/2026-07-15/enum_dead_letter.jsonl)
dead-letter enum: family=role value='unknown' context={'table': 'brands_accounts', 'brand_id': 'moonshot_kimi', 'author_id': 'handle:Adams35019058'} (logged to /Users/fuchitalee/development/minimax-marketing/x-monitoring/data/runs/2026-07-15/enum_dead_letter.jsonl)
dead-letter enum: family=role value='unknown' context={'table': 'brands_accounts', 'brand_id': 'moonshot_kimi', 'author_id': 'handle:cassiopeiara'} (logged to /Users/fuchitalee/development/minimax-marketing/x-monitoring/data/runs/2026-07-15/enum_dead_letter.jsonl)
dead-letter enum: family=role value='unknown' context={'table': 'brands_accounts', 'brand_id': 'moonshot_kimi', 'author_id': 'handle:NiyazovHemid'} (logged to /Users/fuchitalee/development/minimax-marketing/x-monitoring/data/runs/2026-07-15/enum_dead_letter.jsonl)
dead-letter enum: family=role value='unknown' context={'table': 'brands_accounts', 'brand_id': 'moonshot_kimi', 'author_id': 'handle:francescofaenzi'} (logged to /Users/fuchitalee/development/minimax-marketing/x-monitoring/data/runs/2026-07-15/enum_dead_letter.jsonl)
dead-letter enum: family=role value='unknown' context={'table': 'brands_accounts', 'brand_id': 'moonshot_kimi', 'author_id': 'handle:semranecefli'} (logged to /Users/fuchitalee/development/minimax-marketing/x-monitoring/data/runs/2026-07-15/enum_dead_letter.jsonl)
dead-letter enum: family=role value='unknown' context={'table': 'brands_accounts', 'brand_id': 'moonshot_kimi', 'author_id': 'handle:metin_kucakli'} (logged to /Users/fuchitalee/development/minimax-marketing/x-monitoring/data/runs/2026-07-15/enum_dead_letter.jsonl)
dead-letter enum: family=role value='unknown' context={'table': 'brands_accounts', 'brand_id': 'moonshot_kimi', 'author_id': 'handle:Elcin_HasanMM'} (logged to /Users/fuchitalee/development/minimax-marketing/x-monitoring/data/runs/2026-07-15/enum_dead_letter.jsonl)
dead-letter enum: family=role value='unknown' context={'table': 'brands_accounts', 'brand_id': 'moonshot_kimi', 'author_id': 'handle:AdarshChetan'} (logged to /Users/fuchitalee/development/minimax-marketing/x-monitoring/data/runs/2026-07-15/enum_dead_letter.jsonl)
dead-letter enum: family=role value='unknown' context={'table': 'brands_accounts', 'brand_id': 'moonshot_kimi', 'author_id': 'handle:_Can_Cat_'} (logged to /Users/fuchitalee/development/minimax-marketing/x-monitoring/data/runs/2026-07-15/enum_dead_letter.jsonl)
dead-letter enum: family=role value='unknown' context={'table': 'brands_accounts', 'brand_id': 'moonshot_kimi', 'author_id': 'handle:MayaEftalya'} (logged to /Users/fuchitalee/development/minimax-marketing/x-monitoring/data/runs/2026-07-15/enum_dead_letter.jsonl)
dead-letter enum: family=role value='unknown' context={'table': 'brands_accounts', 'brand_id': 'moonshot_kimi', 'author_id': 'handle:nemyrx'} (logged to /Users/fuchitalee/development/minimax-marketing/x-monitoring/data/runs/2026-07-15/enum_dead_letter.jsonl)
dead-letter enum: family=role value='unknown' context={'table': 'brands_accounts', 'brand_id': 'moonshot_kimi', 'author_id': 'handle:MelihdTurk'} (logged to /Users/fuchitalee/development/minimax-marketing/x-monitoring/data/runs/2026-07-15/enum_dead_letter.jsonl)
dead-letter enum: family=role value='unknown' context={'table': 'brands_accounts', 'brand_id': 'moonshot_kimi', 'author_id': 'handle:LuilovesYu'} (logged to /Users/fuchitalee/development/minimax-marketing/x-monitoring/data/runs/2026-07-15/enum_dead_letter.jsonl)
dead-letter enum: family=role value='unknown' context={'table': 'brands_accounts', 'brand_id': 'moonshot_kimi', 'author_id': 'handle:petrie94239'} (logged to /Users/fuchitalee/development/minimax-marketing/x-monitoring/data/runs/2026-07-15/enum_dead_letter.jsonl)
dead-letter enum: family=role value='unknown' context={'table': 'brands_accounts', 'brand_id': 'moonshot_kimi', 'author_id': 'handle:KR_Geats_IX'} (logged to /Users/fuchitalee/development/minimax-marketing/x-monitoring/data/runs/2026-07-15/enum_dead_letter.jsonl)
dead-letter enum: family=role value='unknown' context={'table': 'brands_accounts', 'brand_id': 'moonshot_kimi', 'author_id': 'handle:AbhiCodes15'} (logged to /Users/fuchitalee/development/minimax-marketing/x-monitoring/data/runs/2026-07-15/enum_dead_letter.jsonl)
dead-letter enum: family=role value='unknown' context={'table': 'brands_accounts', 'brand_id': 'moonshot_kimi', 'author_id': 'handle:reffbull700'} (logged to /Users/fuchitalee/development/minimax-marketing/x-monitoring/data/runs/2026-07-15/enum_dead_letter.jsonl)
dead-letter enum: family=role value='unknown' context={'table': 'brands_accounts', 'brand_id': 'moonshot_kimi', 'author_id': 'handle:Joash0x'} (logged to /Users/fuchitalee/development/minimax-marketing/x-monitoring/data/runs/2026-07-15/enum_dead_letter.jsonl)
dead-letter enum: family=role value='unknown' context={'table': 'brands_accounts', 'brand_id': 'moonshot_kimi', 'author_id': 'handle:bzby01'} (logged to /Users/fuchitalee/development/minimax-marketing/x-monitoring/data/runs/2026-07-15/enum_dead_letter.jsonl)
dead-letter enum: family=role value='unknown' context={'table': 'brands_accounts', 'brand_id': 'moonshot_kimi', 'author_id': 'handle:cheers_1979'} (logged to /Users/fuchitalee/development/minimax-marketing/x-monitoring/data/runs/2026-07-15/enum_dead_letter.jsonl)
dead-letter enum: family=role value='unknown' context={'table': 'brands_accounts', 'brand_id': 'moonshot_kimi', 'author_id': 'handle:JuanSalced36259'} (logged to /Users/fuchitalee/development/minimax-marketing/x-monitoring/data/runs/2026-07-15/enum_dead_letter.jsonl)
dead-letter enum: family=role value='unknown' context={'table': 'brands_accounts', 'brand_id': 'moonshot_kimi', 'author_id': 'handle:yinpengxuan'} (logged to /Users/fuchitalee/development/minimax-marketing/x-monitoring/data/runs/2026-07-15/enum_dead_letter.jsonl)
dead-letter enum: family=role value='unknown' context={'table': 'brands_accounts', 'brand_id': 'moonshot_kimi', 'author_id': 'handle:unberuhr'} (logged to /Users/fuchitalee/development/minimax-marketing/x-monitoring/data/runs/2026-07-15/enum_dead_letter.jsonl)
dead-letter enum: family=role value='unknown' context={'table': 'brands_accounts', 'brand_id': 'moonshot_kimi', 'author_id': 'handle:futbolvekili'} (logged to /Users/fuchitalee/development/minimax-marketing/x-monitoring/data/runs/2026-07-15/enum_dead_letter.jsonl)
dead-letter enum: family=role value='unknown' context={'table': 'brands_accounts', 'brand_id': 'moonshot_kimi', 'author_id': 'handle:UbermaX9010'} (logged to /Users/fuchitalee/development/minimax-marketing/x-monitoring/data/runs/2026-07-15/enum_dead_letter.jsonl)
dead-letter enum: family=role value='unknown' context={'table': 'brands_accounts', 'brand_id': 'moonshot_kimi', 'author_id': 'handle:0xgunboats'} (logged to /Users/fuchitalee/development/minimax-marketing/x-monitoring/data/runs/2026-07-15/enum_dead_letter.jsonl)
dead-letter enum: family=role value='unknown' context={'table': 'brands_accounts', 'brand_id': 'moonshot_kimi', 'author_id': 'handle:FloorIsTired'} (logged to /Users/fuchitalee/development/minimax-marketing/x-monitoring/data/runs/2026-07-15/enum_dead_letter.jsonl)
dead-letter enum: family=role value='unknown' context={'table': 'brands_accounts', 'brand_id': 'moonshot_kimi', 'author_id': 'handle:otakucintilante'} (logged to /Users/fuchitalee/development/minimax-marketing/x-monitoring/data/runs/2026-07-15/enum_dead_letter.jsonl)
dead-letter enum: family=role value='unknown' context={'table': 'brands_accounts', 'brand_id': 'moonshot_kimi', 'author_id': 'handle:lovebirddsss'} (logged to /Users/fuchitalee/development/minimax-marketing/x-monitoring/data/runs/2026-07-15/enum_dead_letter.jsonl)
dead-letter enum: family=role value='unknown' context={'table': 'brands_accounts', 'brand_id': 'moonshot_kimi', 'author_id': 'handle:cigfttersx'} (logged to /Users/fuchitalee/development/minimax-marketing/x-monitoring/data/runs/2026-07-15/enum_dead_letter.jsonl)
dead-letter enum: family=role value='unknown' context={'table': 'brands_accounts', 'brand_id': 'moonshot_kimi', 'author_id': 'handle:DimaGM1'} (logged to /Users/fuchitalee/development/minimax-marketing/x-monitoring/data/runs/2026-07-15/enum_dead_letter.jsonl)
dead-letter enum: family=role value='unknown' context={'table': 'brands_accounts', 'brand_id': 'moonshot_kimi', 'author_id': 'handle:VLK_Kika'} (logged to /Users/fuchitalee/development/minimax-marketing/x-monitoring/data/runs/2026-07-15/enum_dead_letter.jsonl)
dead-letter enum: family=role value='unknown' context={'table': 'brands_accounts', 'brand_id': 'moonshot_kimi', 'author_id': 'handle:Ilhan83636338'} (logged to /Users/fuchitalee/development/minimax-marketing/x-monitoring/data/runs/2026-07-15/enum_dead_letter.jsonl)
dead-letter enum: family=role value='unknown' context={'table': 'brands_accounts', 'brand_id': 'moonshot_kimi', 'author_id': 'handle:nekkotensi'} (logged to /Users/fuchitalee/development/minimax-marketing/x-monitoring/data/runs/2026-07-15/enum_dead_letter.jsonl)
dead-letter enum: family=role value='unknown' context={'table': 'brands_accounts', 'brand_id': 'moonshot_kimi', 'author_id': 'handle:keatsrespecter'} (logged to /Users/fuchitalee/development/minimax-marketing/x-monitoring/data/runs/2026-07-15/enum_dead_letter.jsonl)
dead-letter enum: family=role value='unknown' context={'table': 'brands_accounts', 'brand_id': 'moonshot_kimi', 'author_id': 'handle:VersunPan'} (logged to /Users/fuchitalee/development/minimax-marketing/x-monitoring/data/runs/2026-07-15/enum_dead_letter.jsonl)
dead-letter enum: family=role value='unknown' context={'table': 'brands_accounts', 'brand_id': 'moonshot_kimi', 'author_id': 'handle:RifatYlmaz19'} (logged to /Users/fuchitalee/development/minimax-marketing/x-monitoring/data/runs/2026-07-15/enum_dead_letter.jsonl)
dead-letter enum: family=role value='unknown' context={'table': 'brands_accounts', 'brand_id': 'moonshot_kimi', 'author_id': 'handle:ClimbingGuy3000'} (logged to /Users/fuchitalee/development/minimax-marketing/x-monitoring/data/runs/2026-07-15/enum_dead_letter.jsonl)
dead-letter enum: family=role value='unknown' context={'table': 'brands_accounts', 'brand_id': 'moonshot_kimi', 'author_id': 'handle:eliebakouch'} (logged to /Users/fuchitalee/development/minimax-marketing/x-monitoring/data/runs/2026-07-15/enum_dead_letter.jsonl)
dead-letter enum: family=role value='unknown' context={'table': 'brands_accounts', 'brand_id': 'moonshot_kimi', 'author_id': 'handle:razend43'} (logged to /Users/fuchitalee/development/minimax-marketing/x-monitoring/data/runs/2026-07-15/enum_dead_letter.jsonl)
dead-letter enum: family=role value='unknown' context={'table': 'brands_accounts', 'brand_id': 'moonshot_kimi', 'author_id': 'handle:MovlamXeyal'} (logged to /Users/fuchitalee/development/minimax-marketing/x-monitoring/data/runs/2026-07-15/enum_dead_letter.jsonl)
dead-letter enum: family=role value='unknown' context={'table': 'brands_accounts', 'brand_id': 'moonshot_kimi', 'author_id': 'handle:miulacies'} (logged to /Users/fuchitalee/development/minimax-marketing/x-monitoring/data/runs/2026-07-15/enum_dead_letter.jsonl)
dead-letter enum: family=role value='unknown' context={'table': 'brands_accounts', 'brand_id': 'moonshot_kimi', 'author_id': 'handle:GraphicsSel'} (logged to /Users/fuchitalee/development/minimax-marketing/x-monitoring/data/runs/2026-07-15/enum_dead_letter.jsonl)
dead-letter enum: family=role value='unknown' context={'table': 'brands_accounts', 'brand_id': 'moonshot_kimi', 'author_id': 'handle:inSOULsociety_'} (logged to /Users/fuchitalee/development/minimax-marketing/x-monitoring/data/runs/2026-07-15/enum_dead_letter.jsonl)
dead-letter enum: family=role value='unknown' context={'table': 'brands_accounts', 'brand_id': 'moonshot_kimi', 'author_id': 'handle:lifeisameeme'} (logged to /Users/fuchitalee/development/minimax-marketing/x-monitoring/data/runs/2026-07-15/enum_dead_letter.jsonl)
dead-letter enum: family=role value='unknown' context={'table': 'brands_accounts', 'brand_id': 'moonshot_kimi', 'author_id': 'handle:irotaka3'} (logged to /Users/fuchitalee/development/minimax-marketing/x-monitoring/data/runs/2026-07-15/enum_dead_letter.jsonl)
dead-letter enum: family=role value='unknown' context={'table': 'brands_accounts', 'brand_id': 'moonshot_kimi', 'author_id': 'handle:JackJ8847'} (logged to /Users/fuchitalee/development/minimax-marketing/x-monitoring/data/runs/2026-07-15/enum_dead_letter.jsonl)
dead-letter enum: family=role value='unknown' context={'table': 'brands_accounts', 'brand_id': 'moonshot_kimi', 'author_id': 'handle:arman_berker'} (logged to /Users/fuchitalee/development/minimax-marketing/x-monitoring/data/runs/2026-07-15/enum_dead_letter.jsonl)
dead-letter enum: family=role value='unknown' context={'table': 'brands_accounts', 'brand_id': 'moonshot_kimi', 'author_id': 'handle:cimbom39975685'} (logged to /Users/fuchitalee/development/minimax-marketing/x-monitoring/data/runs/2026-07-15/enum_dead_letter.jsonl)
dead-letter enum: family=role value='unknown' context={'table': 'brands_accounts', 'brand_id': 'moonshot_kimi', 'author_id': 'handle:withlovekimi'} (logged to /Users/fuchitalee/development/minimax-marketing/x-monitoring/data/runs/2026-07-15/enum_dead_letter.jsonl)
dead-letter enum: family=role value='unknown' context={'table': 'brands_accounts', 'brand_id': 'moonshot_kimi', 'author_id': 'handle:heetwigs'} (logged to /Users/fuchitalee/development/minimax-marketing/x-monitoring/data/runs/2026-07-15/enum_dead_letter.jsonl)
dead-letter enum: family=role value='unknown' context={'table': 'brands_accounts', 'brand_id': 'moonshot_kimi', 'author_id': 'handle:hsdxpro'} (logged to /Users/fuchitalee/development/minimax-marketing/x-monitoring/data/runs/2026-07-15/enum_dead_letter.jsonl)
dead-letter enum: family=role value='unknown' context={'table': 'brands_accounts', 'brand_id': 'moonshot_kimi', 'author_id': 'handle:yigityase'} (logged to /Users/fuchitalee/development/minimax-marketing/x-monitoring/data/runs/2026-07-15/enum_dead_letter.jsonl)
dead-letter enum: family=role value='unknown' context={'table': 'brands_accounts', 'brand_id': 'moonshot_kimi', 'author_id': 'handle:EmreE96840'} (logged to /Users/fuchitalee/development/minimax-marketing/x-monitoring/data/runs/2026-07-15/enum_dead_letter.jsonl)
dead-letter enum: family=role value='unknown' context={'table': 'brands_accounts', 'brand_id': 'moonshot_kimi', 'author_id': 'handle:alicabuk58'} (logged to /Users/fuchitalee/development/minimax-marketing/x-monitoring/data/runs/2026-07-15/enum_dead_letter.jsonl)
dead-letter enum: family=role value='unknown' context={'table': 'brands_accounts', 'brand_id': 'moonshot_kimi', 'author_id': 'handle:scyshw6492'} (logged to /Users/fuchitalee/development/minimax-marketing/x-monitoring/data/runs/2026-07-15/enum_dead_letter.jsonl)
dead-letter enum: family=role value='unknown' context={'table': 'brands_accounts', 'brand_id': 'moonshot_kimi', 'author_id': 'handle:CCryptoTraders'} (logged to /Users/fuchitalee/development/minimax-marketing/x-monitoring/data/runs/2026-07-15/enum_dead_letter.jsonl)
dead-letter enum: family=role value='unknown' context={'table': 'brands_accounts', 'brand_id': 'moonshot_kimi', 'author_id': 'handle:ChrisRinvesting'} (logged to /Users/fuchitalee/development/minimax-marketing/x-monitoring/data/runs/2026-07-15/enum_dead_letter.jsonl)
dead-letter enum: family=role value='unknown' context={'table': 'brands_accounts', 'brand_id': 'moonshot_kimi', 'author_id': 'handle:hayaizm35'} (logged to /Users/fuchitalee/development/minimax-marketing/x-monitoring/data/runs/2026-07-15/enum_dead_letter.jsonl)
dead-letter enum: family=role value='unknown' context={'table': 'brands_accounts', 'brand_id': 'moonshot_kimi', 'author_id': 'handle:bilalfreiemann'} (logged to /Users/fuchitalee/development/minimax-marketing/x-monitoring/data/runs/2026-07-15/enum_dead_letter.jsonl)
dead-letter enum: family=role value='unknown' context={'table': 'brands_accounts', 'brand_id': 'moonshot_kimi', 'author_id': 'handle:kayra340907'} (logged to /Users/fuchitalee/development/minimax-marketing/x-monitoring/data/runs/2026-07-15/enum_dead_letter.jsonl)
dead-letter enum: family=role value='unknown' context={'table': 'brands_accounts', 'brand_id': 'moonshot_kimi', 'author_id': 'handle:CanHseyinarat1'} (logged to /Users/fuchitalee/development/minimax-marketing/x-monitoring/data/runs/2026-07-15/enum_dead_letter.jsonl)
dead-letter enum: family=role value='unknown' context={'table': 'brands_accounts', 'brand_id': 'moonshot_kimi', 'author_id': 'handle:serkan833134'} (logged to /Users/fuchitalee/development/minimax-marketing/x-monitoring/data/runs/2026-07-15/enum_dead_letter.jsonl)
dead-letter enum: family=role value='unknown' context={'table': 'brands_accounts', 'brand_id': 'moonshot_kimi', 'author_id': 'handle:sinanbayram840'} (logged to /Users/fuchitalee/development/minimax-marketing/x-monitoring/data/runs/2026-07-15/enum_dead_letter.jsonl)
dead-letter enum: family=role value='unknown' context={'table': 'brands_accounts', 'brand_id': 'moonshot_kimi', 'author_id': 'handle:AyhanKCTR'} (logged to /Users/fuchitalee/development/minimax-marketing/x-monitoring/data/runs/2026-07-15/enum_dead_letter.jsonl)
dead-letter enum: family=role value='unknown' context={'table': 'brands_accounts', 'brand_id': 'moonshot_kimi', 'author_id': 'handle:dailywithber'} (logged to /Users/fuchitalee/development/minimax-marketing/x-monitoring/data/runs/2026-07-15/enum_dead_letter.jsonl)
dead-letter enum: family=role value='unknown' context={'table': 'brands_accounts', 'brand_id': 'moonshot_kimi', 'author_id': 'handle:nyznsmh'} (logged to /Users/fuchitalee/development/minimax-marketing/x-monitoring/data/runs/2026-07-15/enum_dead_letter.jsonl)
dead-letter enum: family=role value='unknown' context={'table': 'brands_accounts', 'brand_id': 'moonshot_kimi', 'author_id': 'handle:HeyYoGB'} (logged to /Users/fuchitalee/development/minimax-marketing/x-monitoring/data/runs/2026-07-15/enum_dead_letter.jsonl)
dead-letter enum: family=role value='unknown' context={'table': 'brands_accounts', 'brand_id': 'moonshot_kimi', 'author_id': 'handle:anar02908185'} (logged to /Users/fuchitalee/development/minimax-marketing/x-monitoring/data/runs/2026-07-15/enum_dead_letter.jsonl)
dead-letter enum: family=role value='unknown' context={'table': 'brands_accounts', 'brand_id': 'moonshot_kimi', 'author_id': 'handle:taifuunoyoru'} (logged to /Users/fuchitalee/development/minimax-marketing/x-monitoring/data/runs/2026-07-15/enum_dead_letter.jsonl)
dead-letter enum: family=role value='unknown' context={'table': 'brands_accounts', 'brand_id': 'moonshot_kimi', 'author_id': 'handle:sio1907'} (logged to /Users/fuchitalee/development/minimax-marketing/x-monitoring/data/runs/2026-07-15/enum_dead_letter.jsonl)
dead-letter enum: family=role value='unknown' context={'table': 'brands_accounts', 'brand_id': 'moonshot_kimi', 'author_id': 'handle:RenkliIn96866'} (logged to /Users/fuchitalee/development/minimax-marketing/x-monitoring/data/runs/2026-07-15/enum_dead_letter.jsonl)
dead-letter enum: family=role value='unknown' context={'table': 'brands_accounts', 'brand_id': 'moonshot_kimi', 'author_id': 'handle:virgul81'} (logged to /Users/fuchitalee/development/minimax-marketing/x-monitoring/data/runs/2026-07-15/enum_dead_letter.jsonl)
dead-letter enum: family=role value='unknown' context={'table': 'brands_accounts', 'brand_id': 'moonshot_kimi', 'author_id': 'handle:sahinseref'} (logged to /Users/fuchitalee/development/minimax-marketing/x-monitoring/data/runs/2026-07-15/enum_dead_letter.jsonl)
dead-letter enum: family=role value='unknown' context={'table': 'brands_accounts', 'brand_id': 'moonshot_kimi', 'author_id': 'handle:thef1journal_'} (logged to /Users/fuchitalee/development/minimax-marketing/x-monitoring/data/runs/2026-07-15/enum_dead_letter.jsonl)
dead-letter enum: family=role value='unknown' context={'table': 'brands_accounts', 'brand_id': 'moonshot_kimi', 'author_id': 'handle:TheLanceloot'} (logged to /Users/fuchitalee/development/minimax-marketing/x-monitoring/data/runs/2026-07-15/enum_dead_letter.jsonl)
dead-letter enum: family=role value='unknown' context={'table': 'brands_accounts', 'brand_id': 'moonshot_kimi', 'author_id': 'handle:HayalideriNimm'} (logged to /Users/fuchitalee/development/minimax-marketing/x-monitoring/data/runs/2026-07-15/enum_dead_letter.jsonl)
dead-letter enum: family=role value='unknown' context={'table': 'brands_accounts', 'brand_id': 'moonshot_kimi', 'author_id': 'handle:OzgurErdog36009'} (logged to /Users/fuchitalee/development/minimax-marketing/x-monitoring/data/runs/2026-07-15/enum_dead_letter.jsonl)
dead-letter enum: family=role value='unknown' context={'table': 'brands_accounts', 'brand_id': 'moonshot_kimi', 'author_id': 'handle:GokhanGirayhan'} (logged to /Users/fuchitalee/development/minimax-marketing/x-monitoring/data/runs/2026-07-15/enum_dead_letter.jsonl)
dead-letter enum: family=role value='unknown' context={'table': 'brands_accounts', 'brand_id': 'moonshot_kimi', 'author_id': 'handle:ravingggeorge'} (logged to /Users/fuchitalee/development/minimax-marketing/x-monitoring/data/runs/2026-07-15/enum_dead_letter.jsonl)
dead-letter enum: family=role value='unknown' context={'table': 'brands_accounts', 'brand_id': 'moonshot_kimi', 'author_id': 'handle:bahadirswe'} (logged to /Users/fuchitalee/development/minimax-marketing/x-monitoring/data/runs/2026-07-15/enum_dead_letter.jsonl)
dead-letter enum: family=role value='unknown' context={'table': 'brands_accounts', 'brand_id': 'moonshot_kimi', 'author_id': 'handle:HousewifeN69525'} (logged to /Users/fuchitalee/development/minimax-marketing/x-monitoring/data/runs/2026-07-15/enum_dead_letter.jsonl)
dead-letter enum: family=role value='unknown' context={'table': 'brands_accounts', 'brand_id': 'moonshot_kimi', 'author_id': 'handle:FKarsanbas'} (logged to /Users/fuchitalee/development/minimax-marketing/x-monitoring/data/runs/2026-07-15/enum_dead_letter.jsonl)
dead-letter enum: family=role value='unknown' context={'table': 'brands_accounts', 'brand_id': 'moonshot_kimi', 'author_id': 'handle:MoneyballTH'} (logged to /Users/fuchitalee/development/minimax-marketing/x-monitoring/data/runs/2026-07-15/enum_dead_letter.jsonl)
dead-letter enum: family=role value='unknown' context={'table': 'brands_accounts', 'brand_id': 'moonshot_kimi', 'author_id': 'handle:babaprofesor'} (logged to /Users/fuchitalee/development/minimax-marketing/x-monitoring/data/runs/2026-07-15/enum_dead_letter.jsonl)
dead-letter enum: family=role value='unknown' context={'table': 'brands_accounts', 'brand_id': 'moonshot_kimi', 'author_id': 'handle:AvAyca'} (logged to /Users/fuchitalee/development/minimax-marketing/x-monitoring/data/runs/2026-07-15/enum_dead_letter.jsonl)
dead-letter enum: family=role value='unknown' context={'table': 'brands_accounts', 'brand_id': 'moonshot_kimi', 'author_id': 'handle:bariscoruh'} (logged to /Users/fuchitalee/development/minimax-marketing/x-monitoring/data/runs/2026-07-15/enum_dead_letter.jsonl)
dead-letter enum: family=role value='unknown' context={'table': 'brands_accounts', 'brand_id': 'moonshot_kimi', 'author_id': 'handle:HakanEr94526266'} (logged to /Users/fuchitalee/development/minimax-marketing/x-monitoring/data/runs/2026-07-15/enum_dead_letter.jsonl)
dead-letter enum: family=role value='unknown' context={'table': 'brands_accounts', 'brand_id': 'moonshot_kimi', 'author_id': 'handle:caykovskimister'} (logged to /Users/fuchitalee/development/minimax-marketing/x-monitoring/data/runs/2026-07-15/enum_dead_letter.jsonl)
dead-letter enum: family=role value='unknown' context={'table': 'brands_accounts', 'brand_id': 'moonshot_kimi', 'author_id': 'handle:OkanSaklavc'} (logged to /Users/fuchitalee/development/minimax-marketing/x-monitoring/data/runs/2026-07-15/enum_dead_letter.jsonl)
dead-letter enum: family=role value='unknown' context={'table': 'brands_accounts', 'brand_id': 'moonshot_kimi', 'author_id': 'handle:musazadeh'} (logged to /Users/fuchitalee/development/minimax-marketing/x-monitoring/data/runs/2026-07-15/enum_dead_letter.jsonl)
dead-letter enum: family=role value='unknown' context={'table': 'brands_accounts', 'brand_id': 'moonshot_kimi', 'author_id': 'handle:Muratcnaks'} (logged to /Users/fuchitalee/development/minimax-marketing/x-monitoring/data/runs/2026-07-15/enum_dead_letter.jsonl)
dead-letter enum: family=role value='unknown' context={'table': 'brands_accounts', 'brand_id': 'moonshot_kimi', 'author_id': 'handle:Galeria_Shoujo'} (logged to /Users/fuchitalee/development/minimax-marketing/x-monitoring/data/runs/2026-07-15/enum_dead_letter.jsonl)
dead-letter enum: family=role value='unknown' context={'table': 'brands_accounts', 'brand_id': 'moonshot_kimi', 'author_id': 'handle:yar2088675'} (logged to /Users/fuchitalee/development/minimax-marketing/x-monitoring/data/runs/2026-07-15/enum_dead_letter.jsonl)
dead-letter enum: family=role value='unknown' context={'table': 'brands_accounts', 'brand_id': 'moonshot_kimi', 'author_id': 'handle:benelizey'} (logged to /Users/fuchitalee/development/minimax-marketing/x-monitoring/data/runs/2026-07-15/enum_dead_letter.jsonl)
dead-letter enum: family=role value='unknown' context={'table': 'brands_accounts', 'brand_id': 'moonshot_kimi', 'author_id': 'handle:DanutPralea'} (logged to /Users/fuchitalee/development/minimax-marketing/x-monitoring/data/runs/2026-07-15/enum_dead_letter.jsonl)
dead-letter enum: family=role value='unknown' context={'table': 'brands_accounts', 'brand_id': 'moonshot_kimi', 'author_id': 'handle:Made_in_Rokh'} (logged to /Users/fuchitalee/development/minimax-marketing/x-monitoring/data/runs/2026-07-15/enum_dead_letter.jsonl)
dead-letter enum: family=role value='unknown' context={'table': 'brands_accounts', 'brand_id': 'moonshot_kimi', 'author_id': 'handle:sedatesenn55'} (logged to /Users/fuchitalee/development/minimax-marketing/x-monitoring/data/runs/2026-07-15/enum_dead_letter.jsonl)
dead-letter enum: family=role value='unknown' context={'table': 'brands_accounts', 'brand_id': 'moonshot_kimi', 'author_id': 'handle:AliEr656232'} (logged to /Users/fuchitalee/development/minimax-marketing/x-monitoring/data/runs/2026-07-15/enum_dead_letter.jsonl)
dead-letter enum: family=role value='unknown' context={'table': 'brands_accounts', 'brand_id': 'moonshot_kimi', 'author_id': 'handle:timbersdeep'} (logged to /Users/fuchitalee/development/minimax-marketing/x-monitoring/data/runs/2026-07-15/enum_dead_letter.jsonl)
dead-letter enum: family=role value='unknown' context={'table': 'brands_accounts', 'brand_id': 'moonshot_kimi', 'author_id': 'handle:caramelsmac'} (logged to /Users/fuchitalee/development/minimax-marketing/x-monitoring/data/runs/2026-07-15/enum_dead_letter.jsonl)
dead-letter enum: family=role value='unknown' context={'table': 'brands_accounts', 'brand_id': 'moonshot_kimi', 'author_id': 'handle:khudatzada'} (logged to /Users/fuchitalee/development/minimax-marketing/x-monitoring/data/runs/2026-07-15/enum_dead_letter.jsonl)
dead-letter enum: family=role value='unknown' context={'table': 'brands_accounts', 'brand_id': 'moonshot_kimi', 'author_id': 'handle:yashar5231'} (logged to /Users/fuchitalee/development/minimax-marketing/x-monitoring/data/runs/2026-07-15/enum_dead_letter.jsonl)
dead-letter enum: family=role value='unknown' context={'table': 'brands_accounts', 'brand_id': 'moonshot_kimi', 'author_id': 'handle:orx4nabbas'} (logged to /Users/fuchitalee/development/minimax-marketing/x-monitoring/data/runs/2026-07-15/enum_dead_letter.jsonl)
dead-letter enum: family=role value='unknown' context={'table': 'brands_accounts', 'brand_id': 'moonshot_kimi', 'author_id': 'handle:ysrstmknk'} (logged to /Users/fuchitalee/development/minimax-marketing/x-monitoring/data/runs/2026-07-15/enum_dead_letter.jsonl)
dead-letter enum: family=role value='unknown' context={'table': 'brands_accounts', 'brand_id': 'moonshot_kimi', 'author_id': 'handle:Puskas985376'} (logged to /Users/fuchitalee/development/minimax-marketing/x-monitoring/data/runs/2026-07-15/enum_dead_letter.jsonl)
dead-letter enum: family=role value='unknown' context={'table': 'brands_accounts', 'brand_id': 'moonshot_kimi', 'author_id': 'handle:huntsyea'} (logged to /Users/fuchitalee/development/minimax-marketing/x-monitoring/data/runs/2026-07-15/enum_dead_letter.jsonl)
dead-letter enum: family=role value='unknown' context={'table': 'brands_accounts', 'brand_id': 'moonshot_kimi', 'author_id': 'handle:garyfung'} (logged to /Users/fuchitalee/development/minimax-marketing/x-monitoring/data/runs/2026-07-15/enum_dead_letter.jsonl)
dead-letter enum: family=role value='unknown' context={'table': 'brands_accounts', 'brand_id': 'moonshot_kimi', 'author_id': 'handle:Slmn9707'} (logged to /Users/fuchitalee/development/minimax-marketing/x-monitoring/data/runs/2026-07-15/enum_dead_letter.jsonl)
dead-letter enum: family=role value='unknown' context={'table': 'brands_accounts', 'brand_id': 'moonshot_kimi', 'author_id': 'handle:zvonimir_ten'} (logged to /Users/fuchitalee/development/minimax-marketing/x-monitoring/data/runs/2026-07-15/enum_dead_letter.jsonl)
dead-letter enum: family=role value='unknown' context={'table': 'brands_accounts', 'brand_id': 'moonshot_kimi', 'author_id': 'handle:thales4427'} (logged to /Users/fuchitalee/development/minimax-marketing/x-monitoring/data/runs/2026-07-15/enum_dead_letter.jsonl)
dead-letter enum: family=role value='unknown' context={'table': 'brands_accounts', 'brand_id': 'moonshot_kimi', 'author_id': 'handle:zahiri_defender'} (logged to /Users/fuchitalee/development/minimax-marketing/x-monitoring/data/runs/2026-07-15/enum_dead_letter.jsonl)
dead-letter enum: family=role value='unknown' context={'table': 'brands_accounts', 'brand_id': 'moonshot_kimi', 'author_id': 'handle:cihanksn'} (logged to /Users/fuchitalee/development/minimax-marketing/x-monitoring/data/runs/2026-07-15/enum_dead_letter.jsonl)
dead-letter enum: family=role value='unknown' context={'table': 'brands_accounts', 'brand_id': 'moonshot_kimi', 'author_id': 'handle:senj461621'} (logged to /Users/fuchitalee/development/minimax-marketing/x-monitoring/data/runs/2026-07-15/enum_dead_letter.jsonl)
dead-letter enum: family=role value='unknown' context={'table': 'brands_accounts', 'brand_id': 'moonshot_kimi', 'author_id': 'handle:Muratsun3434'} (logged to /Users/fuchitalee/development/minimax-marketing/x-monitoring/data/runs/2026-07-15/enum_dead_letter.jsonl)
dead-letter enum: family=role value='unknown' context={'table': 'brands_accounts', 'brand_id': 'moonshot_kimi', 'author_id': 'handle:fidgetsfive'} (logged to /Users/fuchitalee/development/minimax-marketing/x-monitoring/data/runs/2026-07-15/enum_dead_letter.jsonl)
dead-letter enum: family=role value='unknown' context={'table': 'brands_accounts', 'brand_id': 'moonshot_kimi', 'author_id': 'handle:Ayedoganay60676'} (logged to /Users/fuchitalee/development/minimax-marketing/x-monitoring/data/runs/2026-07-15/enum_dead_letter.jsonl)
dead-letter enum: family=role value='unknown' context={'table': 'brands_accounts', 'brand_id': 'moonshot_kimi', 'author_id': 'handle:scikoro'} (logged to /Users/fuchitalee/development/minimax-marketing/x-monitoring/data/runs/2026-07-15/enum_dead_letter.jsonl)
dead-letter enum: family=role value='unknown' context={'table': 'brands_accounts', 'brand_id': 'moonshot_kimi', 'author_id': 'handle:najaeminkuromi'} (logged to /Users/fuchitalee/development/minimax-marketing/x-monitoring/data/runs/2026-07-15/enum_dead_letter.jsonl)
dead-letter enum: family=role value='unknown' context={'table': 'brands_accounts', 'brand_id': 'moonshot_kimi', 'author_id': 'handle:GulsevenIl84151'} (logged to /Users/fuchitalee/development/minimax-marketing/x-monitoring/data/runs/2026-07-15/enum_dead_letter.jsonl)
dead-letter enum: family=role value='unknown' context={'table': 'brands_accounts', 'brand_id': 'moonshot_kimi', 'author_id': 'handle:Uresa1086304'} (logged to /Users/fuchitalee/development/minimax-marketing/x-monitoring/data/runs/2026-07-15/enum_dead_letter.jsonl)
dead-letter enum: family=role value='unknown' context={'table': 'brands_accounts', 'brand_id': 'moonshot_kimi', 'author_id': 'handle:SauronAbi'} (logged to /Users/fuchitalee/development/minimax-marketing/x-monitoring/data/runs/2026-07-15/enum_dead_letter.jsonl)
dead-letter enum: family=role value='unknown' context={'table': 'brands_accounts', 'brand_id': 'moonshot_kimi', 'author_id': 'handle:Glycerol3314'} (logged to /Users/fuchitalee/development/minimax-marketing/x-monitoring/data/runs/2026-07-15/enum_dead_letter.jsonl)
dead-letter enum: family=role value='unknown' context={'table': 'brands_accounts', 'brand_id': 'moonshot_kimi', 'author_id': 'handle:ordekmaas'} (logged to /Users/fuchitalee/development/minimax-marketing/x-monitoring/data/runs/2026-07-15/enum_dead_letter.jsonl)
dead-letter enum: family=role value='unknown' context={'table': 'brands_accounts', 'brand_id': 'moonshot_kimi', 'author_id': 'handle:tosunx68'} (logged to /Users/fuchitalee/development/minimax-marketing/x-monitoring/data/runs/2026-07-15/enum_dead_letter.jsonl)
dead-letter enum: family=role value='unknown' context={'table': 'brands_accounts', 'brand_id': 'moonshot_kimi', 'author_id': 'handle:Tedescoyumm'} (logged to /Users/fuchitalee/development/minimax-marketing/x-monitoring/data/runs/2026-07-15/enum_dead_letter.jsonl)
dead-letter enum: family=role value='unknown' context={'table': 'brands_accounts', 'brand_id': 'moonshot_kimi', 'author_id': 'handle:vampfemgf'} (logged to /Users/fuchitalee/development/minimax-marketing/x-monitoring/data/runs/2026-07-15/enum_dead_letter.jsonl)
dead-letter enum: family=role value='unknown' context={'table': 'brands_accounts', 'brand_id': 'moonshot_kimi', 'author_id': 'handle:flynby4'} (logged to /Users/fuchitalee/development/minimax-marketing/x-monitoring/data/runs/2026-07-15/enum_dead_letter.jsonl)
dead-letter enum: family=role value='unknown' context={'table': 'brands_accounts', 'brand_id': 'moonshot_kimi', 'author_id': 'handle:1hemdm'} (logged to /Users/fuchitalee/development/minimax-marketing/x-monitoring/data/runs/2026-07-15/enum_dead_letter.jsonl)
dead-letter enum: family=role value='unknown' context={'table': 'brands_accounts', 'brand_id': 'moonshot_kimi', 'author_id': 'handle:beklan64277523'} (logged to /Users/fuchitalee/development/minimax-marketing/x-monitoring/data/runs/2026-07-15/enum_dead_letter.jsonl)
dead-letter enum: family=role value='unknown' context={'table': 'brands_accounts', 'brand_id': 'moonshot_kimi', 'author_id': 'handle:sohnderfelsen'} (logged to /Users/fuchitalee/development/minimax-marketing/x-monitoring/data/runs/2026-07-15/enum_dead_letter.jsonl)
dead-letter enum: family=role value='unknown' context={'table': 'brands_accounts', 'brand_id': 'moonshot_kimi', 'author_id': 'handle:MuratSrh64720'} (logged to /Users/fuchitalee/development/minimax-marketing/x-monitoring/data/runs/2026-07-15/enum_dead_letter.jsonl)
dead-letter enum: family=role value='unknown' context={'table': 'brands_accounts', 'brand_id': 'moonshot_kimi', 'author_id': 'handle:mrtmzlm'} (logged to /Users/fuchitalee/development/minimax-marketing/x-monitoring/data/runs/2026-07-15/enum_dead_letter.jsonl)
dead-letter enum: family=role value='unknown' context={'table': 'brands_accounts', 'brand_id': 'moonshot_kimi', 'author_id': 'handle:osmanli_61'} (logged to /Users/fuchitalee/development/minimax-marketing/x-monitoring/data/runs/2026-07-15/enum_dead_letter.jsonl)
dead-letter enum: family=role value='unknown' context={'table': 'brands_accounts', 'brand_id': 'moonshot_kimi', 'author_id': 'handle:SeyfettinOzdem8'} (logged to /Users/fuchitalee/development/minimax-marketing/x-monitoring/data/runs/2026-07-15/enum_dead_letter.jsonl)
dead-letter enum: family=role value='unknown' context={'table': 'brands_accounts', 'brand_id': 'moonshot_kimi', 'author_id': 'handle:AD_Scandal'} (logged to /Users/fuchitalee/development/minimax-marketing/x-monitoring/data/runs/2026-07-15/enum_dead_letter.jsonl)
dead-letter enum: family=role value='unknown' context={'table': 'brands_accounts', 'brand_id': 'moonshot_kimi', 'author_id': 'handle:Hakan747302'} (logged to /Users/fuchitalee/development/minimax-marketing/x-monitoring/data/runs/2026-07-15/enum_dead_letter.jsonl)
dead-letter enum: family=role value='unknown' context={'table': 'brands_accounts', 'brand_id': 'moonshot_kimi', 'author_id': 'handle:emrguersoy'} (logged to /Users/fuchitalee/development/minimax-marketing/x-monitoring/data/runs/2026-07-15/enum_dead_letter.jsonl)
dead-letter enum: family=role value='unknown' context={'table': 'brands_accounts', 'brand_id': 'moonshot_kimi', 'author_id': 'handle:goodagoodaha'} (logged to /Users/fuchitalee/development/minimax-marketing/x-monitoring/data/runs/2026-07-15/enum_dead_letter.jsonl)
dead-letter enum: family=role value='unknown' context={'table': 'brands_accounts', 'brand_id': 'moonshot_kimi', 'author_id': 'handle:Bedri40206927'} (logged to /Users/fuchitalee/development/minimax-marketing/x-monitoring/data/runs/2026-07-15/enum_dead_letter.jsonl)
dead-letter enum: family=role value='unknown' context={'table': 'brands_accounts', 'brand_id': 'moonshot_kimi', 'author_id': 'handle:martin_muraythi'} (logged to /Users/fuchitalee/development/minimax-marketing/x-monitoring/data/runs/2026-07-15/enum_dead_letter.jsonl)
dead-letter enum: family=role value='unknown' context={'table': 'brands_accounts', 'brand_id': 'moonshot_kimi', 'author_id': 'handle:mer42367645'} (logged to /Users/fuchitalee/development/minimax-marketing/x-monitoring/data/runs/2026-07-15/enum_dead_letter.jsonl)
dead-letter enum: family=role value='unknown' context={'table': 'brands_accounts', 'brand_id': 'moonshot_kimi', 'author_id': 'handle:Hakancuban45'} (logged to /Users/fuchitalee/development/minimax-marketing/x-monitoring/data/runs/2026-07-15/enum_dead_letter.jsonl)
dead-letter enum: family=role value='unknown' context={'table': 'brands_accounts', 'brand_id': 'moonshot_kimi', 'author_id': 'handle:ebrutif'} (logged to /Users/fuchitalee/development/minimax-marketing/x-monitoring/data/runs/2026-07-15/enum_dead_letter.jsonl)
dead-letter enum: family=role value='unknown' context={'table': 'brands_accounts', 'brand_id': 'moonshot_kimi', 'author_id': 'handle:KnoqEZ'} (logged to /Users/fuchitalee/development/minimax-marketing/x-monitoring/data/runs/2026-07-15/enum_dead_letter.jsonl)
dead-letter enum: family=role value='unknown' context={'table': 'brands_accounts', 'brand_id': 'moonshot_kimi', 'author_id': 'handle:nehardiyorum'} (logged to /Users/fuchitalee/development/minimax-marketing/x-monitoring/data/runs/2026-07-15/enum_dead_letter.jsonl)
dead-letter enum: family=role value='unknown' context={'table': 'brands_accounts', 'brand_id': 'moonshot_kimi', 'author_id': 'handle:itsvannpyre'} (logged to /Users/fuchitalee/development/minimax-marketing/x-monitoring/data/runs/2026-07-15/enum_dead_letter.jsonl)
dead-letter enum: family=role value='unknown' context={'table': 'brands_accounts', 'brand_id': 'moonshot_kimi', 'author_id': 'handle:tolgahantuq'} (logged to /Users/fuchitalee/development/minimax-marketing/x-monitoring/data/runs/2026-07-15/enum_dead_letter.jsonl)
dead-letter enum: family=role value='unknown' context={'table': 'brands_accounts', 'brand_id': 'moonshot_kimi', 'author_id': 'handle:CrownGFX__'} (logged to /Users/fuchitalee/development/minimax-marketing/x-monitoring/data/runs/2026-07-15/enum_dead_letter.jsonl)
dead-letter enum: family=role value='unknown' context={'table': 'brands_accounts', 'brand_id': 'moonshot_kimi', 'author_id': 'handle:pengunjungteras'} (logged to /Users/fuchitalee/development/minimax-marketing/x-monitoring/data/runs/2026-07-15/enum_dead_letter.jsonl)
dead-letter enum: family=role value='unknown' context={'table': 'brands_accounts', 'brand_id': 'moonshot_kimi', 'author_id': 'handle:kreestee15'} (logged to /Users/fuchitalee/development/minimax-marketing/x-monitoring/data/runs/2026-07-15/enum_dead_letter.jsonl)
dead-letter enum: family=role value='unknown' context={'table': 'brands_accounts', 'brand_id': 'moonshot_kimi', 'author_id': 'handle:Garabed96'} (logged to /Users/fuchitalee/development/minimax-marketing/x-monitoring/data/runs/2026-07-15/enum_dead_letter.jsonl)
dead-letter enum: family=role value='unknown' context={'table': 'brands_accounts', 'brand_id': 'moonshot_kimi', 'author_id': 'handle:zeylunee'} (logged to /Users/fuchitalee/development/minimax-marketing/x-monitoring/data/runs/2026-07-15/enum_dead_letter.jsonl)
dead-letter enum: family=role value='unknown' context={'table': 'brands_accounts', 'brand_id': 'moonshot_kimi', 'author_id': 'handle:SportCourtLaw'} (logged to /Users/fuchitalee/development/minimax-marketing/x-monitoring/data/runs/2026-07-15/enum_dead_letter.jsonl)
dead-letter enum: family=role value='unknown' context={'table': 'brands_accounts', 'brand_id': 'moonshot_kimi', 'author_id': 'handle:cace_v2'} (logged to /Users/fuchitalee/development/minimax-marketing/x-monitoring/data/runs/2026-07-15/enum_dead_letter.jsonl)
dead-letter enum: family=role value='unknown' context={'table': 'brands_accounts', 'brand_id': 'moonshot_kimi', 'author_id': 'handle:freeriot650'} (logged to /Users/fuchitalee/development/minimax-marketing/x-monitoring/data/runs/2026-07-15/enum_dead_letter.jsonl)
dead-letter enum: family=role value='unknown' context={'table': 'brands_accounts', 'brand_id': 'moonshot_kimi', 'author_id': 'handle:ciaramiyue'} (logged to /Users/fuchitalee/development/minimax-marketing/x-monitoring/data/runs/2026-07-15/enum_dead_letter.jsonl)
dead-letter enum: family=role value='unknown' context={'table': 'brands_accounts', 'brand_id': 'moonshot_kimi', 'author_id': 'handle:ashalzaryab'} (logged to /Users/fuchitalee/development/minimax-marketing/x-monitoring/data/runs/2026-07-15/enum_dead_letter.jsonl)
dead-letter enum: family=role value='unknown' context={'table': 'brands_accounts', 'brand_id': 'moonshot_kimi', 'author_id': 'handle:sldozbayraktar'} (logged to /Users/fuchitalee/development/minimax-marketing/x-monitoring/data/runs/2026-07-15/enum_dead_letter.jsonl)
dead-letter enum: family=role value='unknown' context={'table': 'brands_accounts', 'brand_id': 'moonshot_kimi', 'author_id': 'handle:mustafaercan786'} (logged to /Users/fuchitalee/development/minimax-marketing/x-monitoring/data/runs/2026-07-15/enum_dead_letter.jsonl)
dead-letter enum: family=role value='unknown' context={'table': 'brands_accounts', 'brand_id': 'moonshot_kimi', 'author_id': 'handle:aksiiburadaa'} (logged to /Users/fuchitalee/development/minimax-marketing/x-monitoring/data/runs/2026-07-15/enum_dead_letter.jsonl)
dead-letter enum: family=role value='unknown' context={'table': 'brands_accounts', 'brand_id': 'moonshot_kimi', 'author_id': 'handle:HamzaDag1'} (logged to /Users/fuchitalee/development/minimax-marketing/x-monitoring/data/runs/2026-07-15/enum_dead_letter.jsonl)
dead-letter enum: family=role value='unknown' context={'table': 'brands_accounts', 'brand_id': 'moonshot_kimi', 'author_id': 'handle:uur_yusuf'} (logged to /Users/fuchitalee/development/minimax-marketing/x-monitoring/data/runs/2026-07-15/enum_dead_letter.jsonl)
dead-letter enum: family=role value='unknown' context={'table': 'brands_accounts', 'brand_id': 'moonshot_kimi', 'author_id': 'handle:FurkanA66099'} (logged to /Users/fuchitalee/development/minimax-marketing/x-monitoring/data/runs/2026-07-15/enum_dead_letter.jsonl)
dead-letter enum: family=role value='unknown' context={'table': 'brands_accounts', 'brand_id': 'moonshot_kimi', 'author_id': 'handle:jonatha38983153'} (logged to /Users/fuchitalee/development/minimax-marketing/x-monitoring/data/runs/2026-07-15/enum_dead_letter.jsonl)
dead-letter enum: family=role value='unknown' context={'table': 'brands_accounts', 'brand_id': 'moonshot_kimi', 'author_id': 'handle:maverizm'} (logged to /Users/fuchitalee/development/minimax-marketing/x-monitoring/data/runs/2026-07-15/enum_dead_letter.jsonl)
dead-letter enum: family=role value='unknown' context={'table': 'brands_accounts', 'brand_id': 'moonshot_kimi', 'author_id': 'handle:Mehmetyeilaa3'} (logged to /Users/fuchitalee/development/minimax-marketing/x-monitoring/data/runs/2026-07-15/enum_dead_letter.jsonl)
dead-letter enum: family=role value='unknown' context={'table': 'brands_accounts', 'brand_id': 'moonshot_kimi', 'author_id': 'handle:romanor_11'} (logged to /Users/fuchitalee/development/minimax-marketing/x-monitoring/data/runs/2026-07-15/enum_dead_letter.jsonl)
dead-letter enum: family=role value='unknown' context={'table': 'brands_accounts', 'brand_id': 'moonshot_kimi', 'author_id': 'handle:pascalinkumari'} (logged to /Users/fuchitalee/development/minimax-marketing/x-monitoring/data/runs/2026-07-15/enum_dead_letter.jsonl)
dead-letter enum: family=role value='unknown' context={'table': 'brands_accounts', 'brand_id': 'moonshot_kimi', 'author_id': 'handle:yanglupa26'} (logged to /Users/fuchitalee/development/minimax-marketing/x-monitoring/data/runs/2026-07-15/enum_dead_letter.jsonl)
dead-letter enum: family=role value='unknown' context={'table': 'brands_accounts', 'brand_id': 'moonshot_kimi', 'author_id': 'handle:GOAT04NEVES'} (logged to /Users/fuchitalee/development/minimax-marketing/x-monitoring/data/runs/2026-07-15/enum_dead_letter.jsonl)
dead-letter enum: family=role value='unknown' context={'table': 'brands_accounts', 'brand_id': 'moonshot_kimi', 'author_id': 'handle:cont_alt_del'} (logged to /Users/fuchitalee/development/minimax-marketing/x-monitoring/data/runs/2026-07-15/enum_dead_letter.jsonl)
dead-letter enum: family=role value='unknown' context={'table': 'brands_accounts', 'brand_id': 'moonshot_kimi', 'author_id': 'handle:bixiSamsunspor'} (logged to /Users/fuchitalee/development/minimax-marketing/x-monitoring/data/runs/2026-07-15/enum_dead_letter.jsonl)
dead-letter enum: family=role value='unknown' context={'table': 'brands_accounts', 'brand_id': 'moonshot_kimi', 'author_id': 'handle:nairolf1337'} (logged to /Users/fuchitalee/development/minimax-marketing/x-monitoring/data/runs/2026-07-15/enum_dead_letter.jsonl)
dead-letter enum: family=role value='unknown' context={'table': 'brands_accounts', 'brand_id': 'moonshot_kimi', 'author_id': 'handle:mustafac1976'} (logged to /Users/fuchitalee/development/minimax-marketing/x-monitoring/data/runs/2026-07-15/enum_dead_letter.jsonl)
dead-letter enum: family=role value='unknown' context={'table': 'brands_accounts', 'brand_id': 'moonshot_kimi', 'author_id': 'handle:waybe84'} (logged to /Users/fuchitalee/development/minimax-marketing/x-monitoring/data/runs/2026-07-15/enum_dead_letter.jsonl)
dead-letter enum: family=role value='unknown' context={'table': 'brands_accounts', 'brand_id': 'moonshot_kimi', 'author_id': 'handle:dev_maims'} (logged to /Users/fuchitalee/development/minimax-marketing/x-monitoring/data/runs/2026-07-15/enum_dead_letter.jsonl)
dead-letter enum: family=role value='unknown' context={'table': 'brands_accounts', 'brand_id': 'moonshot_kimi', 'author_id': 'handle:SanthProject'} (logged to /Users/fuchitalee/development/minimax-marketing/x-monitoring/data/runs/2026-07-15/enum_dead_letter.jsonl)
dead-letter enum: family=role value='unknown' context={'table': 'brands_accounts', 'brand_id': 'moonshot_kimi', 'author_id': 'handle:219hrs'} (logged to /Users/fuchitalee/development/minimax-marketing/x-monitoring/data/runs/2026-07-15/enum_dead_letter.jsonl)
dead-letter enum: family=role value='unknown' context={'table': 'brands_accounts', 'brand_id': 'moonshot_kimi', 'author_id': 'handle:SushiWarui'} (logged to /Users/fuchitalee/development/minimax-marketing/x-monitoring/data/runs/2026-07-15/enum_dead_letter.jsonl)
dead-letter enum: family=role value='unknown' context={'table': 'brands_accounts', 'brand_id': 'moonshot_kimi', 'author_id': 'handle:starryskyfever'} (logged to /Users/fuchitalee/development/minimax-marketing/x-monitoring/data/runs/2026-07-15/enum_dead_letter.jsonl)
dead-letter enum: family=role value='unknown' context={'table': 'brands_accounts', 'brand_id': 'moonshot_kimi', 'author_id': 'handle:TMO_22_'} (logged to /Users/fuchitalee/development/minimax-marketing/x-monitoring/data/runs/2026-07-15/enum_dead_letter.jsonl)
dead-letter enum: family=role value='unknown' context={'table': 'brands_accounts', 'brand_id': 'moonshot_kimi', 'author_id': 'handle:avenuelevens'} (logged to /Users/fuchitalee/development/minimax-marketing/x-monitoring/data/runs/2026-07-15/enum_dead_letter.jsonl)
dead-letter enum: family=role value='unknown' context={'table': 'brands_accounts', 'brand_id': 'moonshot_kimi', 'author_id': 'handle:fairtalemelf'} (logged to /Users/fuchitalee/development/minimax-marketing/x-monitoring/data/runs/2026-07-15/enum_dead_letter.jsonl)
dead-letter enum: family=role value='unknown' context={'table': 'brands_accounts', 'brand_id': 'moonshot_kimi', 'author_id': 'handle:hsyncn87'} (logged to /Users/fuchitalee/development/minimax-marketing/x-monitoring/data/runs/2026-07-15/enum_dead_letter.jsonl)
dead-letter enum: family=role value='unknown' context={'table': 'brands_accounts', 'brand_id': 'moonshot_kimi', 'author_id': 'handle:AliserRizgar'} (logged to /Users/fuchitalee/development/minimax-marketing/x-monitoring/data/runs/2026-07-15/enum_dead_letter.jsonl)
dead-letter enum: family=role value='unknown' context={'table': 'brands_accounts', 'brand_id': 'moonshot_kimi', 'author_id': 'handle:Verox57s'} (logged to /Users/fuchitalee/development/minimax-marketing/x-monitoring/data/runs/2026-07-15/enum_dead_letter.jsonl)
dead-letter enum: family=role value='unknown' context={'table': 'brands_accounts', 'brand_id': 'moonshot_kimi', 'author_id': 'handle:DavidHawkins34'} (logged to /Users/fuchitalee/development/minimax-marketing/x-monitoring/data/runs/2026-07-15/enum_dead_letter.jsonl)
dead-letter enum: family=role value='unknown' context={'table': 'brands_accounts', 'brand_id': 'moonshot_kimi', 'author_id': 'handle:Obezbisakinol'} (logged to /Users/fuchitalee/development/minimax-marketing/x-monitoring/data/runs/2026-07-15/enum_dead_letter.jsonl)
dead-letter enum: family=role value='unknown' context={'table': 'brands_accounts', 'brand_id': 'moonshot_kimi', 'author_id': 'handle:VERSTEBAN'} (logged to /Users/fuchitalee/development/minimax-marketing/x-monitoring/data/runs/2026-07-15/enum_dead_letter.jsonl)
dead-letter enum: family=role value='unknown' context={'table': 'brands_accounts', 'brand_id': 'moonshot_kimi', 'author_id': 'handle:AydoganA53'} (logged to /Users/fuchitalee/development/minimax-marketing/x-monitoring/data/runs/2026-07-15/enum_dead_letter.jsonl)
dead-letter enum: family=role value='unknown' context={'table': 'brands_accounts', 'brand_id': 'moonshot_kimi', 'author_id': 'handle:grandealp99'} (logged to /Users/fuchitalee/development/minimax-marketing/x-monitoring/data/runs/2026-07-15/enum_dead_letter.jsonl)
dead-letter enum: family=role value='unknown' context={'table': 'brands_accounts', 'brand_id': 'moonshot_kimi', 'author_id': 'handle:Aho_Serval'} (logged to /Users/fuchitalee/development/minimax-marketing/x-monitoring/data/runs/2026-07-15/enum_dead_letter.jsonl)
dead-letter enum: family=role value='unknown' context={'table': 'brands_accounts', 'brand_id': 'moonshot_kimi', 'author_id': 'handle:hatic24586'} (logged to /Users/fuchitalee/development/minimax-marketing/x-monitoring/data/runs/2026-07-15/enum_dead_letter.jsonl)
dead-letter enum: family=role value='unknown' context={'table': 'brands_accounts', 'brand_id': 'moonshot_kimi', 'author_id': 'handle:shadoWings1903'} (logged to /Users/fuchitalee/development/minimax-marketing/x-monitoring/data/runs/2026-07-15/enum_dead_letter.jsonl)
dead-letter enum: family=role value='unknown' context={'table': 'brands_accounts', 'brand_id': 'moonshot_kimi', 'author_id': 'handle:coretanery'} (logged to /Users/fuchitalee/development/minimax-marketing/x-monitoring/data/runs/2026-07-15/enum_dead_letter.jsonl)
dead-letter enum: family=role value='unknown' context={'table': 'brands_accounts', 'brand_id': 'moonshot_kimi', 'author_id': 'handle:araftainfaz'} (logged to /Users/fuchitalee/development/minimax-marketing/x-monitoring/data/runs/2026-07-15/enum_dead_letter.jsonl)
dead-letter enum: family=role value='unknown' context={'table': 'brands_accounts', 'brand_id': 'moonshot_kimi', 'author_id': 'handle:hynbgl'} (logged to /Users/fuchitalee/development/minimax-marketing/x-monitoring/data/runs/2026-07-15/enum_dead_letter.jsonl)
dead-letter enum: family=role value='unknown' context={'table': 'brands_accounts', 'brand_id': 'moonshot_kimi', 'author_id': 'handle:NWD_Blockchains'} (logged to /Users/fuchitalee/development/minimax-marketing/x-monitoring/data/runs/2026-07-15/enum_dead_letter.jsonl)
dead-letter enum: family=role value='unknown' context={'table': 'brands_accounts', 'brand_id': 'moonshot_kimi', 'author_id': 'handle:zeraisteaa'} (logged to /Users/fuchitalee/development/minimax-marketing/x-monitoring/data/runs/2026-07-15/enum_dead_letter.jsonl)
dead-letter enum: family=role value='unknown' context={'table': 'brands_accounts', 'brand_id': 'moonshot_kimi', 'author_id': 'handle:bygregorr'} (logged to /Users/fuchitalee/development/minimax-marketing/x-monitoring/data/runs/2026-07-15/enum_dead_letter.jsonl)
dead-letter enum: family=role value='unknown' context={'table': 'brands_accounts', 'brand_id': 'moonshot_kimi', 'author_id': 'handle:ww2_history1945'} (logged to /Users/fuchitalee/development/minimax-marketing/x-monitoring/data/runs/2026-07-15/enum_dead_letter.jsonl)
dead-letter enum: family=role value='unknown' context={'table': 'brands_accounts', 'brand_id': 'moonshot_kimi', 'author_id': 'handle:besiktaizm'} (logged to /Users/fuchitalee/development/minimax-marketing/x-monitoring/data/runs/2026-07-15/enum_dead_letter.jsonl)
dead-letter enum: family=role value='unknown' context={'table': 'brands_accounts', 'brand_id': 'moonshot_kimi', 'author_id': 'handle:qurbanelii'} (logged to /Users/fuchitalee/development/minimax-marketing/x-monitoring/data/runs/2026-07-15/enum_dead_letter.jsonl)
dead-letter enum: family=role value='unknown' context={'table': 'brands_accounts', 'brand_id': 'moonshot_kimi', 'author_id': 'handle:KSevgip'} (logged to /Users/fuchitalee/development/minimax-marketing/x-monitoring/data/runs/2026-07-15/enum_dead_letter.jsonl)
dead-letter enum: family=role value='unknown' context={'table': 'brands_accounts', 'brand_id': 'moonshot_kimi', 'author_id': 'handle:_bruhcedes'} (logged to /Users/fuchitalee/development/minimax-marketing/x-monitoring/data/runs/2026-07-15/enum_dead_letter.jsonl)
dead-letter enum: family=role value='unknown' context={'table': 'brands_accounts', 'brand_id': 'moonshot_kimi', 'author_id': 'handle:Mam_2172'} (logged to /Users/fuchitalee/development/minimax-marketing/x-monitoring/data/runs/2026-07-15/enum_dead_letter.jsonl)
dead-letter enum: family=role value='unknown' context={'table': 'brands_accounts', 'brand_id': 'moonshot_kimi', 'author_id': 'handle:LunarionVtuber'} (logged to /Users/fuchitalee/development/minimax-marketing/x-monitoring/data/runs/2026-07-15/enum_dead_letter.jsonl)
dead-letter enum: family=role value='unknown' context={'table': 'brands_accounts', 'brand_id': 'moonshot_kimi', 'author_id': 'handle:amin_heh'} (logged to /Users/fuchitalee/development/minimax-marketing/x-monitoring/data/runs/2026-07-15/enum_dead_letter.jsonl)
dead-letter enum: family=role value='unknown' context={'table': 'brands_accounts', 'brand_id': 'moonshot_kimi', 'author_id': 'handle:CDS_1980_'} (logged to /Users/fuchitalee/development/minimax-marketing/x-monitoring/data/runs/2026-07-15/enum_dead_letter.jsonl)
dead-letter enum: family=role value='unknown' context={'table': 'brands_accounts', 'brand_id': 'moonshot_kimi', 'author_id': 'handle:rusperest_m'} (logged to /Users/fuchitalee/development/minimax-marketing/x-monitoring/data/runs/2026-07-15/enum_dead_letter.jsonl)
dead-letter enum: family=role value='unknown' context={'table': 'brands_accounts', 'brand_id': 'moonshot_kimi', 'author_id': 'handle:kartallyuksek'} (logged to /Users/fuchitalee/development/minimax-marketing/x-monitoring/data/runs/2026-07-15/enum_dead_letter.jsonl)
dead-letter enum: family=role value='unknown' context={'table': 'brands_accounts', 'brand_id': 'moonshot_kimi', 'author_id': 'handle:tassyaapr'} (logged to /Users/fuchitalee/development/minimax-marketing/x-monitoring/data/runs/2026-07-15/enum_dead_letter.jsonl)
dead-letter enum: family=role value='unknown' context={'table': 'brands_accounts', 'brand_id': 'moonshot_kimi', 'author_id': 'handle:_col4pintonic3_'} (logged to /Users/fuchitalee/development/minimax-marketing/x-monitoring/data/runs/2026-07-15/enum_dead_letter.jsonl)
dead-letter enum: family=role value='unknown' context={'table': 'brands_accounts', 'brand_id': 'moonshot_kimi', 'author_id': 'handle:ckmakara'} (logged to /Users/fuchitalee/development/minimax-marketing/x-monitoring/data/runs/2026-07-15/enum_dead_letter.jsonl)
dead-letter enum: family=role value='unknown' context={'table': 'brands_accounts', 'brand_id': 'moonshot_kimi', 'author_id': 'handle:desuusagi_'} (logged to /Users/fuchitalee/development/minimax-marketing/x-monitoring/data/runs/2026-07-15/enum_dead_letter.jsonl)
dead-letter enum: family=role value='unknown' context={'table': 'brands_accounts', 'brand_id': 'moonshot_kimi', 'author_id': 'handle:HasanGlmen'} (logged to /Users/fuchitalee/development/minimax-marketing/x-monitoring/data/runs/2026-07-15/enum_dead_letter.jsonl)
dead-letter enum: family=role value='unknown' context={'table': 'brands_accounts', 'brand_id': 'moonshot_kimi', 'author_id': 'handle:ABDULHAMD933671'} (logged to /Users/fuchitalee/development/minimax-marketing/x-monitoring/data/runs/2026-07-15/enum_dead_letter.jsonl)
dead-letter enum: family=role value='unknown' context={'table': 'brands_accounts', 'brand_id': 'moonshot_kimi', 'author_id': 'handle:0ttik1'} (logged to /Users/fuchitalee/development/minimax-marketing/x-monitoring/data/runs/2026-07-15/enum_dead_letter.jsonl)
dead-letter enum: family=role value='unknown' context={'table': 'brands_accounts', 'brand_id': 'moonshot_kimi', 'author_id': 'handle:bakalimdr'} (logged to /Users/fuchitalee/development/minimax-marketing/x-monitoring/data/runs/2026-07-15/enum_dead_letter.jsonl)
dead-letter enum: family=role value='unknown' context={'table': 'brands_accounts', 'brand_id': 'moonshot_kimi', 'author_id': 'handle:ggazo4142'} (logged to /Users/fuchitalee/development/minimax-marketing/x-monitoring/data/runs/2026-07-15/enum_dead_letter.jsonl)
dead-letter enum: family=role value='unknown' context={'table': 'brands_accounts', 'brand_id': 'moonshot_kimi', 'author_id': 'handle:thisisvinzanity'} (logged to /Users/fuchitalee/development/minimax-marketing/x-monitoring/data/runs/2026-07-15/enum_dead_letter.jsonl)
dead-letter enum: family=role value='unknown' context={'table': 'brands_accounts', 'brand_id': 'moonshot_kimi', 'author_id': 'handle:AliGl20280555'} (logged to /Users/fuchitalee/development/minimax-marketing/x-monitoring/data/runs/2026-07-15/enum_dead_letter.jsonl)
dead-letter enum: family=role value='unknown' context={'table': 'brands_accounts', 'brand_id': 'moonshot_kimi', 'author_id': 'handle:atardalatte'} (logged to /Users/fuchitalee/development/minimax-marketing/x-monitoring/data/runs/2026-07-15/enum_dead_letter.jsonl)
dead-letter enum: family=role value='unknown' context={'table': 'brands_accounts', 'brand_id': 'moonshot_kimi', 'author_id': 'handle:martindabuilder'} (logged to /Users/fuchitalee/development/minimax-marketing/x-monitoring/data/runs/2026-07-15/enum_dead_letter.jsonl)
dead-letter enum: family=role value='unknown' context={'table': 'brands_accounts', 'brand_id': 'moonshot_kimi', 'author_id': 'handle:starboymegumi'} (logged to /Users/fuchitalee/development/minimax-marketing/x-monitoring/data/runs/2026-07-15/enum_dead_letter.jsonl)
dead-letter enum: family=role value='unknown' context={'table': 'brands_accounts', 'brand_id': 'moonshot_kimi', 'author_id': 'handle:MSocket65571'} (logged to /Users/fuchitalee/development/minimax-marketing/x-monitoring/data/runs/2026-07-15/enum_dead_letter.jsonl)
dead-letter enum: family=role value='unknown' context={'table': 'brands_accounts', 'brand_id': 'moonshot_kimi', 'author_id': 'handle:garibanize'} (logged to /Users/fuchitalee/development/minimax-marketing/x-monitoring/data/runs/2026-07-15/enum_dead_letter.jsonl)
dead-letter enum: family=role value='unknown' context={'table': 'brands_accounts', 'brand_id': 'moonshot_kimi', 'author_id': 'handle:xdrdrdr'} (logged to /Users/fuchitalee/development/minimax-marketing/x-monitoring/data/runs/2026-07-15/enum_dead_letter.jsonl)
dead-letter enum: family=role value='unknown' context={'table': 'brands_accounts', 'brand_id': 'moonshot_kimi', 'author_id': 'handle:lazymlguy'} (logged to /Users/fuchitalee/development/minimax-marketing/x-monitoring/data/runs/2026-07-15/enum_dead_letter.jsonl)
dead-letter enum: family=role value='unknown' context={'table': 'brands_accounts', 'brand_id': 'moonshot_kimi', 'author_id': 'handle:IdoDino45129'} (logged to /Users/fuchitalee/development/minimax-marketing/x-monitoring/data/runs/2026-07-15/enum_dead_letter.jsonl)
dead-letter enum: family=role value='unknown' context={'table': 'brands_accounts', 'brand_id': 'moonshot_kimi', 'author_id': 'handle:MessiKaTatta'} (logged to /Users/fuchitalee/development/minimax-marketing/x-monitoring/data/runs/2026-07-15/enum_dead_letter.jsonl)
dead-letter enum: family=role value='unknown' context={'table': 'brands_accounts', 'brand_id': 'moonshot_kimi', 'author_id': 'handle:ersinkoc'} (logged to /Users/fuchitalee/development/minimax-marketing/x-monitoring/data/runs/2026-07-15/enum_dead_letter.jsonl)
dead-letter enum: family=role value='unknown' context={'table': 'brands_accounts', 'brand_id': 'moonshot_kimi', 'author_id': 'handle:k_busbus'} (logged to /Users/fuchitalee/development/minimax-marketing/x-monitoring/data/runs/2026-07-15/enum_dead_letter.jsonl)
dead-letter enum: family=role value='unknown' context={'table': 'brands_accounts', 'brand_id': 'moonshot_kimi', 'author_id': 'handle:KadayifKerim'} (logged to /Users/fuchitalee/development/minimax-marketing/x-monitoring/data/runs/2026-07-15/enum_dead_letter.jsonl)
dead-letter enum: family=role value='unknown' context={'table': 'brands_accounts', 'brand_id': 'moonshot_kimi', 'author_id': 'handle:Seoju_sjh'} (logged to /Users/fuchitalee/development/minimax-marketing/x-monitoring/data/runs/2026-07-15/enum_dead_letter.jsonl)
dead-letter enum: family=role value='unknown' context={'table': 'brands_accounts', 'brand_id': 'moonshot_kimi', 'author_id': 'handle:monetochkaa_'} (logged to /Users/fuchitalee/development/minimax-marketing/x-monitoring/data/runs/2026-07-15/enum_dead_letter.jsonl)
dead-letter enum: family=role value='unknown' context={'table': 'brands_accounts', 'brand_id': 'moonshot_kimi', 'author_id': 'handle:Aakinca1634'} (logged to /Users/fuchitalee/development/minimax-marketing/x-monitoring/data/runs/2026-07-15/enum_dead_letter.jsonl)
dead-letter enum: family=role value='unknown' context={'table': 'brands_accounts', 'brand_id': 'moonshot_kimi', 'author_id': 'handle:oozguurr07'} (logged to /Users/fuchitalee/development/minimax-marketing/x-monitoring/data/runs/2026-07-15/enum_dead_letter.jsonl)
dead-letter enum: family=role value='unknown' context={'table': 'brands_accounts', 'brand_id': 'moonshot_kimi', 'author_id': 'handle:KadirTeke98929'} (logged to /Users/fuchitalee/development/minimax-marketing/x-monitoring/data/runs/2026-07-15/enum_dead_letter.jsonl)
dead-letter enum: family=role value='unknown' context={'table': 'brands_accounts', 'brand_id': 'moonshot_kimi', 'author_id': 'handle:eZeason24'} (logged to /Users/fuchitalee/development/minimax-marketing/x-monitoring/data/runs/2026-07-15/enum_dead_letter.jsonl)
dead-letter enum: family=role value='unknown' context={'table': 'brands_accounts', 'brand_id': 'moonshot_kimi', 'author_id': 'handle:kingcansbo'} (logged to /Users/fuchitalee/development/minimax-marketing/x-monitoring/data/runs/2026-07-15/enum_dead_letter.jsonl)
dead-letter enum: family=role value='unknown' context={'table': 'brands_accounts', 'brand_id': 'moonshot_kimi', 'author_id': 'handle:spicebands'} (logged to /Users/fuchitalee/development/minimax-marketing/x-monitoring/data/runs/2026-07-15/enum_dead_letter.jsonl)
dead-letter enum: family=role value='unknown' context={'table': 'brands_accounts', 'brand_id': 'moonshot_kimi', 'author_id': 'handle:oguzcun'} (logged to /Users/fuchitalee/development/minimax-marketing/x-monitoring/data/runs/2026-07-15/enum_dead_letter.jsonl)
dead-letter enum: family=role value='unknown' context={'table': 'brands_accounts', 'brand_id': 'moonshot_kimi', 'author_id': 'handle:BalkTurgut'} (logged to /Users/fuchitalee/development/minimax-marketing/x-monitoring/data/runs/2026-07-15/enum_dead_letter.jsonl)
dead-letter enum: family=role value='unknown' context={'table': 'brands_accounts', 'brand_id': 'moonshot_kimi', 'author_id': 'handle:CorneliaSeewig'} (logged to /Users/fuchitalee/development/minimax-marketing/x-monitoring/data/runs/2026-07-15/enum_dead_letter.jsonl)
dead-letter enum: family=role value='unknown' context={'table': 'brands_accounts', 'brand_id': 'moonshot_kimi', 'author_id': 'handle:fiilanlar'} (logged to /Users/fuchitalee/development/minimax-marketing/x-monitoring/data/runs/2026-07-15/enum_dead_letter.jsonl)
dead-letter enum: family=role value='unknown' context={'table': 'brands_accounts', 'brand_id': 'moonshot_kimi', 'author_id': 'handle:HakMukaddes1907'} (logged to /Users/fuchitalee/development/minimax-marketing/x-monitoring/data/runs/2026-07-15/enum_dead_letter.jsonl)
dead-letter enum: family=role value='unknown' context={'table': 'brands_accounts', 'brand_id': 'moonshot_kimi', 'author_id': 'handle:kartlarinyolu'} (logged to /Users/fuchitalee/development/minimax-marketing/x-monitoring/data/runs/2026-07-15/enum_dead_letter.jsonl)
dead-letter enum: family=role value='unknown' context={'table': 'brands_accounts', 'brand_id': 'moonshot_kimi', 'author_id': 'handle:descent87677'} (logged to /Users/fuchitalee/development/minimax-marketing/x-monitoring/data/runs/2026-07-15/enum_dead_letter.jsonl)
dead-letter enum: family=role value='unknown' context={'table': 'brands_accounts', 'brand_id': 'moonshot_kimi', 'author_id': 'handle:Miryam506759870'} (logged to /Users/fuchitalee/development/minimax-marketing/x-monitoring/data/runs/2026-07-15/enum_dead_letter.jsonl)
dead-letter enum: family=role value='unknown' context={'table': 'brands_accounts', 'brand_id': 'moonshot_kimi', 'author_id': 'handle:rukissenam'} (logged to /Users/fuchitalee/development/minimax-marketing/x-monitoring/data/runs/2026-07-15/enum_dead_letter.jsonl)
dead-letter enum: family=role value='unknown' context={'table': 'brands_accounts', 'brand_id': 'moonshot_kimi', 'author_id': 'handle:ArzuMelikovha'} (logged to /Users/fuchitalee/development/minimax-marketing/x-monitoring/data/runs/2026-07-15/enum_dead_letter.jsonl)
dead-letter enum: family=role value='unknown' context={'table': 'brands_accounts', 'brand_id': 'moonshot_kimi', 'author_id': 'handle:SerkanK21239875'} (logged to /Users/fuchitalee/development/minimax-marketing/x-monitoring/data/runs/2026-07-15/enum_dead_letter.jsonl)
dead-letter enum: family=role value='unknown' context={'table': 'brands_accounts', 'brand_id': 'moonshot_kimi', 'author_id': 'handle:rockastrixx'} (logged to /Users/fuchitalee/development/minimax-marketing/x-monitoring/data/runs/2026-07-15/enum_dead_letter.jsonl)
dead-letter enum: family=role value='unknown' context={'table': 'brands_accounts', 'brand_id': 'moonshot_kimi', 'author_id': 'handle:1881_Ataturk_'} (logged to /Users/fuchitalee/development/minimax-marketing/x-monitoring/data/runs/2026-07-15/enum_dead_letter.jsonl)
dead-letter enum: family=role value='unknown' context={'table': 'brands_accounts', 'brand_id': 'moonshot_kimi', 'author_id': 'handle:alex_warne'} (logged to /Users/fuchitalee/development/minimax-marketing/x-monitoring/data/runs/2026-07-15/enum_dead_letter.jsonl)
dead-letter enum: family=role value='unknown' context={'table': 'brands_accounts', 'brand_id': 'moonshot_kimi', 'author_id': 'handle:AEGYOPHOBlA'} (logged to /Users/fuchitalee/development/minimax-marketing/x-monitoring/data/runs/2026-07-15/enum_dead_letter.jsonl)
dead-letter enum: family=role value='unknown' context={'table': 'brands_accounts', 'brand_id': 'moonshot_kimi', 'author_id': 'handle:starmexxx'} (logged to /Users/fuchitalee/development/minimax-marketing/x-monitoring/data/runs/2026-07-15/enum_dead_letter.jsonl)
dead-letter enum: family=role value='unknown' context={'table': 'brands_accounts', 'brand_id': 'moonshot_kimi', 'author_id': 'handle:MemoTheDefender'} (logged to /Users/fuchitalee/development/minimax-marketing/x-monitoring/data/runs/2026-07-15/enum_dead_letter.jsonl)
dead-letter enum: family=role value='unknown' context={'table': 'brands_accounts', 'brand_id': 'moonshot_kimi', 'author_id': 'handle:Heeseungiloveyo'} (logged to /Users/fuchitalee/development/minimax-marketing/x-monitoring/data/runs/2026-07-15/enum_dead_letter.jsonl)
dead-letter enum: family=role value='unknown' context={'table': 'brands_accounts', 'brand_id': 'moonshot_kimi', 'author_id': 'handle:zaynesbeauty'} (logged to /Users/fuchitalee/development/minimax-marketing/x-monitoring/data/runs/2026-07-15/enum_dead_letter.jsonl)
dead-letter enum: family=role value='unknown' context={'table': 'brands_accounts', 'brand_id': 'moonshot_kimi', 'author_id': 'handle:emre__ozturk78'} (logged to /Users/fuchitalee/development/minimax-marketing/x-monitoring/data/runs/2026-07-15/enum_dead_letter.jsonl)
dead-letter enum: family=role value='unknown' context={'table': 'brands_accounts', 'brand_id': 'moonshot_kimi', 'author_id': 'handle:Akhnus'} (logged to /Users/fuchitalee/development/minimax-marketing/x-monitoring/data/runs/2026-07-15/enum_dead_letter.jsonl)
dead-letter enum: family=role value='unknown' context={'table': 'brands_accounts', 'brand_id': 'moonshot_kimi', 'author_id': 'handle:BEHEKMEKOL70217'} (logged to /Users/fuchitalee/development/minimax-marketing/x-monitoring/data/runs/2026-07-15/enum_dead_letter.jsonl)
dead-letter enum: family=role value='unknown' context={'table': 'brands_accounts', 'brand_id': 'moonshot_kimi', 'author_id': 'handle:ALTALHAOCAK1'} (logged to /Users/fuchitalee/development/minimax-marketing/x-monitoring/data/runs/2026-07-15/enum_dead_letter.jsonl)
dead-letter enum: family=role value='unknown' context={'table': 'brands_accounts', 'brand_id': 'moonshot_kimi', 'author_id': 'handle:miyagi6890'} (logged to /Users/fuchitalee/development/minimax-marketing/x-monitoring/data/runs/2026-07-15/enum_dead_letter.jsonl)
dead-letter enum: family=role value='unknown' context={'table': 'brands_accounts', 'brand_id': 'moonshot_kimi', 'author_id': 'handle:ichibanfish'} (logged to /Users/fuchitalee/development/minimax-marketing/x-monitoring/data/runs/2026-07-15/enum_dead_letter.jsonl)
dead-letter enum: family=role value='unknown' context={'table': 'brands_accounts', 'brand_id': 'moonshot_kimi', 'author_id': 'handle:EnderGelisenFBA'} (logged to /Users/fuchitalee/development/minimax-marketing/x-monitoring/data/runs/2026-07-15/enum_dead_letter.jsonl)
dead-letter enum: family=role value='unknown' context={'table': 'brands_accounts', 'brand_id': 'moonshot_kimi', 'author_id': 'handle:cevdetkucuk'} (logged to /Users/fuchitalee/development/minimax-marketing/x-monitoring/data/runs/2026-07-15/enum_dead_letter.jsonl)
dead-letter enum: family=role value='unknown' context={'table': 'brands_accounts', 'brand_id': 'moonshot_kimi', 'author_id': 'handle:batcz'} (logged to /Users/fuchitalee/development/minimax-marketing/x-monitoring/data/runs/2026-07-15/enum_dead_letter.jsonl)
dead-letter enum: family=role value='unknown' context={'table': 'brands_accounts', 'brand_id': 'moonshot_kimi', 'author_id': 'handle:mehmetakiferkul'} (logged to /Users/fuchitalee/development/minimax-marketing/x-monitoring/data/runs/2026-07-15/enum_dead_letter.jsonl)
dead-letter enum: family=role value='unknown' context={'table': 'brands_accounts', 'brand_id': 'moonshot_kimi', 'author_id': 'handle:miktor1an'} (logged to /Users/fuchitalee/development/minimax-marketing/x-monitoring/data/runs/2026-07-15/enum_dead_letter.jsonl)
dead-letter enum: family=role value='unknown' context={'table': 'brands_accounts', 'brand_id': 'moonshot_kimi', 'author_id': 'handle:Ilknur_0101'} (logged to /Users/fuchitalee/development/minimax-marketing/x-monitoring/data/runs/2026-07-15/enum_dead_letter.jsonl)
dead-letter enum: family=role value='unknown' context={'table': 'brands_accounts', 'brand_id': 'moonshot_kimi', 'author_id': 'handle:JacobPrecure'} (logged to /Users/fuchitalee/development/minimax-marketing/x-monitoring/data/runs/2026-07-15/enum_dead_letter.jsonl)
dead-letter enum: family=role value='unknown' context={'table': 'brands_accounts', 'brand_id': 'moonshot_kimi', 'author_id': 'handle:Mehmet2088488'} (logged to /Users/fuchitalee/development/minimax-marketing/x-monitoring/data/runs/2026-07-15/enum_dead_letter.jsonl)
dead-letter enum: family=role value='unknown' context={'table': 'brands_accounts', 'brand_id': 'moonshot_kimi', 'author_id': 'handle:kaiba890'} (logged to /Users/fuchitalee/development/minimax-marketing/x-monitoring/data/runs/2026-07-15/enum_dead_letter.jsonl)
dead-letter enum: family=role value='unknown' context={'table': 'brands_accounts', 'brand_id': 'moonshot_kimi', 'author_id': 'handle:famous190707'} (logged to /Users/fuchitalee/development/minimax-marketing/x-monitoring/data/runs/2026-07-15/enum_dead_letter.jsonl)
dead-letter enum: family=role value='unknown' context={'table': 'brands_accounts', 'brand_id': 'moonshot_kimi', 'author_id': 'handle:tartiflette77'} (logged to /Users/fuchitalee/development/minimax-marketing/x-monitoring/data/runs/2026-07-15/enum_dead_letter.jsonl)
dead-letter enum: family=role value='unknown' context={'table': 'brands_accounts', 'brand_id': 'moonshot_kimi', 'author_id': 'handle:Tracksechoe'} (logged to /Users/fuchitalee/development/minimax-marketing/x-monitoring/data/runs/2026-07-15/enum_dead_letter.jsonl)
dead-letter enum: family=role value='unknown' context={'table': 'brands_accounts', 'brand_id': 'moonshot_kimi', 'author_id': 'handle:Trrek24109077'} (logged to /Users/fuchitalee/development/minimax-marketing/x-monitoring/data/runs/2026-07-15/enum_dead_letter.jsonl)
dead-letter enum: family=role value='unknown' context={'table': 'brands_accounts', 'brand_id': 'moonshot_kimi', 'author_id': 'handle:Kyy454545'} (logged to /Users/fuchitalee/development/minimax-marketing/x-monitoring/data/runs/2026-07-15/enum_dead_letter.jsonl)
dead-letter enum: family=role value='unknown' context={'table': 'brands_accounts', 'brand_id': 'moonshot_kimi', 'author_id': 'handle:fabiokalandra'} (logged to /Users/fuchitalee/development/minimax-marketing/x-monitoring/data/runs/2026-07-15/enum_dead_letter.jsonl)
dead-letter enum: family=role value='unknown' context={'table': 'brands_accounts', 'brand_id': 'moonshot_kimi', 'author_id': 'handle:dystainak'} (logged to /Users/fuchitalee/development/minimax-marketing/x-monitoring/data/runs/2026-07-15/enum_dead_letter.jsonl)
dead-letter enum: family=role value='unknown' context={'table': 'brands_accounts', 'brand_id': 'moonshot_kimi', 'author_id': 'handle:syqrel'} (logged to /Users/fuchitalee/development/minimax-marketing/x-monitoring/data/runs/2026-07-15/enum_dead_letter.jsonl)
dead-letter enum: family=role value='unknown' context={'table': 'brands_accounts', 'brand_id': 'moonshot_kimi', 'author_id': 'handle:Aero96193997'} (logged to /Users/fuchitalee/development/minimax-marketing/x-monitoring/data/runs/2026-07-15/enum_dead_letter.jsonl)
dead-letter enum: family=role value='unknown' context={'table': 'brands_accounts', 'brand_id': 'moonshot_kimi', 'author_id': 'handle:Myron_LaPimp'} (logged to /Users/fuchitalee/development/minimax-marketing/x-monitoring/data/runs/2026-07-15/enum_dead_letter.jsonl)
dead-letter enum: family=role value='unknown' context={'table': 'brands_accounts', 'brand_id': 'moonshot_kimi', 'author_id': 'handle:smackdown4829'} (logged to /Users/fuchitalee/development/minimax-marketing/x-monitoring/data/runs/2026-07-15/enum_dead_letter.jsonl)
dead-letter enum: family=role value='unknown' context={'table': 'brands_accounts', 'brand_id': 'moonshot_kimi', 'author_id': 'handle:kah332816'} (logged to /Users/fuchitalee/development/minimax-marketing/x-monitoring/data/runs/2026-07-15/enum_dead_letter.jsonl)
dead-letter enum: family=role value='unknown' context={'table': 'brands_accounts', 'brand_id': 'moonshot_kimi', 'author_id': 'handle:GRRRRRR63'} (logged to /Users/fuchitalee/development/minimax-marketing/x-monitoring/data/runs/2026-07-15/enum_dead_letter.jsonl)
dead-letter enum: family=role value='unknown' context={'table': 'brands_accounts', 'brand_id': 'moonshot_kimi', 'author_id': 'handle:russellatte'} (logged to /Users/fuchitalee/development/minimax-marketing/x-monitoring/data/runs/2026-07-15/enum_dead_letter.jsonl)
dead-letter enum: family=role value='unknown' context={'table': 'brands_accounts', 'brand_id': 'moonshot_kimi', 'author_id': 'handle:blackscuderia'} (logged to /Users/fuchitalee/development/minimax-marketing/x-monitoring/data/runs/2026-07-15/enum_dead_letter.jsonl)
dead-letter enum: family=role value='unknown' context={'table': 'brands_accounts', 'brand_id': 'moonshot_kimi', 'author_id': 'handle:itsanakolt'} (logged to /Users/fuchitalee/development/minimax-marketing/x-monitoring/data/runs/2026-07-15/enum_dead_letter.jsonl)
dead-letter enum: family=role value='unknown' context={'table': 'brands_accounts', 'brand_id': 'moonshot_kimi', 'author_id': 'handle:ambient_xyz'} (logged to /Users/fuchitalee/development/minimax-marketing/x-monitoring/data/runs/2026-07-15/enum_dead_letter.jsonl)
dead-letter enum: family=role value='unknown' context={'table': 'brands_accounts', 'brand_id': 'moonshot_kimi', 'author_id': 'handle:wraicedes'} (logged to /Users/fuchitalee/development/minimax-marketing/x-monitoring/data/runs/2026-07-15/enum_dead_letter.jsonl)
dead-letter enum: family=role value='unknown' context={'table': 'brands_accounts', 'brand_id': 'moonshot_kimi', 'author_id': 'handle:thewhiteboxAI'} (logged to /Users/fuchitalee/development/minimax-marketing/x-monitoring/data/runs/2026-07-15/enum_dead_letter.jsonl)
dead-letter enum: family=role value='unknown' context={'table': 'brands_accounts', 'brand_id': 'moonshot_kimi', 'author_id': 'handle:WenChunChenn'} (logged to /Users/fuchitalee/development/minimax-marketing/x-monitoring/data/runs/2026-07-15/enum_dead_letter.jsonl)
dead-letter enum: family=role value='unknown' context={'table': 'brands_accounts', 'brand_id': 'moonshot_kimi', 'author_id': 'handle:mikajackinen'} (logged to /Users/fuchitalee/development/minimax-marketing/x-monitoring/data/runs/2026-07-15/enum_dead_letter.jsonl)
dead-letter enum: family=role value='unknown' context={'table': 'brands_accounts', 'brand_id': 'moonshot_kimi', 'author_id': 'handle:5thRoseOnThe8th'} (logged to /Users/fuchitalee/development/minimax-marketing/x-monitoring/data/runs/2026-07-15/enum_dead_letter.jsonl)
dead-letter enum: family=role value='unknown' context={'table': 'brands_accounts', 'brand_id': 'moonshot_kimi', 'author_id': 'handle:alberth_dev'} (logged to /Users/fuchitalee/development/minimax-marketing/x-monitoring/data/runs/2026-07-15/enum_dead_letter.jsonl)
dead-letter enum: family=role value='unknown' context={'table': 'brands_accounts', 'brand_id': 'moonshot_kimi', 'author_id': 'handle:Beaver_icp'} (logged to /Users/fuchitalee/development/minimax-marketing/x-monitoring/data/runs/2026-07-15/enum_dead_letter.jsonl)
dead-letter enum: family=role value='unknown' context={'table': 'brands_accounts', 'brand_id': 'moonshot_kimi', 'author_id': 'handle:teknopawn'} (logged to /Users/fuchitalee/development/minimax-marketing/x-monitoring/data/runs/2026-07-15/enum_dead_letter.jsonl)
dead-letter enum: family=role value='unknown' context={'table': 'brands_accounts', 'brand_id': 'moonshot_kimi', 'author_id': 'handle:Otakulihao'} (logged to /Users/fuchitalee/development/minimax-marketing/x-monitoring/data/runs/2026-07-15/enum_dead_letter.jsonl)
dead-letter enum: family=role value='unknown' context={'table': 'brands_accounts', 'brand_id': 'moonshot_kimi', 'author_id': 'handle:PedroSorrentin0'} (logged to /Users/fuchitalee/development/minimax-marketing/x-monitoring/data/runs/2026-07-15/enum_dead_letter.jsonl)
dead-letter enum: family=role value='unknown' context={'table': 'brands_accounts', 'brand_id': 'moonshot_kimi', 'author_id': 'handle:bridgebench'} (logged to /Users/fuchitalee/development/minimax-marketing/x-monitoring/data/runs/2026-07-15/enum_dead_letter.jsonl)
dead-letter enum: family=role value='unknown' context={'table': 'brands_accounts', 'brand_id': 'moonshot_kimi', 'author_id': 'handle:socialwithaayan'} (logged to /Users/fuchitalee/development/minimax-marketing/x-monitoring/data/runs/2026-07-15/enum_dead_letter.jsonl)
dead-letter enum: family=role value='unknown' context={'table': 'brands_accounts', 'brand_id': 'moonshot_kimi', 'author_id': 'handle:y_qecea'} (logged to /Users/fuchitalee/development/minimax-marketing/x-monitoring/data/runs/2026-07-15/enum_dead_letter.jsonl)
dead-letter enum: family=role value='unknown' context={'table': 'brands_accounts', 'brand_id': 'moonshot_kimi', 'author_id': 'handle:TheMaran'} (logged to /Users/fuchitalee/development/minimax-marketing/x-monitoring/data/runs/2026-07-15/enum_dead_letter.jsonl)
dead-letter enum: family=role value='unknown' context={'table': 'brands_accounts', 'brand_id': 'moonshot_kimi', 'author_id': 'handle:leftistcherry'} (logged to /Users/fuchitalee/development/minimax-marketing/x-monitoring/data/runs/2026-07-15/enum_dead_letter.jsonl)
dead-letter enum: family=role value='unknown' context={'table': 'brands_accounts', 'brand_id': 'moonshot_kimi', 'author_id': 'handle:DeezCamargo278'} (logged to /Users/fuchitalee/development/minimax-marketing/x-monitoring/data/runs/2026-07-15/enum_dead_letter.jsonl)
dead-letter enum: family=role value='unknown' context={'table': 'brands_accounts', 'brand_id': 'moonshot_kimi', 'author_id': 'handle:clanker_'} (logged to /Users/fuchitalee/development/minimax-marketing/x-monitoring/data/runs/2026-07-15/enum_dead_letter.jsonl)
dead-letter enum: family=role value='unknown' context={'table': 'brands_accounts', 'brand_id': 'moonshot_kimi', 'author_id': 'handle:BukhosiN'} (logged to /Users/fuchitalee/development/minimax-marketing/x-monitoring/data/runs/2026-07-15/enum_dead_letter.jsonl)
dead-letter enum: family=role value='unknown' context={'table': 'brands_accounts', 'brand_id': 'moonshot_kimi', 'author_id': 'handle:lupi_2000'} (logged to /Users/fuchitalee/development/minimax-marketing/x-monitoring/data/runs/2026-07-15/enum_dead_letter.jsonl)
dead-letter enum: family=role value='unknown' context={'table': 'brands_accounts', 'brand_id': 'moonshot_kimi', 'author_id': 'handle:stutinaik0511'} (logged to /Users/fuchitalee/development/minimax-marketing/x-monitoring/data/runs/2026-07-15/enum_dead_letter.jsonl)
dead-letter enum: family=role value='unknown' context={'table': 'brands_accounts', 'brand_id': 'moonshot_kimi', 'author_id': 'handle:aliouftw'} (logged to /Users/fuchitalee/development/minimax-marketing/x-monitoring/data/runs/2026-07-15/enum_dead_letter.jsonl)
dead-letter enum: family=role value='unknown' context={'table': 'brands_accounts', 'brand_id': 'moonshot_kimi', 'author_id': 'handle:JamaRaimer'} (logged to /Users/fuchitalee/development/minimax-marketing/x-monitoring/data/runs/2026-07-15/enum_dead_letter.jsonl)
dead-letter enum: family=role value='unknown' context={'table': 'brands_accounts', 'brand_id': 'moonshot_kimi', 'author_id': 'handle:QunhLam99103524'} (logged to /Users/fuchitalee/development/minimax-marketing/x-monitoring/data/runs/2026-07-15/enum_dead_letter.jsonl)
dead-letter enum: family=role value='unknown' context={'table': 'brands_accounts', 'brand_id': 'moonshot_kimi', 'author_id': 'handle:Katli_MaKopo'} (logged to /Users/fuchitalee/development/minimax-marketing/x-monitoring/data/runs/2026-07-15/enum_dead_letter.jsonl)
dead-letter enum: family=role value='unknown' context={'table': 'brands_accounts', 'brand_id': 'moonshot_kimi', 'author_id': 'handle:LibRightOpinion'} (logged to /Users/fuchitalee/development/minimax-marketing/x-monitoring/data/runs/2026-07-15/enum_dead_letter.jsonl)
dead-letter enum: family=role value='unknown' context={'table': 'brands_accounts', 'brand_id': 'moonshot_kimi', 'author_id': 'handle:Elmaroca1'} (logged to /Users/fuchitalee/development/minimax-marketing/x-monitoring/data/runs/2026-07-15/enum_dead_letter.jsonl)
dead-letter enum: family=role value='unknown' context={'table': 'brands_accounts', 'brand_id': 'moonshot_kimi', 'author_id': 'handle:alfrafiansha'} (logged to /Users/fuchitalee/development/minimax-marketing/x-monitoring/data/runs/2026-07-15/enum_dead_letter.jsonl)
dead-letter enum: family=role value='unknown' context={'table': 'brands_accounts', 'brand_id': 'moonshot_kimi', 'author_id': 'handle:jun_song'} (logged to /Users/fuchitalee/development/minimax-marketing/x-monitoring/data/runs/2026-07-15/enum_dead_letter.jsonl)
dead-letter enum: family=role value='unknown' context={'table': 'brands_accounts', 'brand_id': 'moonshot_kimi', 'author_id': 'handle:SAJU6767'} (logged to /Users/fuchitalee/development/minimax-marketing/x-monitoring/data/runs/2026-07-15/enum_dead_letter.jsonl)
dead-letter enum: family=role value='unknown' context={'table': 'brands_accounts', 'brand_id': 'moonshot_kimi', 'author_id': 'handle:waisen1180531'} (logged to /Users/fuchitalee/development/minimax-marketing/x-monitoring/data/runs/2026-07-15/enum_dead_letter.jsonl)
dead-letter enum: family=role value='unknown' context={'table': 'brands_accounts', 'brand_id': 'moonshot_kimi', 'author_id': 'handle:Antsamp701'} (logged to /Users/fuchitalee/development/minimax-marketing/x-monitoring/data/runs/2026-07-15/enum_dead_letter.jsonl)
dead-letter enum: family=role value='unknown' context={'table': 'brands_accounts', 'brand_id': 'moonshot_kimi', 'author_id': 'handle:norriistar'} (logged to /Users/fuchitalee/development/minimax-marketing/x-monitoring/data/runs/2026-07-15/enum_dead_letter.jsonl)
dead-letter enum: family=role value='unknown' context={'table': 'brands_accounts', 'brand_id': 'moonshot_kimi', 'author_id': 'handle:siddontang'} (logged to /Users/fuchitalee/development/minimax-marketing/x-monitoring/data/runs/2026-07-15/enum_dead_letter.jsonl)
dead-letter enum: family=role value='unknown' context={'table': 'brands_accounts', 'brand_id': 'moonshot_kimi', 'author_id': 'handle:P1ASTRI8781'} (logged to /Users/fuchitalee/development/minimax-marketing/x-monitoring/data/runs/2026-07-15/enum_dead_letter.jsonl)
dead-letter enum: family=role value='unknown' context={'table': 'brands_accounts', 'brand_id': 'moonshot_kimi', 'author_id': 'handle:minheo93698092'} (logged to /Users/fuchitalee/development/minimax-marketing/x-monitoring/data/runs/2026-07-15/enum_dead_letter.jsonl)
dead-letter enum: family=role value='unknown' context={'table': 'brands_accounts', 'brand_id': 'moonshot_kimi', 'author_id': 'handle:savehk1231'} (logged to /Users/fuchitalee/development/minimax-marketing/x-monitoring/data/runs/2026-07-15/enum_dead_letter.jsonl)
dead-letter enum: family=role value='unknown' context={'table': 'brands_accounts', 'brand_id': 'moonshot_kimi', 'author_id': 'handle:tanya_ghosh15'} (logged to /Users/fuchitalee/development/minimax-marketing/x-monitoring/data/runs/2026-07-15/enum_dead_letter.jsonl)
dead-letter enum: family=role value='unknown' context={'table': 'brands_accounts', 'brand_id': 'moonshot_kimi', 'author_id': 'handle:Supermanskill'} (logged to /Users/fuchitalee/development/minimax-marketing/x-monitoring/data/runs/2026-07-15/enum_dead_letter.jsonl)
dead-letter enum: family=role value='unknown' context={'table': 'brands_accounts', 'brand_id': 'moonshot_kimi', 'author_id': 'handle:SpaceStuffArya'} (logged to /Users/fuchitalee/development/minimax-marketing/x-monitoring/data/runs/2026-07-15/enum_dead_letter.jsonl)
dead-letter enum: family=role value='unknown' context={'table': 'brands_accounts', 'brand_id': 'moonshot_kimi', 'author_id': 'handle:Hemo_dialga'} (logged to /Users/fuchitalee/development/minimax-marketing/x-monitoring/data/runs/2026-07-15/enum_dead_letter.jsonl)
dead-letter enum: family=role value='unknown' context={'table': 'brands_accounts', 'brand_id': 'moonshot_kimi', 'author_id': 'handle:skymsgfun'} (logged to /Users/fuchitalee/development/minimax-marketing/x-monitoring/data/runs/2026-07-15/enum_dead_letter.jsonl)
dead-letter enum: family=role value='unknown' context={'table': 'brands_accounts', 'brand_id': 'moonshot_kimi', 'author_id': 'handle:Alzahmouli82'} (logged to /Users/fuchitalee/development/minimax-marketing/x-monitoring/data/runs/2026-07-15/enum_dead_letter.jsonl)
dead-letter enum: family=role value='unknown' context={'table': 'brands_accounts', 'brand_id': 'moonshot_kimi', 'author_id': 'handle:StudioZamudio'} (logged to /Users/fuchitalee/development/minimax-marketing/x-monitoring/data/runs/2026-07-15/enum_dead_letter.jsonl)
dead-letter enum: family=role value='unknown' context={'table': 'brands_accounts', 'brand_id': 'moonshot_kimi', 'author_id': 'handle:skyskymygoof'} (logged to /Users/fuchitalee/development/minimax-marketing/x-monitoring/data/runs/2026-07-15/enum_dead_letter.jsonl)
dead-letter enum: family=role value='unknown' context={'table': 'brands_accounts', 'brand_id': 'moonshot_kimi', 'author_id': 'handle:anshuc'} (logged to /Users/fuchitalee/development/minimax-marketing/x-monitoring/data/runs/2026-07-15/enum_dead_letter.jsonl)
dead-letter enum: family=role value='unknown' context={'table': 'brands_accounts', 'brand_id': 'moonshot_kimi', 'author_id': 'handle:AAneerudh'} (logged to /Users/fuchitalee/development/minimax-marketing/x-monitoring/data/runs/2026-07-15/enum_dead_letter.jsonl)
dead-letter enum: family=role value='unknown' context={'table': 'brands_accounts', 'brand_id': 'moonshot_kimi', 'author_id': 'handle:srbguy47'} (logged to /Users/fuchitalee/development/minimax-marketing/x-monitoring/data/runs/2026-07-15/enum_dead_letter.jsonl)
dead-letter enum: family=role value='unknown' context={'table': 'brands_accounts', 'brand_id': 'moonshot_kimi', 'author_id': 'handle:Beethoven779'} (logged to /Users/fuchitalee/development/minimax-marketing/x-monitoring/data/runs/2026-07-15/enum_dead_letter.jsonl)
dead-letter enum: family=role value='unknown' context={'table': 'brands_accounts', 'brand_id': 'moonshot_kimi', 'author_id': 'handle:StrutV22'} (logged to /Users/fuchitalee/development/minimax-marketing/x-monitoring/data/runs/2026-07-15/enum_dead_letter.jsonl)
dead-letter enum: family=role value='unknown' context={'table': 'brands_accounts', 'brand_id': 'moonshot_kimi', 'author_id': 'handle:Mafesto'} (logged to /Users/fuchitalee/development/minimax-marketing/x-monitoring/data/runs/2026-07-15/enum_dead_letter.jsonl)
dead-letter enum: family=role value='unknown' context={'table': 'brands_accounts', 'brand_id': 'moonshot_kimi', 'author_id': 'handle:mst_cntn_lttrs'} (logged to /Users/fuchitalee/development/minimax-marketing/x-monitoring/data/runs/2026-07-15/enum_dead_letter.jsonl)
dead-letter enum: family=role value='unknown' context={'table': 'brands_accounts', 'brand_id': 'moonshot_kimi', 'author_id': 'handle:Mustafa____19'} (logged to /Users/fuchitalee/development/minimax-marketing/x-monitoring/data/runs/2026-07-15/enum_dead_letter.jsonl)
dead-letter enum: family=role value='unknown' context={'table': 'brands_accounts', 'brand_id': 'moonshot_kimi', 'author_id': 'handle:norr1swdcs'} (logged to /Users/fuchitalee/development/minimax-marketing/x-monitoring/data/runs/2026-07-15/enum_dead_letter.jsonl)
dead-letter enum: family=role value='unknown' context={'table': 'brands_accounts', 'brand_id': 'moonshot_kimi', 'author_id': 'handle:maketheapex'} (logged to /Users/fuchitalee/development/minimax-marketing/x-monitoring/data/runs/2026-07-15/enum_dead_letter.jsonl)
dead-letter enum: family=role value='unknown' context={'table': 'brands_accounts', 'brand_id': 'moonshot_kimi', 'author_id': 'handle:BobbyApocalypse'} (logged to /Users/fuchitalee/development/minimax-marketing/x-monitoring/data/runs/2026-07-15/enum_dead_letter.jsonl)
dead-letter enum: family=role value='unknown' context={'table': 'brands_accounts', 'brand_id': 'moonshot_kimi', 'author_id': 'handle:Vivfortyforza'} (logged to /Users/fuchitalee/development/minimax-marketing/x-monitoring/data/runs/2026-07-15/enum_dead_letter.jsonl)
dead-letter enum: family=role value='unknown' context={'table': 'brands_accounts', 'brand_id': 'moonshot_kimi', 'author_id': 'handle:rbrblis'} (logged to /Users/fuchitalee/development/minimax-marketing/x-monitoring/data/runs/2026-07-15/enum_dead_letter.jsonl)
dead-letter enum: family=role value='unknown' context={'table': 'brands_accounts', 'brand_id': 'moonshot_kimi', 'author_id': 'handle:vetlemd'} (logged to /Users/fuchitalee/development/minimax-marketing/x-monitoring/data/runs/2026-07-15/enum_dead_letter.jsonl)
dead-letter enum: family=role value='unknown' context={'table': 'brands_accounts', 'brand_id': 'moonshot_kimi', 'author_id': 'handle:acvalensVT'} (logged to /Users/fuchitalee/development/minimax-marketing/x-monitoring/data/runs/2026-07-15/enum_dead_letter.jsonl)
dead-letter enum: family=role value='unknown' context={'table': 'brands_accounts', 'brand_id': 'moonshot_kimi', 'author_id': 'handle:ralph2504'} (logged to /Users/fuchitalee/development/minimax-marketing/x-monitoring/data/runs/2026-07-15/enum_dead_letter.jsonl)
dead-letter enum: family=role value='unknown' context={'table': 'brands_accounts', 'brand_id': 'moonshot_kimi', 'author_id': 'handle:KeithTorbik'} (logged to /Users/fuchitalee/development/minimax-marketing/x-monitoring/data/runs/2026-07-15/enum_dead_letter.jsonl)
dead-letter enum: family=role value='unknown' context={'table': 'brands_accounts', 'brand_id': 'moonshot_kimi', 'author_id': 'handle:jackson_lo58573'} (logged to /Users/fuchitalee/development/minimax-marketing/x-monitoring/data/runs/2026-07-15/enum_dead_letter.jsonl)
dead-letter enum: family=role value='unknown' context={'table': 'brands_accounts', 'brand_id': 'moonshot_kimi', 'author_id': 'handle:mlcarldev'} (logged to /Users/fuchitalee/development/minimax-marketing/x-monitoring/data/runs/2026-07-15/enum_dead_letter.jsonl)
dead-letter enum: family=role value='unknown' context={'table': 'brands_accounts', 'brand_id': 'moonshot_kimi', 'author_id': 'handle:strugglercss'} (logged to /Users/fuchitalee/development/minimax-marketing/x-monitoring/data/runs/2026-07-15/enum_dead_letter.jsonl)
dead-letter enum: family=role value='unknown' context={'table': 'brands_accounts', 'brand_id': 'moonshot_kimi', 'author_id': 'handle:TheShortBear'} (logged to /Users/fuchitalee/development/minimax-marketing/x-monitoring/data/runs/2026-07-15/enum_dead_letter.jsonl)
dead-letter enum: family=role value='unknown' context={'table': 'brands_accounts', 'brand_id': 'moonshot_kimi', 'author_id': 'handle:Dudechillkar'} (logged to /Users/fuchitalee/development/minimax-marketing/x-monitoring/data/runs/2026-07-15/enum_dead_letter.jsonl)
dead-letter enum: family=role value='unknown' context={'table': 'brands_accounts', 'brand_id': 'moonshot_kimi', 'author_id': 'handle:aquiffoo'} (logged to /Users/fuchitalee/development/minimax-marketing/x-monitoring/data/runs/2026-07-15/enum_dead_letter.jsonl)
dead-letter enum: family=role value='unknown' context={'table': 'brands_accounts', 'brand_id': 'moonshot_kimi', 'author_id': 'handle:genamuriel'} (logged to /Users/fuchitalee/development/minimax-marketing/x-monitoring/data/runs/2026-07-15/enum_dead_letter.jsonl)
dead-letter enum: family=role value='unknown' context={'table': 'brands_accounts', 'brand_id': 'moonshot_kimi', 'author_id': 'handle:OliDBD_'} (logged to /Users/fuchitalee/development/minimax-marketing/x-monitoring/data/runs/2026-07-15/enum_dead_letter.jsonl)
dead-letter enum: family=role value='unknown' context={'table': 'brands_accounts', 'brand_id': 'moonshot_kimi', 'author_id': 'handle:marrlec'} (logged to /Users/fuchitalee/development/minimax-marketing/x-monitoring/data/runs/2026-07-15/enum_dead_letter.jsonl)
dead-letter enum: family=role value='unknown' context={'table': 'brands_accounts', 'brand_id': 'moonshot_kimi', 'author_id': 'handle:plantfriend0815'} (logged to /Users/fuchitalee/development/minimax-marketing/x-monitoring/data/runs/2026-07-15/enum_dead_letter.jsonl)
dead-letter enum: family=role value='unknown' context={'table': 'brands_accounts', 'brand_id': 'moonshot_kimi', 'author_id': 'handle:manret01'} (logged to /Users/fuchitalee/development/minimax-marketing/x-monitoring/data/runs/2026-07-15/enum_dead_letter.jsonl)
dead-letter enum: family=role value='unknown' context={'table': 'brands_accounts', 'brand_id': 'moonshot_kimi', 'author_id': 'handle:middIesectors'} (logged to /Users/fuchitalee/development/minimax-marketing/x-monitoring/data/runs/2026-07-15/enum_dead_letter.jsonl)
dead-letter enum: family=role value='unknown' context={'table': 'brands_accounts', 'brand_id': 'moonshot_kimi', 'author_id': 'handle:krackville'} (logged to /Users/fuchitalee/development/minimax-marketing/x-monitoring/data/runs/2026-07-15/enum_dead_letter.jsonl)
dead-letter enum: family=role value='unknown' context={'table': 'brands_accounts', 'brand_id': 'moonshot_kimi', 'author_id': 'handle:rajpal_amit'} (logged to /Users/fuchitalee/development/minimax-marketing/x-monitoring/data/runs/2026-07-15/enum_dead_letter.jsonl)
dead-letter enum: family=role value='unknown' context={'table': 'brands_accounts', 'brand_id': 'moonshot_kimi', 'author_id': 'handle:AnthonyMaio'} (logged to /Users/fuchitalee/development/minimax-marketing/x-monitoring/data/runs/2026-07-15/enum_dead_letter.jsonl)
dead-letter enum: family=role value='unknown' context={'table': 'brands_accounts', 'brand_id': 'moonshot_kimi', 'author_id': 'handle:kartik_mandar'} (logged to /Users/fuchitalee/development/minimax-marketing/x-monitoring/data/runs/2026-07-15/enum_dead_letter.jsonl)
dead-letter enum: family=role value='unknown' context={'table': 'brands_accounts', 'brand_id': 'moonshot_kimi', 'author_id': 'handle:antonbabenko'} (logged to /Users/fuchitalee/development/minimax-marketing/x-monitoring/data/runs/2026-07-15/enum_dead_letter.jsonl)
dead-letter enum: family=role value='unknown' context={'table': 'brands_accounts', 'brand_id': 'moonshot_kimi', 'author_id': 'handle:chenshaoju'} (logged to /Users/fuchitalee/development/minimax-marketing/x-monitoring/data/runs/2026-07-15/enum_dead_letter.jsonl)
dead-letter enum: family=role value='unknown' context={'table': 'brands_accounts', 'brand_id': 'moonshot_kimi', 'author_id': 'handle:HenrykAbram'} (logged to /Users/fuchitalee/development/minimax-marketing/x-monitoring/data/runs/2026-07-15/enum_dead_letter.jsonl)
dead-letter enum: family=role value='unknown' context={'table': 'brands_accounts', 'brand_id': 'moonshot_kimi', 'author_id': 'handle:aiComingFast'} (logged to /Users/fuchitalee/development/minimax-marketing/x-monitoring/data/runs/2026-07-15/enum_dead_letter.jsonl)
dead-letter enum: family=role value='unknown' context={'table': 'brands_accounts', 'brand_id': 'moonshot_kimi', 'author_id': 'handle:decoded_dev'} (logged to /Users/fuchitalee/development/minimax-marketing/x-monitoring/data/runs/2026-07-15/enum_dead_letter.jsonl)
dead-letter enum: family=role value='unknown' context={'table': 'brands_accounts', 'brand_id': 'moonshot_kimi', 'author_id': 'handle:dlozanovic'} (logged to /Users/fuchitalee/development/minimax-marketing/x-monitoring/data/runs/2026-07-15/enum_dead_letter.jsonl)
dead-letter enum: family=role value='unknown' context={'table': 'brands_accounts', 'brand_id': 'moonshot_kimi', 'author_id': 'handle:heyellieday'} (logged to /Users/fuchitalee/development/minimax-marketing/x-monitoring/data/runs/2026-07-15/enum_dead_letter.jsonl)
dead-letter enum: family=role value='unknown' context={'table': 'brands_accounts', 'brand_id': 'moonshot_kimi', 'author_id': 'handle:EvoOnChain'} (logged to /Users/fuchitalee/development/minimax-marketing/x-monitoring/data/runs/2026-07-15/enum_dead_letter.jsonl)
dead-letter enum: family=role value='unknown' context={'table': 'brands_accounts', 'brand_id': 'moonshot_kimi', 'author_id': 'handle:Jomolos'} (logged to /Users/fuchitalee/development/minimax-marketing/x-monitoring/data/runs/2026-07-15/enum_dead_letter.jsonl)
dead-letter enum: family=role value='unknown' context={'table': 'brands_accounts', 'brand_id': 'moonshot_kimi', 'author_id': 'handle:airesearch12'} (logged to /Users/fuchitalee/development/minimax-marketing/x-monitoring/data/runs/2026-07-15/enum_dead_letter.jsonl)
dead-letter enum: family=role value='unknown' context={'table': 'brands_accounts', 'brand_id': 'moonshot_kimi', 'author_id': 'handle:atulkumarzz'} (logged to /Users/fuchitalee/development/minimax-marketing/x-monitoring/data/runs/2026-07-15/enum_dead_letter.jsonl)
dead-letter enum: family=role value='unknown' context={'table': 'brands_accounts', 'brand_id': 'moonshot_kimi', 'author_id': 'handle:TheLouieCo'} (logged to /Users/fuchitalee/development/minimax-marketing/x-monitoring/data/runs/2026-07-15/enum_dead_letter.jsonl)
dead-letter enum: family=role value='unknown' context={'table': 'brands_accounts', 'brand_id': 'moonshot_kimi', 'author_id': 'handle:riyazmd774'} (logged to /Users/fuchitalee/development/minimax-marketing/x-monitoring/data/runs/2026-07-15/enum_dead_letter.jsonl)
dead-letter enum: family=role value='unknown' context={'table': 'brands_accounts', 'brand_id': 'moonshot_kimi', 'author_id': 'handle:mitzpatel85'} (logged to /Users/fuchitalee/development/minimax-marketing/x-monitoring/data/runs/2026-07-15/enum_dead_letter.jsonl)
dead-letter enum: family=role value='unknown' context={'table': 'brands_accounts', 'brand_id': 'moonshot_kimi', 'author_id': 'handle:Mercury98568210'} (logged to /Users/fuchitalee/development/minimax-marketing/x-monitoring/data/runs/2026-07-15/enum_dead_letter.jsonl)
dead-letter enum: family=role value='unknown' context={'table': 'brands_accounts', 'brand_id': 'moonshot_kimi', 'author_id': 'handle:enhaclawzz'} (logged to /Users/fuchitalee/development/minimax-marketing/x-monitoring/data/runs/2026-07-15/enum_dead_letter.jsonl)
dead-letter enum: family=role value='unknown' context={'table': 'brands_accounts', 'brand_id': 'moonshot_kimi', 'author_id': 'handle:borderlinehoon'} (logged to /Users/fuchitalee/development/minimax-marketing/x-monitoring/data/runs/2026-07-15/enum_dead_letter.jsonl)
dead-letter enum: family=role value='unknown' context={'table': 'brands_accounts', 'brand_id': 'moonshot_kimi', 'author_id': 'handle:0xCodez'} (logged to /Users/fuchitalee/development/minimax-marketing/x-monitoring/data/runs/2026-07-15/enum_dead_letter.jsonl)
dead-letter enum: family=role value='unknown' context={'table': 'brands_accounts', 'brand_id': 'moonshot_kimi', 'author_id': 'handle:balb_f1'} (logged to /Users/fuchitalee/development/minimax-marketing/x-monitoring/data/runs/2026-07-15/enum_dead_letter.jsonl)
dead-letter enum: family=role value='unknown' context={'table': 'brands_accounts', 'brand_id': 'moonshot_kimi', 'author_id': 'handle:Nemoticon'} (logged to /Users/fuchitalee/development/minimax-marketing/x-monitoring/data/runs/2026-07-15/enum_dead_letter.jsonl)
dead-letter enum: family=role value='unknown' context={'table': 'brands_accounts', 'brand_id': 'moonshot_kimi', 'author_id': 'handle:UnctionFunk'} (logged to /Users/fuchitalee/development/minimax-marketing/x-monitoring/data/runs/2026-07-15/enum_dead_letter.jsonl)
dead-letter enum: family=role value='unknown' context={'table': 'brands_accounts', 'brand_id': 'moonshot_kimi', 'author_id': 'handle:oliveraochongli'} (logged to /Users/fuchitalee/development/minimax-marketing/x-monitoring/data/runs/2026-07-15/enum_dead_letter.jsonl)
dead-letter enum: family=role value='unknown' context={'table': 'brands_accounts', 'brand_id': 'moonshot_kimi', 'author_id': 'handle:BasedBrett'} (logged to /Users/fuchitalee/development/minimax-marketing/x-monitoring/data/runs/2026-07-15/enum_dead_letter.jsonl)
dead-letter enum: family=role value='unknown' context={'table': 'brands_accounts', 'brand_id': 'moonshot_kimi', 'author_id': 'handle:natolambert'} (logged to /Users/fuchitalee/development/minimax-marketing/x-monitoring/data/runs/2026-07-15/enum_dead_letter.jsonl)
dead-letter enum: family=role value='unknown' context={'table': 'brands_accounts', 'brand_id': 'moonshot_kimi', 'author_id': 'handle:joonssexcbrain'} (logged to /Users/fuchitalee/development/minimax-marketing/x-monitoring/data/runs/2026-07-15/enum_dead_letter.jsonl)
dead-letter enum: family=role value='unknown' context={'table': 'brands_accounts', 'brand_id': 'moonshot_kimi', 'author_id': 'handle:TheLuxxRyder'} (logged to /Users/fuchitalee/development/minimax-marketing/x-monitoring/data/runs/2026-07-15/enum_dead_letter.jsonl)
dead-letter enum: family=role value='unknown' context={'table': 'brands_accounts', 'brand_id': 'moonshot_kimi', 'author_id': 'handle:davolarcini'} (logged to /Users/fuchitalee/development/minimax-marketing/x-monitoring/data/runs/2026-07-15/enum_dead_letter.jsonl)
dead-letter enum: family=role value='unknown' context={'table': 'brands_accounts', 'brand_id': 'moonshot_kimi', 'author_id': 'handle:ms_emelia1'} (logged to /Users/fuchitalee/development/minimax-marketing/x-monitoring/data/runs/2026-07-15/enum_dead_letter.jsonl)
dead-letter enum: family=role value='unknown' context={'table': 'brands_accounts', 'brand_id': 'moonshot_kimi', 'author_id': 'handle:izza_ant'} (logged to /Users/fuchitalee/development/minimax-marketing/x-monitoring/data/runs/2026-07-15/enum_dead_letter.jsonl)
dead-letter enum: family=role value='unknown' context={'table': 'brands_accounts', 'brand_id': 'moonshot_kimi', 'author_id': 'handle:NathanWilbanks_'} (logged to /Users/fuchitalee/development/minimax-marketing/x-monitoring/data/runs/2026-07-15/enum_dead_letter.jsonl)
dead-letter enum: family=role value='unknown' context={'table': 'brands_accounts', 'brand_id': 'moonshot_kimi', 'author_id': 'handle:12Shakur'} (logged to /Users/fuchitalee/development/minimax-marketing/x-monitoring/data/runs/2026-07-15/enum_dead_letter.jsonl)
dead-letter enum: family=role value='unknown' context={'table': 'brands_accounts', 'brand_id': 'moonshot_kimi', 'author_id': 'handle:Bhavin40324'} (logged to /Users/fuchitalee/development/minimax-marketing/x-monitoring/data/runs/2026-07-15/enum_dead_letter.jsonl)
dead-letter enum: family=role value='unknown' context={'table': 'brands_accounts', 'brand_id': 'moonshot_kimi', 'author_id': 'handle:willbyers_og'} (logged to /Users/fuchitalee/development/minimax-marketing/x-monitoring/data/runs/2026-07-15/enum_dead_letter.jsonl)
dead-letter enum: family=role value='unknown' context={'table': 'brands_accounts', 'brand_id': 'moonshot_kimi', 'author_id': 'handle:NbSoloman'} (logged to /Users/fuchitalee/development/minimax-marketing/x-monitoring/data/runs/2026-07-15/enum_dead_letter.jsonl)
dead-letter enum: family=role value='unknown' context={'table': 'brands_accounts', 'brand_id': 'moonshot_kimi', 'author_id': 'handle:formula1god'} (logged to /Users/fuchitalee/development/minimax-marketing/x-monitoring/data/runs/2026-07-15/enum_dead_letter.jsonl)
dead-letter enum: family=role value='unknown' context={'table': 'brands_accounts', 'brand_id': 'moonshot_kimi', 'author_id': 'handle:BannedLatino'} (logged to /Users/fuchitalee/development/minimax-marketing/x-monitoring/data/runs/2026-07-15/enum_dead_letter.jsonl)
dead-letter enum: family=role value='unknown' context={'table': 'brands_accounts', 'brand_id': 'moonshot_kimi', 'author_id': 'handle:BrandonWaselnuk'} (logged to /Users/fuchitalee/development/minimax-marketing/x-monitoring/data/runs/2026-07-15/enum_dead_letter.jsonl)
dead-letter enum: family=role value='unknown' context={'table': 'brands_accounts', 'brand_id': 'moonshot_kimi', 'author_id': 'handle:ghettocurd'} (logged to /Users/fuchitalee/development/minimax-marketing/x-monitoring/data/runs/2026-07-15/enum_dead_letter.jsonl)
dead-letter enum: family=role value='unknown' context={'table': 'brands_accounts', 'brand_id': 'moonshot_kimi', 'author_id': 'handle:RichieBillie10'} (logged to /Users/fuchitalee/development/minimax-marketing/x-monitoring/data/runs/2026-07-15/enum_dead_letter.jsonl)
dead-letter enum: family=role value='unknown' context={'table': 'brands_accounts', 'brand_id': 'moonshot_kimi', 'author_id': 'handle:tyrexyMMA'} (logged to /Users/fuchitalee/development/minimax-marketing/x-monitoring/data/runs/2026-07-15/enum_dead_letter.jsonl)
dead-letter enum: family=role value='unknown' context={'table': 'brands_accounts', 'brand_id': 'moonshot_kimi', 'author_id': 'handle:KaranHejmadi'} (logged to /Users/fuchitalee/development/minimax-marketing/x-monitoring/data/runs/2026-07-15/enum_dead_letter.jsonl)
dead-letter enum: family=role value='unknown' context={'table': 'brands_accounts', 'brand_id': 'moonshot_kimi', 'author_id': 'handle:wangruipro'} (logged to /Users/fuchitalee/development/minimax-marketing/x-monitoring/data/runs/2026-07-15/enum_dead_letter.jsonl)
dead-letter enum: family=role value='unknown' context={'table': 'brands_accounts', 'brand_id': 'moonshot_kimi', 'author_id': 'handle:dongqubo'} (logged to /Users/fuchitalee/development/minimax-marketing/x-monitoring/data/runs/2026-07-15/enum_dead_letter.jsonl)
dead-letter enum: family=role value='unknown' context={'table': 'brands_accounts', 'brand_id': 'moonshot_kimi', 'author_id': 'handle:oaklandpimp'} (logged to /Users/fuchitalee/development/minimax-marketing/x-monitoring/data/runs/2026-07-15/enum_dead_letter.jsonl)
dead-letter enum: family=role value='unknown' context={'table': 'brands_accounts', 'brand_id': 'moonshot_kimi', 'author_id': 'handle:antirez'} (logged to /Users/fuchitalee/development/minimax-marketing/x-monitoring/data/runs/2026-07-15/enum_dead_letter.jsonl)
dead-letter enum: family=role value='unknown' context={'table': 'brands_accounts', 'brand_id': 'moonshot_kimi', 'author_id': 'handle:DavidFlagg20'} (logged to /Users/fuchitalee/development/minimax-marketing/x-monitoring/data/runs/2026-07-15/enum_dead_letter.jsonl)
dead-letter enum: family=role value='unknown' context={'table': 'brands_accounts', 'brand_id': 'moonshot_kimi', 'author_id': 'handle:protosphinx'} (logged to /Users/fuchitalee/development/minimax-marketing/x-monitoring/data/runs/2026-07-15/enum_dead_letter.jsonl)
dead-letter enum: family=role value='unknown' context={'table': 'brands_accounts', 'brand_id': 'moonshot_kimi', 'author_id': 'handle:notageekdev'} (logged to /Users/fuchitalee/development/minimax-marketing/x-monitoring/data/runs/2026-07-15/enum_dead_letter.jsonl)
dead-letter enum: family=role value='unknown' context={'table': 'brands_accounts', 'brand_id': 'moonshot_kimi', 'author_id': 'handle:XiaomiMiMo'} (logged to /Users/fuchitalee/development/minimax-marketing/x-monitoring/data/runs/2026-07-15/enum_dead_letter.jsonl)
dead-letter enum: family=role value='unknown' context={'table': 'brands_accounts', 'brand_id': 'inclusionai', 'author_id': 'handle:RHInvestments17'} (logged to /Users/fuchitalee/development/minimax-marketing/x-monitoring/data/runs/2026-07-15/enum_dead_letter.jsonl)
dead-letter enum: family=role value='unknown' context={'table': 'brands_accounts', 'brand_id': 'inclusionai', 'author_id': 'handle:eliebakouch'} (logged to /Users/fuchitalee/development/minimax-marketing/x-monitoring/data/runs/2026-07-15/enum_dead_letter.jsonl)
dead-letter enum: family=role value='unknown' context={'table': 'brands_accounts', 'brand_id': 'mistral', 'author_id': 'handle:TAgencja'} (logged to /Users/fuchitalee/development/minimax-marketing/x-monitoring/data/runs/2026-07-15/enum_dead_letter.jsonl)
dead-letter enum: family=role value='unknown' context={'table': 'brands_accounts', 'brand_id': 'mistral', 'author_id': 'handle:wooooooooo1906'} (logged to /Users/fuchitalee/development/minimax-marketing/x-monitoring/data/runs/2026-07-15/enum_dead_letter.jsonl)
dead-letter enum: family=role value='unknown' context={'table': 'brands_accounts', 'brand_id': 'mistral', 'author_id': 'handle:bd5m112'} (logged to /Users/fuchitalee/development/minimax-marketing/x-monitoring/data/runs/2026-07-15/enum_dead_letter.jsonl)
dead-letter enum: family=role value='unknown' context={'table': 'brands_accounts', 'brand_id': 'mistral', 'author_id': 'handle:Meshs_One'} (logged to /Users/fuchitalee/development/minimax-marketing/x-monitoring/data/runs/2026-07-15/enum_dead_letter.jsonl)
dead-letter enum: family=role value='unknown' context={'table': 'brands_accounts', 'brand_id': 'mistral', 'author_id': 'handle:Awesome_O_AI'} (logged to /Users/fuchitalee/development/minimax-marketing/x-monitoring/data/runs/2026-07-15/enum_dead_letter.jsonl)
dead-letter enum: family=role value='unknown' context={'table': 'brands_accounts', 'brand_id': 'mistral', 'author_id': 'handle:M0rph3usin'} (logged to /Users/fuchitalee/development/minimax-marketing/x-monitoring/data/runs/2026-07-15/enum_dead_letter.jsonl)
dead-letter enum: family=role value='unknown' context={'table': 'brands_accounts', 'brand_id': 'mistral', 'author_id': 'handle:lefthanddraft'} (logged to /Users/fuchitalee/development/minimax-marketing/x-monitoring/data/runs/2026-07-15/enum_dead_letter.jsonl)
dead-letter enum: family=role value='unknown' context={'table': 'brands_accounts', 'brand_id': 'mistral', 'author_id': 'handle:Marktechpost'} (logged to /Users/fuchitalee/development/minimax-marketing/x-monitoring/data/runs/2026-07-15/enum_dead_letter.jsonl)
dead-letter enum: family=role value='unknown' context={'table': 'brands_accounts', 'brand_id': 'mistral', 'author_id': 'handle:monchi_sam_777'} (logged to /Users/fuchitalee/development/minimax-marketing/x-monitoring/data/runs/2026-07-15/enum_dead_letter.jsonl)
dead-letter enum: family=role value='unknown' context={'table': 'brands_accounts', 'brand_id': 'mistral', 'author_id': 'handle:childofrose_'} (logged to /Users/fuchitalee/development/minimax-marketing/x-monitoring/data/runs/2026-07-15/enum_dead_letter.jsonl)
dead-letter enum: family=role value='unknown' context={'table': 'brands_accounts', 'brand_id': 'mistral', 'author_id': 'handle:VolodBoich'} (logged to /Users/fuchitalee/development/minimax-marketing/x-monitoring/data/runs/2026-07-15/enum_dead_letter.jsonl)
dead-letter enum: family=role value='unknown' context={'table': 'brands_accounts', 'brand_id': 'mistral', 'author_id': 'handle:Peaky8linders'} (logged to /Users/fuchitalee/development/minimax-marketing/x-monitoring/data/runs/2026-07-15/enum_dead_letter.jsonl)
dead-letter enum: family=role value='unknown' context={'table': 'brands_accounts', 'brand_id': 'mistral', 'author_id': 'handle:ArtificialAnlys'} (logged to /Users/fuchitalee/development/minimax-marketing/x-monitoring/data/runs/2026-07-15/enum_dead_letter.jsonl)
dead-letter enum: family=role value='unknown' context={'table': 'brands_accounts', 'brand_id': 'mistral', 'author_id': 'handle:AGIGuardian'} (logged to /Users/fuchitalee/development/minimax-marketing/x-monitoring/data/runs/2026-07-15/enum_dead_letter.jsonl)
dead-letter enum: family=role value='unknown' context={'table': 'brands_accounts', 'brand_id': 'mistral', 'author_id': 'handle:iGoinsane101'} (logged to /Users/fuchitalee/development/minimax-marketing/x-monitoring/data/runs/2026-07-15/enum_dead_letter.jsonl)
dead-letter enum: family=role value='unknown' context={'table': 'brands_accounts', 'brand_id': 'mistral', 'author_id': 'handle:SummusStuprator'} (logged to /Users/fuchitalee/development/minimax-marketing/x-monitoring/data/runs/2026-07-15/enum_dead_letter.jsonl)
dead-letter enum: family=role value='unknown' context={'table': 'brands_accounts', 'brand_id': 'mistral', 'author_id': 'handle:zaidmukaddam'} (logged to /Users/fuchitalee/development/minimax-marketing/x-monitoring/data/runs/2026-07-15/enum_dead_letter.jsonl)
dead-letter enum: family=role value='unknown' context={'table': 'brands_accounts', 'brand_id': 'mistral', 'author_id': 'handle:faradaymachines'} (logged to /Users/fuchitalee/development/minimax-marketing/x-monitoring/data/runs/2026-07-15/enum_dead_letter.jsonl)
dead-letter enum: family=role value='unknown' context={'table': 'brands_accounts', 'brand_id': 'mistral', 'author_id': 'handle:TajVincent'} (logged to /Users/fuchitalee/development/minimax-marketing/x-monitoring/data/runs/2026-07-15/enum_dead_letter.jsonl)
dead-letter enum: family=role value='unknown' context={'table': 'brands_accounts', 'brand_id': 'mistral', 'author_id': 'handle:bepituLaz'} (logged to /Users/fuchitalee/development/minimax-marketing/x-monitoring/data/runs/2026-07-15/enum_dead_letter.jsonl)
dead-letter enum: family=role value='unknown' context={'table': 'brands_accounts', 'brand_id': 'mistral', 'author_id': 'handle:Kima_Toshi_AR'} (logged to /Users/fuchitalee/development/minimax-marketing/x-monitoring/data/runs/2026-07-15/enum_dead_letter.jsonl)
dead-letter enum: family=role value='unknown' context={'table': 'brands_accounts', 'brand_id': 'mistral', 'author_id': 'handle:Aniru2300'} (logged to /Users/fuchitalee/development/minimax-marketing/x-monitoring/data/runs/2026-07-15/enum_dead_letter.jsonl)
dead-letter enum: family=role value='unknown' context={'table': 'brands_accounts', 'brand_id': 'mistral', 'author_id': 'handle:sirshibaninja'} (logged to /Users/fuchitalee/development/minimax-marketing/x-monitoring/data/runs/2026-07-15/enum_dead_letter.jsonl)
dead-letter enum: family=role value='unknown' context={'table': 'brands_accounts', 'brand_id': 'mistral', 'author_id': 'handle:RomanGuy20'} (logged to /Users/fuchitalee/development/minimax-marketing/x-monitoring/data/runs/2026-07-15/enum_dead_letter.jsonl)
dead-letter enum: family=role value='unknown' context={'table': 'brands_accounts', 'brand_id': 'mistral', 'author_id': 'handle:smsehy'} (logged to /Users/fuchitalee/development/minimax-marketing/x-monitoring/data/runs/2026-07-15/enum_dead_letter.jsonl)
dead-letter enum: family=role value='unknown' context={'table': 'brands_accounts', 'brand_id': 'mistral', 'author_id': 'handle:SimonLM_Dev'} (logged to /Users/fuchitalee/development/minimax-marketing/x-monitoring/data/runs/2026-07-15/enum_dead_letter.jsonl)
dead-letter enum: family=role value='unknown' context={'table': 'brands_accounts', 'brand_id': 'mistral', 'author_id': 'handle:TheValueist'} (logged to /Users/fuchitalee/development/minimax-marketing/x-monitoring/data/runs/2026-07-15/enum_dead_letter.jsonl)
dead-letter enum: family=role value='unknown' context={'table': 'brands_accounts', 'brand_id': 'mistral', 'author_id': 'handle:QUEVlKO'} (logged to /Users/fuchitalee/development/minimax-marketing/x-monitoring/data/runs/2026-07-15/enum_dead_letter.jsonl)
dead-letter enum: family=role value='unknown' context={'table': 'brands_accounts', 'brand_id': 'mistral', 'author_id': 'handle:AlvaroHD02'} (logged to /Users/fuchitalee/development/minimax-marketing/x-monitoring/data/runs/2026-07-15/enum_dead_letter.jsonl)
dead-letter enum: family=role value='unknown' context={'table': 'brands_accounts', 'brand_id': 'mistral', 'author_id': 'handle:BMSInvests'} (logged to /Users/fuchitalee/development/minimax-marketing/x-monitoring/data/runs/2026-07-15/enum_dead_letter.jsonl)
dead-letter enum: family=role value='unknown' context={'table': 'brands_accounts', 'brand_id': 'mistral', 'author_id': 'handle:AZERDSQ0329'} (logged to /Users/fuchitalee/development/minimax-marketing/x-monitoring/data/runs/2026-07-15/enum_dead_letter.jsonl)
dead-letter enum: family=role value='unknown' context={'table': 'brands_accounts', 'brand_id': 'mistral', 'author_id': 'handle:pooopiidooo'} (logged to /Users/fuchitalee/development/minimax-marketing/x-monitoring/data/runs/2026-07-15/enum_dead_letter.jsonl)
dead-letter enum: family=role value='unknown' context={'table': 'brands_accounts', 'brand_id': 'mistral', 'author_id': 'handle:Issakimho'} (logged to /Users/fuchitalee/development/minimax-marketing/x-monitoring/data/runs/2026-07-15/enum_dead_letter.jsonl)
dead-letter enum: family=role value='unknown' context={'table': 'brands_accounts', 'brand_id': 'mistral', 'author_id': 'handle:JamelSadaronne'} (logged to /Users/fuchitalee/development/minimax-marketing/x-monitoring/data/runs/2026-07-15/enum_dead_letter.jsonl)
dead-letter enum: family=role value='unknown' context={'table': 'brands_accounts', 'brand_id': 'mistral', 'author_id': 'handle:bauhaus_1973'} (logged to /Users/fuchitalee/development/minimax-marketing/x-monitoring/data/runs/2026-07-15/enum_dead_letter.jsonl)
dead-letter enum: family=role value='unknown' context={'table': 'brands_accounts', 'brand_id': 'mistral', 'author_id': 'handle:Vegan_critique'} (logged to /Users/fuchitalee/development/minimax-marketing/x-monitoring/data/runs/2026-07-15/enum_dead_letter.jsonl)
dead-letter enum: family=role value='unknown' context={'table': 'brands_accounts', 'brand_id': 'mistral', 'author_id': 'handle:DylangerDaly'} (logged to /Users/fuchitalee/development/minimax-marketing/x-monitoring/data/runs/2026-07-15/enum_dead_letter.jsonl)
dead-letter enum: family=role value='unknown' context={'table': 'brands_accounts', 'brand_id': 'mistral', 'author_id': 'handle:omidsaffari'} (logged to /Users/fuchitalee/development/minimax-marketing/x-monitoring/data/runs/2026-07-15/enum_dead_letter.jsonl)
dead-letter enum: family=role value='unknown' context={'table': 'brands_accounts', 'brand_id': 'mistral', 'author_id': 'handle:sdlangshaw'} (logged to /Users/fuchitalee/development/minimax-marketing/x-monitoring/data/runs/2026-07-15/enum_dead_letter.jsonl)
dead-letter enum: family=role value='unknown' context={'table': 'brands_accounts', 'brand_id': 'mistral', 'author_id': 'handle:klingerlydie'} (logged to /Users/fuchitalee/development/minimax-marketing/x-monitoring/data/runs/2026-07-15/enum_dead_letter.jsonl)
dead-letter enum: family=role value='unknown' context={'table': 'brands_accounts', 'brand_id': 'mistral', 'author_id': 'handle:Su_Morenito_196'} (logged to /Users/fuchitalee/development/minimax-marketing/x-monitoring/data/runs/2026-07-15/enum_dead_letter.jsonl)
dead-letter enum: family=role value='unknown' context={'table': 'brands_accounts', 'brand_id': 'mistral', 'author_id': 'handle:mathieu51463108'} (logged to /Users/fuchitalee/development/minimax-marketing/x-monitoring/data/runs/2026-07-15/enum_dead_letter.jsonl)
dead-letter enum: family=role value='unknown' context={'table': 'brands_accounts', 'brand_id': 'mistral', 'author_id': 'handle:Myrthios13'} (logged to /Users/fuchitalee/development/minimax-marketing/x-monitoring/data/runs/2026-07-15/enum_dead_letter.jsonl)
dead-letter enum: family=role value='unknown' context={'table': 'brands_accounts', 'brand_id': 'mistral', 'author_id': 'handle:mr_beef_12'} (logged to /Users/fuchitalee/development/minimax-marketing/x-monitoring/data/runs/2026-07-15/enum_dead_letter.jsonl)
dead-letter enum: family=role value='unknown' context={'table': 'brands_accounts', 'brand_id': 'mistral', 'author_id': 'handle:KarineFavre'} (logged to /Users/fuchitalee/development/minimax-marketing/x-monitoring/data/runs/2026-07-15/enum_dead_letter.jsonl)
dead-letter enum: family=role value='unknown' context={'table': 'brands_accounts', 'brand_id': 'mistral', 'author_id': 'handle:ronbmp'} (logged to /Users/fuchitalee/development/minimax-marketing/x-monitoring/data/runs/2026-07-15/enum_dead_letter.jsonl)
dead-letter enum: family=role value='unknown' context={'table': 'brands_accounts', 'brand_id': 'mistral', 'author_id': 'handle:MamaiFrancet'} (logged to /Users/fuchitalee/development/minimax-marketing/x-monitoring/data/runs/2026-07-15/enum_dead_letter.jsonl)
dead-letter enum: family=role value='unknown' context={'table': 'brands_accounts', 'brand_id': 'mistral', 'author_id': 'handle:laRepublicaXavi'} (logged to /Users/fuchitalee/development/minimax-marketing/x-monitoring/data/runs/2026-07-15/enum_dead_letter.jsonl)
dead-letter enum: family=role value='unknown' context={'table': 'brands_accounts', 'brand_id': 'mistral', 'author_id': 'handle:KangaroOz3D'} (logged to /Users/fuchitalee/development/minimax-marketing/x-monitoring/data/runs/2026-07-15/enum_dead_letter.jsonl)
dead-letter enum: family=role value='unknown' context={'table': 'brands_accounts', 'brand_id': 'mistral', 'author_id': 'handle:alex'} (logged to /Users/fuchitalee/development/minimax-marketing/x-monitoring/data/runs/2026-07-15/enum_dead_letter.jsonl)
dead-letter enum: family=role value='unknown' context={'table': 'brands_accounts', 'brand_id': 'mistral', 'author_id': 'handle:kiran_2point0'} (logged to /Users/fuchitalee/development/minimax-marketing/x-monitoring/data/runs/2026-07-15/enum_dead_letter.jsonl)
dead-letter enum: family=role value='unknown' context={'table': 'brands_accounts', 'brand_id': 'mistral', 'author_id': 'handle:rsensui'} (logged to /Users/fuchitalee/development/minimax-marketing/x-monitoring/data/runs/2026-07-15/enum_dead_letter.jsonl)
dead-letter enum: family=role value='unknown' context={'table': 'brands_accounts', 'brand_id': 'mistral', 'author_id': 'handle:obsolete26'} (logged to /Users/fuchitalee/development/minimax-marketing/x-monitoring/data/runs/2026-07-15/enum_dead_letter.jsonl)
dead-letter enum: family=role value='unknown' context={'table': 'brands_accounts', 'brand_id': 'mistral', 'author_id': 'handle:LaylaEleira'} (logged to /Users/fuchitalee/development/minimax-marketing/x-monitoring/data/runs/2026-07-15/enum_dead_letter.jsonl)
dead-letter enum: family=role value='unknown' context={'table': 'brands_accounts', 'brand_id': 'mistral', 'author_id': 'handle:StudentOffersHQ'} (logged to /Users/fuchitalee/development/minimax-marketing/x-monitoring/data/runs/2026-07-15/enum_dead_letter.jsonl)
dead-letter enum: family=role value='unknown' context={'table': 'brands_accounts', 'brand_id': 'mistral', 'author_id': 'handle:theisbuilds'} (logged to /Users/fuchitalee/development/minimax-marketing/x-monitoring/data/runs/2026-07-15/enum_dead_letter.jsonl)
dead-letter enum: family=role value='unknown' context={'table': 'brands_accounts', 'brand_id': 'mistral', 'author_id': 'handle:__wolfgrey__'} (logged to /Users/fuchitalee/development/minimax-marketing/x-monitoring/data/runs/2026-07-15/enum_dead_letter.jsonl)
dead-letter enum: family=role value='unknown' context={'table': 'brands_accounts', 'brand_id': 'mistral', 'author_id': 'handle:InvestAugmente'} (logged to /Users/fuchitalee/development/minimax-marketing/x-monitoring/data/runs/2026-07-15/enum_dead_letter.jsonl)
dead-letter enum: family=role value='unknown' context={'table': 'brands_accounts', 'brand_id': 'mistral', 'author_id': 'handle:Zum_Gee'} (logged to /Users/fuchitalee/development/minimax-marketing/x-monitoring/data/runs/2026-07-15/enum_dead_letter.jsonl)
dead-letter enum: family=role value='unknown' context={'table': 'brands_accounts', 'brand_id': 'mistral', 'author_id': 'handle:FragranceAESTCS'} (logged to /Users/fuchitalee/development/minimax-marketing/x-monitoring/data/runs/2026-07-15/enum_dead_letter.jsonl)
dead-letter enum: family=role value='unknown' context={'table': 'brands_accounts', 'brand_id': 'mistral', 'author_id': 'handle:UsachGenero'} (logged to /Users/fuchitalee/development/minimax-marketing/x-monitoring/data/runs/2026-07-15/enum_dead_letter.jsonl)
dead-letter enum: family=role value='unknown' context={'table': 'brands_accounts', 'brand_id': 'mistral', 'author_id': 'handle:LucOnFinance'} (logged to /Users/fuchitalee/development/minimax-marketing/x-monitoring/data/runs/2026-07-15/enum_dead_letter.jsonl)
dead-letter enum: family=role value='unknown' context={'table': 'brands_accounts', 'brand_id': 'mistral', 'author_id': 'handle:TechPostsEU'} (logged to /Users/fuchitalee/development/minimax-marketing/x-monitoring/data/runs/2026-07-15/enum_dead_letter.jsonl)
dead-letter enum: family=role value='unknown' context={'table': 'brands_accounts', 'brand_id': 'mistral', 'author_id': 'handle:EastlondonDev'} (logged to /Users/fuchitalee/development/minimax-marketing/x-monitoring/data/runs/2026-07-15/enum_dead_letter.jsonl)
dead-letter enum: family=role value='unknown' context={'table': 'brands_accounts', 'brand_id': 'mistral', 'author_id': 'handle:abhilashi'} (logged to /Users/fuchitalee/development/minimax-marketing/x-monitoring/data/runs/2026-07-15/enum_dead_letter.jsonl)
dead-letter enum: family=role value='unknown' context={'table': 'brands_accounts', 'brand_id': 'mistral', 'author_id': 'handle:ditorodev'} (logged to /Users/fuchitalee/development/minimax-marketing/x-monitoring/data/runs/2026-07-15/enum_dead_letter.jsonl)
dead-letter enum: family=role value='unknown' context={'table': 'brands_accounts', 'brand_id': 'mistral', 'author_id': 'handle:ThomAub'} (logged to /Users/fuchitalee/development/minimax-marketing/x-monitoring/data/runs/2026-07-15/enum_dead_letter.jsonl)
dead-letter enum: family=role value='unknown' context={'table': 'brands_accounts', 'brand_id': 'mistral', 'author_id': 'handle:ai_studioxyz'} (logged to /Users/fuchitalee/development/minimax-marketing/x-monitoring/data/runs/2026-07-15/enum_dead_letter.jsonl)
dead-letter enum: family=role value='unknown' context={'table': 'brands_accounts', 'brand_id': 'mistral', 'author_id': 'handle:Motion_Drive_'} (logged to /Users/fuchitalee/development/minimax-marketing/x-monitoring/data/runs/2026-07-15/enum_dead_letter.jsonl)
dead-letter enum: family=role value='unknown' context={'table': 'brands_accounts', 'brand_id': 'mistral', 'author_id': 'handle:miadoku1024'} (logged to /Users/fuchitalee/development/minimax-marketing/x-monitoring/data/runs/2026-07-15/enum_dead_letter.jsonl)
dead-letter enum: family=role value='unknown' context={'table': 'brands_accounts', 'brand_id': 'mistral', 'author_id': 'handle:dteam69'} (logged to /Users/fuchitalee/development/minimax-marketing/x-monitoring/data/runs/2026-07-15/enum_dead_letter.jsonl)
dead-letter enum: family=role value='unknown' context={'table': 'brands_accounts', 'brand_id': 'mistral', 'author_id': 'handle:integrate_ai'} (logged to /Users/fuchitalee/development/minimax-marketing/x-monitoring/data/runs/2026-07-15/enum_dead_letter.jsonl)
dead-letter enum: family=role value='unknown' context={'table': 'brands_accounts', 'brand_id': 'mistral', 'author_id': 'handle:Aiglesaphir'} (logged to /Users/fuchitalee/development/minimax-marketing/x-monitoring/data/runs/2026-07-15/enum_dead_letter.jsonl)
dead-letter enum: family=role value='unknown' context={'table': 'brands_accounts', 'brand_id': 'mistral', 'author_id': 'handle:michuk'} (logged to /Users/fuchitalee/development/minimax-marketing/x-monitoring/data/runs/2026-07-15/enum_dead_letter.jsonl)
dead-letter enum: family=role value='unknown' context={'table': 'brands_accounts', 'brand_id': 'mistral', 'author_id': 'handle:LeHibou06'} (logged to /Users/fuchitalee/development/minimax-marketing/x-monitoring/data/runs/2026-07-15/enum_dead_letter.jsonl)
dead-letter enum: family=role value='unknown' context={'table': 'brands_accounts', 'brand_id': 'mistral', 'author_id': 'handle:basedpolymer'} (logged to /Users/fuchitalee/development/minimax-marketing/x-monitoring/data/runs/2026-07-15/enum_dead_letter.jsonl)
dead-letter enum: family=role value='unknown' context={'table': 'brands_accounts', 'brand_id': 'stepfun', 'author_id': 'handle:bepituLaz'} (logged to /Users/fuchitalee/development/minimax-marketing/x-monitoring/data/runs/2026-07-15/enum_dead_letter.jsonl)
dead-letter enum: family=role value='unknown' context={'table': 'brands_accounts', 'brand_id': 'stepfun', 'author_id': 'handle:TheAIShrink'} (logged to /Users/fuchitalee/development/minimax-marketing/x-monitoring/data/runs/2026-07-15/enum_dead_letter.jsonl)
dead-letter enum: family=role value='unknown' context={'table': 'brands_accounts', 'brand_id': 'stepfun', 'author_id': 'handle:RaoulDukeDegen'} (logged to /Users/fuchitalee/development/minimax-marketing/x-monitoring/data/runs/2026-07-15/enum_dead_letter.jsonl)
dead-letter enum: family=role value='unknown' context={'table': 'brands_accounts', 'brand_id': 'stepfun', 'author_id': 'handle:poezhao0605'} (logged to /Users/fuchitalee/development/minimax-marketing/x-monitoring/data/runs/2026-07-15/enum_dead_letter.jsonl)
dead-letter enum: family=role value='unknown' context={'table': 'brands_accounts', 'brand_id': 'stepfun', 'author_id': 'handle:FoolaFroos'} (logged to /Users/fuchitalee/development/minimax-marketing/x-monitoring/data/runs/2026-07-15/enum_dead_letter.jsonl)
dead-letter enum: family=role value='unknown' context={'table': 'brands_accounts', 'brand_id': 'stepfun', 'author_id': 'handle:georgecursor'} (logged to /Users/fuchitalee/development/minimax-marketing/x-monitoring/data/runs/2026-07-15/enum_dead_letter.jsonl)
dead-letter enum: family=role value='unknown' context={'table': 'brands_accounts', 'brand_id': 'stepfun', 'author_id': 'handle:etuge_a'} (logged to /Users/fuchitalee/development/minimax-marketing/x-monitoring/data/runs/2026-07-15/enum_dead_letter.jsonl)
dead-letter enum: family=role value='unknown' context={'table': 'brands_accounts', 'brand_id': 'ernie', 'author_id': 'handle:Meshs_One'} (logged to /Users/fuchitalee/development/minimax-marketing/x-monitoring/data/runs/2026-07-15/enum_dead_letter.jsonl)
dead-letter enum: family=role value='unknown' context={'table': 'brands_accounts', 'brand_id': 'ernie', 'author_id': 'handle:PedroSorrentin0'} (logged to /Users/fuchitalee/development/minimax-marketing/x-monitoring/data/runs/2026-07-15/enum_dead_letter.jsonl)
dead-letter enum: family=role value='unknown' context={'table': 'brands_accounts', 'brand_id': 'ernie', 'author_id': 'handle:GusSolano44'} (logged to /Users/fuchitalee/development/minimax-marketing/x-monitoring/data/runs/2026-07-15/enum_dead_letter.jsonl)
dead-letter enum: family=role value='unknown' context={'table': 'brands_accounts', 'brand_id': 'ernie', 'author_id': 'handle:Mickeypaws1'} (logged to /Users/fuchitalee/development/minimax-marketing/x-monitoring/data/runs/2026-07-15/enum_dead_letter.jsonl)
dead-letter enum: family=role value='unknown' context={'table': 'brands_accounts', 'brand_id': 'ernie', 'author_id': 'handle:StevenK47680927'} (logged to /Users/fuchitalee/development/minimax-marketing/x-monitoring/data/runs/2026-07-15/enum_dead_letter.jsonl)
dead-letter enum: family=role value='unknown' context={'table': 'brands_accounts', 'brand_id': 'ernie', 'author_id': 'handle:DirtclodHogg'} (logged to /Users/fuchitalee/development/minimax-marketing/x-monitoring/data/runs/2026-07-15/enum_dead_letter.jsonl)
dead-letter enum: family=role value='unknown' context={'table': 'brands_accounts', 'brand_id': 'ernie', 'author_id': 'handle:kj6712aaaaaa'} (logged to /Users/fuchitalee/development/minimax-marketing/x-monitoring/data/runs/2026-07-15/enum_dead_letter.jsonl)
dead-letter enum: family=role value='unknown' context={'table': 'brands_accounts', 'brand_id': 'ernie', 'author_id': 'handle:LisaJen83094400'} (logged to /Users/fuchitalee/development/minimax-marketing/x-monitoring/data/runs/2026-07-15/enum_dead_letter.jsonl)
dead-letter enum: family=role value='unknown' context={'table': 'brands_accounts', 'brand_id': 'ernie', 'author_id': 'handle:varshos_glove'} (logged to /Users/fuchitalee/development/minimax-marketing/x-monitoring/data/runs/2026-07-15/enum_dead_letter.jsonl)
dead-letter enum: family=role value='unknown' context={'table': 'brands_accounts', 'brand_id': 'ernie', 'author_id': 'handle:RogerMacLeod4'} (logged to /Users/fuchitalee/development/minimax-marketing/x-monitoring/data/runs/2026-07-15/enum_dead_letter.jsonl)
dead-letter enum: family=role value='unknown' context={'table': 'brands_accounts', 'brand_id': 'ernie', 'author_id': 'handle:ErnieCaplanson'} (logged to /Users/fuchitalee/development/minimax-marketing/x-monitoring/data/runs/2026-07-15/enum_dead_letter.jsonl)
dead-letter enum: family=role value='unknown' context={'table': 'brands_accounts', 'brand_id': 'ernie', 'author_id': 'handle:predictor_mlb'} (logged to /Users/fuchitalee/development/minimax-marketing/x-monitoring/data/runs/2026-07-15/enum_dead_letter.jsonl)
dead-letter enum: family=role value='unknown' context={'table': 'brands_accounts', 'brand_id': 'ernie', 'author_id': 'handle:BaileyNYM40'} (logged to /Users/fuchitalee/development/minimax-marketing/x-monitoring/data/runs/2026-07-15/enum_dead_letter.jsonl)
dead-letter enum: family=role value='unknown' context={'table': 'brands_accounts', 'brand_id': 'ernie', 'author_id': 'handle:ObeGarcia2'} (logged to /Users/fuchitalee/development/minimax-marketing/x-monitoring/data/runs/2026-07-15/enum_dead_letter.jsonl)
dead-letter enum: family=role value='unknown' context={'table': 'brands_accounts', 'brand_id': 'ernie', 'author_id': 'handle:Bentalksports'} (logged to /Users/fuchitalee/development/minimax-marketing/x-monitoring/data/runs/2026-07-15/enum_dead_letter.jsonl)
dead-letter enum: family=role value='unknown' context={'table': 'brands_accounts', 'brand_id': 'ernie', 'author_id': 'handle:youngZbruh'} (logged to /Users/fuchitalee/development/minimax-marketing/x-monitoring/data/runs/2026-07-15/enum_dead_letter.jsonl)
dead-letter enum: family=role value='unknown' context={'table': 'brands_accounts', 'brand_id': 'ernie', 'author_id': 'handle:Miikeeed'} (logged to /Users/fuchitalee/development/minimax-marketing/x-monitoring/data/runs/2026-07-15/enum_dead_letter.jsonl)
dead-letter enum: family=role value='unknown' context={'table': 'brands_accounts', 'brand_id': 'ernie', 'author_id': 'handle:DonDodd1964'} (logged to /Users/fuchitalee/development/minimax-marketing/x-monitoring/data/runs/2026-07-15/enum_dead_letter.jsonl)
dead-letter enum: family=role value='unknown' context={'table': 'brands_accounts', 'brand_id': 'ernie', 'author_id': 'handle:TheValueist'} (logged to /Users/fuchitalee/development/minimax-marketing/x-monitoring/data/runs/2026-07-15/enum_dead_letter.jsonl)
dead-letter enum: family=role value='unknown' context={'table': 'brands_accounts', 'brand_id': 'ernie', 'author_id': 'handle:TiesvanHoek'} (logged to /Users/fuchitalee/development/minimax-marketing/x-monitoring/data/runs/2026-07-15/enum_dead_letter.jsonl)
dead-letter enum: family=role value='unknown' context={'table': 'brands_accounts', 'brand_id': 'ernie', 'author_id': 'handle:TSN_923'} (logged to /Users/fuchitalee/development/minimax-marketing/x-monitoring/data/runs/2026-07-15/enum_dead_letter.jsonl)
dead-letter enum: family=role value='unknown' context={'table': 'brands_accounts', 'brand_id': 'ernie', 'author_id': 'handle:RosiePaler93767'} (logged to /Users/fuchitalee/development/minimax-marketing/x-monitoring/data/runs/2026-07-15/enum_dead_letter.jsonl)
dead-letter enum: family=role value='unknown' context={'table': 'brands_accounts', 'brand_id': 'ernie', 'author_id': 'handle:Lulu99169723'} (logged to /Users/fuchitalee/development/minimax-marketing/x-monitoring/data/runs/2026-07-15/enum_dead_letter.jsonl)
dead-letter enum: family=role value='unknown' context={'table': 'brands_accounts', 'brand_id': 'ernie', 'author_id': 'handle:SarahMLdnEnBr2'} (logged to /Users/fuchitalee/development/minimax-marketing/x-monitoring/data/runs/2026-07-15/enum_dead_letter.jsonl)
dead-letter enum: family=role value='unknown' context={'table': 'brands_accounts', 'brand_id': 'ernie', 'author_id': 'handle:sappige'} (logged to /Users/fuchitalee/development/minimax-marketing/x-monitoring/data/runs/2026-07-15/enum_dead_letter.jsonl)
dead-letter enum: family=role value='unknown' context={'table': 'brands_accounts', 'brand_id': 'ernie', 'author_id': 'handle:pojack2245'} (logged to /Users/fuchitalee/development/minimax-marketing/x-monitoring/data/runs/2026-07-15/enum_dead_letter.jsonl)
dead-letter enum: family=role value='unknown' context={'table': 'brands_accounts', 'brand_id': 'ernie', 'author_id': 'handle:TastyMorcels'} (logged to /Users/fuchitalee/development/minimax-marketing/x-monitoring/data/runs/2026-07-15/enum_dead_letter.jsonl)
dead-letter enum: family=role value='unknown' context={'table': 'brands_accounts', 'brand_id': 'ernie', 'author_id': 'handle:FeedRosie'} (logged to /Users/fuchitalee/development/minimax-marketing/x-monitoring/data/runs/2026-07-15/enum_dead_letter.jsonl)
dead-letter enum: family=role value='unknown' context={'table': 'brands_accounts', 'brand_id': 'ernie', 'author_id': 'handle:Turquoise__Cat'} (logged to /Users/fuchitalee/development/minimax-marketing/x-monitoring/data/runs/2026-07-15/enum_dead_letter.jsonl)
dead-letter enum: family=role value='unknown' context={'table': 'brands_accounts', 'brand_id': 'ernie', 'author_id': 'handle:annielynnshea'} (logged to /Users/fuchitalee/development/minimax-marketing/x-monitoring/data/runs/2026-07-15/enum_dead_letter.jsonl)
dead-letter enum: family=role value='unknown' context={'table': 'brands_accounts', 'brand_id': 'ernie', 'author_id': 'handle:jr_bohl'} (logged to /Users/fuchitalee/development/minimax-marketing/x-monitoring/data/runs/2026-07-15/enum_dead_letter.jsonl)
dead-letter enum: family=role value='unknown' context={'table': 'brands_accounts', 'brand_id': 'ernie', 'author_id': 'handle:danielchaitin7'} (logged to /Users/fuchitalee/development/minimax-marketing/x-monitoring/data/runs/2026-07-15/enum_dead_letter.jsonl)
dead-letter enum: family=role value='unknown' context={'table': 'brands_accounts', 'brand_id': 'ernie', 'author_id': 'handle:cjs3872'} (logged to /Users/fuchitalee/development/minimax-marketing/x-monitoring/data/runs/2026-07-15/enum_dead_letter.jsonl)
dead-letter enum: family=role value='unknown' context={'table': 'brands_accounts', 'brand_id': 'ernie', 'author_id': 'handle:dailybrettkulak'} (logged to /Users/fuchitalee/development/minimax-marketing/x-monitoring/data/runs/2026-07-15/enum_dead_letter.jsonl)
dead-letter enum: family=role value='unknown' context={'table': 'brands_accounts', 'brand_id': 'ernie', 'author_id': 'handle:ViaMias11'} (logged to /Users/fuchitalee/development/minimax-marketing/x-monitoring/data/runs/2026-07-15/enum_dead_letter.jsonl)
dead-letter enum: family=role value='unknown' context={'table': 'brands_accounts', 'brand_id': 'ernie', 'author_id': 'handle:roywoodjr'} (logged to /Users/fuchitalee/development/minimax-marketing/x-monitoring/data/runs/2026-07-15/enum_dead_letter.jsonl)
dead-letter enum: family=role value='unknown' context={'table': 'brands_accounts', 'brand_id': 'ernie', 'author_id': 'handle:michaeldsheedy'} (logged to /Users/fuchitalee/development/minimax-marketing/x-monitoring/data/runs/2026-07-15/enum_dead_letter.jsonl)
dead-letter enum: family=role value='unknown' context={'table': 'brands_accounts', 'brand_id': 'ernie', 'author_id': 'handle:AngieCa26314731'} (logged to /Users/fuchitalee/development/minimax-marketing/x-monitoring/data/runs/2026-07-15/enum_dead_letter.jsonl)
dead-letter enum: family=role value='unknown' context={'table': 'brands_accounts', 'brand_id': 'ernie', 'author_id': 'handle:TheShweeb'} (logged to /Users/fuchitalee/development/minimax-marketing/x-monitoring/data/runs/2026-07-15/enum_dead_letter.jsonl)
dead-letter enum: family=role value='unknown' context={'table': 'brands_accounts', 'brand_id': 'ernie', 'author_id': 'handle:ABRockNJock18'} (logged to /Users/fuchitalee/development/minimax-marketing/x-monitoring/data/runs/2026-07-15/enum_dead_letter.jsonl)
dead-letter enum: family=role value='unknown' context={'table': 'brands_accounts', 'brand_id': 'ernie', 'author_id': 'handle:mvpfloorservice'} (logged to /Users/fuchitalee/development/minimax-marketing/x-monitoring/data/runs/2026-07-15/enum_dead_letter.jsonl)
dead-letter enum: family=role value='unknown' context={'table': 'brands_accounts', 'brand_id': 'ernie', 'author_id': 'handle:bertzwart227052'} (logged to /Users/fuchitalee/development/minimax-marketing/x-monitoring/data/runs/2026-07-15/enum_dead_letter.jsonl)
dead-letter enum: family=role value='unknown' context={'table': 'brands_accounts', 'brand_id': 'ernie', 'author_id': 'handle:kicker_central'} (logged to /Users/fuchitalee/development/minimax-marketing/x-monitoring/data/runs/2026-07-15/enum_dead_letter.jsonl)
dead-letter enum: family=role value='unknown' context={'table': 'brands_accounts', 'brand_id': 'ernie', 'author_id': 'handle:theguv1956'} (logged to /Users/fuchitalee/development/minimax-marketing/x-monitoring/data/runs/2026-07-15/enum_dead_letter.jsonl)
dead-letter enum: family=role value='unknown' context={'table': 'brands_accounts', 'brand_id': 'ernie', 'author_id': 'handle:PeptoState'} (logged to /Users/fuchitalee/development/minimax-marketing/x-monitoring/data/runs/2026-07-15/enum_dead_letter.jsonl)
dead-letter enum: family=role value='unknown' context={'table': 'brands_accounts', 'brand_id': 'ernie', 'author_id': 'handle:BraydenDiBern1'} (logged to /Users/fuchitalee/development/minimax-marketing/x-monitoring/data/runs/2026-07-15/enum_dead_letter.jsonl)
dead-letter enum: family=role value='unknown' context={'table': 'brands_accounts', 'brand_id': 'ernie', 'author_id': 'handle:lufi112925'} (logged to /Users/fuchitalee/development/minimax-marketing/x-monitoring/data/runs/2026-07-15/enum_dead_letter.jsonl)
dead-letter enum: family=role value='unknown' context={'table': 'brands_accounts', 'brand_id': 'ernie', 'author_id': 'handle:Andr3Ag0g'} (logged to /Users/fuchitalee/development/minimax-marketing/x-monitoring/data/runs/2026-07-15/enum_dead_letter.jsonl)
dead-letter enum: family=role value='unknown' context={'table': 'brands_accounts', 'brand_id': 'ernie', 'author_id': 'handle:DCSportsDre'} (logged to /Users/fuchitalee/development/minimax-marketing/x-monitoring/data/runs/2026-07-15/enum_dead_letter.jsonl)
dead-letter enum: family=role value='unknown' context={'table': 'brands_accounts', 'brand_id': 'ernie', 'author_id': 'handle:boomtownrec'} (logged to /Users/fuchitalee/development/minimax-marketing/x-monitoring/data/runs/2026-07-15/enum_dead_letter.jsonl)
dead-letter enum: family=role value='unknown' context={'table': 'brands_accounts', 'brand_id': 'ernie', 'author_id': 'handle:hysterymystery'} (logged to /Users/fuchitalee/development/minimax-marketing/x-monitoring/data/runs/2026-07-15/enum_dead_letter.jsonl)
dead-letter enum: family=role value='unknown' context={'table': 'brands_accounts', 'brand_id': 'ernie', 'author_id': 'handle:doktertweets'} (logged to /Users/fuchitalee/development/minimax-marketing/x-monitoring/data/runs/2026-07-15/enum_dead_letter.jsonl)
dead-letter enum: family=role value='unknown' context={'table': 'brands_accounts', 'brand_id': 'ernie', 'author_id': 'handle:ErniesAngels'} (logged to /Users/fuchitalee/development/minimax-marketing/x-monitoring/data/runs/2026-07-15/enum_dead_letter.jsonl)
dead-letter enum: family=role value='unknown' context={'table': 'brands_accounts', 'brand_id': 'ernie', 'author_id': 'handle:CricketSurfing'} (logged to /Users/fuchitalee/development/minimax-marketing/x-monitoring/data/runs/2026-07-15/enum_dead_letter.jsonl)
dead-letter enum: family=role value='unknown' context={'table': 'brands_accounts', 'brand_id': 'ernie', 'author_id': 'handle:theblessedsalt'} (logged to /Users/fuchitalee/development/minimax-marketing/x-monitoring/data/runs/2026-07-15/enum_dead_letter.jsonl)
dead-letter enum: family=role value='unknown' context={'table': 'brands_accounts', 'brand_id': 'hunyuan', 'author_id': 'handle:OpenBuildxyz'} (logged to /Users/fuchitalee/development/minimax-marketing/x-monitoring/data/runs/2026-07-15/enum_dead_letter.jsonl)
dead-letter enum: family=role value='unknown' context={'table': 'brands_accounts', 'brand_id': 'hunyuan', 'author_id': 'handle:PedroSorrentin0'} (logged to /Users/fuchitalee/development/minimax-marketing/x-monitoring/data/runs/2026-07-15/enum_dead_letter.jsonl)
dead-letter enum: family=role value='unknown' context={'table': 'brands_accounts', 'brand_id': 'hunyuan', 'author_id': 'handle:TheValueist'} (logged to /Users/fuchitalee/development/minimax-marketing/x-monitoring/data/runs/2026-07-15/enum_dead_letter.jsonl)
dead-letter enum: family=role value='unknown' context={'table': 'brands_accounts', 'brand_id': 'hunyuan', 'author_id': 'handle:CyanideEmber'} (logged to /Users/fuchitalee/development/minimax-marketing/x-monitoring/data/runs/2026-07-15/enum_dead_letter.jsonl)
dead-letter enum: family=role value='unknown' context={'table': 'brands_accounts', 'brand_id': 'hunyuan', 'author_id': 'handle:arbestor'} (logged to /Users/fuchitalee/development/minimax-marketing/x-monitoring/data/runs/2026-07-15/enum_dead_letter.jsonl)
dead-letter enum: family=role value='unknown' context={'table': 'brands_accounts', 'brand_id': 'llama', 'author_id': 'handle:MeryemArik9'} (logged to /Users/fuchitalee/development/minimax-marketing/x-monitoring/data/runs/2026-07-15/enum_dead_letter.jsonl)
dead-letter enum: family=role value='unknown' context={'table': 'brands_accounts', 'brand_id': 'llama', 'author_id': 'handle:iletimerkezi'} (logged to /Users/fuchitalee/development/minimax-marketing/x-monitoring/data/runs/2026-07-15/enum_dead_letter.jsonl)
dead-letter enum: family=role value='unknown' context={'table': 'brands_accounts', 'brand_id': 'llama', 'author_id': 'handle:kubedoll'} (logged to /Users/fuchitalee/development/minimax-marketing/x-monitoring/data/runs/2026-07-15/enum_dead_letter.jsonl)
dead-letter enum: family=role value='unknown' context={'table': 'brands_accounts', 'brand_id': 'llama', 'author_id': 'handle:gitcommit90'} (logged to /Users/fuchitalee/development/minimax-marketing/x-monitoring/data/runs/2026-07-15/enum_dead_letter.jsonl)
dead-letter enum: family=role value='unknown' context={'table': 'brands_accounts', 'brand_id': 'llama', 'author_id': 'handle:Awesome_O_AI'} (logged to /Users/fuchitalee/development/minimax-marketing/x-monitoring/data/runs/2026-07-15/enum_dead_letter.jsonl)
dead-letter enum: family=role value='unknown' context={'table': 'brands_accounts', 'brand_id': 'llama', 'author_id': 'handle:xao_lanVT'} (logged to /Users/fuchitalee/development/minimax-marketing/x-monitoring/data/runs/2026-07-15/enum_dead_letter.jsonl)
dead-letter enum: family=role value='unknown' context={'table': 'brands_accounts', 'brand_id': 'llama', 'author_id': 'handle:Presidentlin'} (logged to /Users/fuchitalee/development/minimax-marketing/x-monitoring/data/runs/2026-07-15/enum_dead_letter.jsonl)
dead-letter enum: family=role value='unknown' context={'table': 'brands_accounts', 'brand_id': 'llama', 'author_id': 'handle:ljupc0'} (logged to /Users/fuchitalee/development/minimax-marketing/x-monitoring/data/runs/2026-07-15/enum_dead_letter.jsonl)
dead-letter enum: family=role value='unknown' context={'table': 'brands_accounts', 'brand_id': 'llama', 'author_id': 'handle:openingai_com'} (logged to /Users/fuchitalee/development/minimax-marketing/x-monitoring/data/runs/2026-07-15/enum_dead_letter.jsonl)
dead-letter enum: family=role value='unknown' context={'table': 'brands_accounts', 'brand_id': 'llama', 'author_id': 'handle:HuggingModels'} (logged to /Users/fuchitalee/development/minimax-marketing/x-monitoring/data/runs/2026-07-15/enum_dead_letter.jsonl)
dead-letter enum: family=role value='unknown' context={'table': 'brands_accounts', 'brand_id': 'llama', 'author_id': 'handle:arlogilbert'} (logged to /Users/fuchitalee/development/minimax-marketing/x-monitoring/data/runs/2026-07-15/enum_dead_letter.jsonl)
dead-letter enum: family=role value='unknown' context={'table': 'brands_accounts', 'brand_id': 'llama', 'author_id': 'handle:robberviet'} (logged to /Users/fuchitalee/development/minimax-marketing/x-monitoring/data/runs/2026-07-15/enum_dead_letter.jsonl)
dead-letter enum: family=role value='unknown' context={'table': 'brands_accounts', 'brand_id': 'llama', 'author_id': 'handle:childofrose_'} (logged to /Users/fuchitalee/development/minimax-marketing/x-monitoring/data/runs/2026-07-15/enum_dead_letter.jsonl)
dead-letter enum: family=role value='unknown' context={'table': 'brands_accounts', 'brand_id': 'llama', 'author_id': 'handle:_pasadenian_'} (logged to /Users/fuchitalee/development/minimax-marketing/x-monitoring/data/runs/2026-07-15/enum_dead_letter.jsonl)
dead-letter enum: family=role value='unknown' context={'table': 'brands_accounts', 'brand_id': 'llama', 'author_id': 'handle:HedgeyeComm'} (logged to /Users/fuchitalee/development/minimax-marketing/x-monitoring/data/runs/2026-07-15/enum_dead_letter.jsonl)
dead-letter enum: family=role value='unknown' context={'table': 'brands_accounts', 'brand_id': 'llama', 'author_id': 'handle:KingOfBitchain'} (logged to /Users/fuchitalee/development/minimax-marketing/x-monitoring/data/runs/2026-07-15/enum_dead_letter.jsonl)
dead-letter enum: family=role value='unknown' context={'table': 'brands_accounts', 'brand_id': 'llama', 'author_id': 'handle:glitchtruth'} (logged to /Users/fuchitalee/development/minimax-marketing/x-monitoring/data/runs/2026-07-15/enum_dead_letter.jsonl)
dead-letter enum: family=role value='unknown' context={'table': 'brands_accounts', 'brand_id': 'llama', 'author_id': 'handle:pdurlej'} (logged to /Users/fuchitalee/development/minimax-marketing/x-monitoring/data/runs/2026-07-15/enum_dead_letter.jsonl)
dead-letter enum: family=role value='unknown' context={'table': 'brands_accounts', 'brand_id': 'llama', 'author_id': 'handle:IndigoStarAI'} (logged to /Users/fuchitalee/development/minimax-marketing/x-monitoring/data/runs/2026-07-15/enum_dead_letter.jsonl)
dead-letter enum: family=role value='unknown' context={'table': 'brands_accounts', 'brand_id': 'llama', 'author_id': 'handle:cyberjev'} (logged to /Users/fuchitalee/development/minimax-marketing/x-monitoring/data/runs/2026-07-15/enum_dead_letter.jsonl)
dead-letter enum: family=role value='unknown' context={'table': 'brands_accounts', 'brand_id': 'llama', 'author_id': 'handle:ciruai'} (logged to /Users/fuchitalee/development/minimax-marketing/x-monitoring/data/runs/2026-07-15/enum_dead_letter.jsonl)
dead-letter enum: family=role value='unknown' context={'table': 'brands_accounts', 'brand_id': 'llama', 'author_id': 'handle:iGoinsane101'} (logged to /Users/fuchitalee/development/minimax-marketing/x-monitoring/data/runs/2026-07-15/enum_dead_letter.jsonl)
dead-letter enum: family=role value='unknown' context={'table': 'brands_accounts', 'brand_id': 'llama', 'author_id': 'handle:spiritbuun'} (logged to /Users/fuchitalee/development/minimax-marketing/x-monitoring/data/runs/2026-07-15/enum_dead_letter.jsonl)
dead-letter enum: family=role value='unknown' context={'table': 'brands_accounts', 'brand_id': 'llama', 'author_id': 'handle:danyurkin'} (logged to /Users/fuchitalee/development/minimax-marketing/x-monitoring/data/runs/2026-07-15/enum_dead_letter.jsonl)
dead-letter enum: family=role value='unknown' context={'table': 'brands_accounts', 'brand_id': 'llama', 'author_id': 'handle:ItsmeAjayKV'} (logged to /Users/fuchitalee/development/minimax-marketing/x-monitoring/data/runs/2026-07-15/enum_dead_letter.jsonl)
dead-letter enum: family=role value='unknown' context={'table': 'brands_accounts', 'brand_id': 'llama', 'author_id': 'handle:SOntheotherside'} (logged to /Users/fuchitalee/development/minimax-marketing/x-monitoring/data/runs/2026-07-15/enum_dead_letter.jsonl)
dead-letter enum: family=role value='unknown' context={'table': 'brands_accounts', 'brand_id': 'llama', 'author_id': 'handle:Ed_L_P'} (logged to /Users/fuchitalee/development/minimax-marketing/x-monitoring/data/runs/2026-07-15/enum_dead_letter.jsonl)
dead-letter enum: family=role value='unknown' context={'table': 'brands_accounts', 'brand_id': 'llama', 'author_id': 'handle:OrderlyCN_'} (logged to /Users/fuchitalee/development/minimax-marketing/x-monitoring/data/runs/2026-07-15/enum_dead_letter.jsonl)
dead-letter enum: family=role value='unknown' context={'table': 'brands_accounts', 'brand_id': 'llama', 'author_id': 'handle:abel_judd'} (logged to /Users/fuchitalee/development/minimax-marketing/x-monitoring/data/runs/2026-07-15/enum_dead_letter.jsonl)
dead-letter enum: family=role value='unknown' context={'table': 'brands_accounts', 'brand_id': 'llama', 'author_id': 'handle:Bassmaster187'} (logged to /Users/fuchitalee/development/minimax-marketing/x-monitoring/data/runs/2026-07-15/enum_dead_letter.jsonl)
dead-letter enum: family=role value='unknown' context={'table': 'brands_accounts', 'brand_id': 'llama', 'author_id': 'handle:thestreamingdev'} (logged to /Users/fuchitalee/development/minimax-marketing/x-monitoring/data/runs/2026-07-15/enum_dead_letter.jsonl)
dead-letter enum: family=role value='unknown' context={'table': 'brands_accounts', 'brand_id': 'llama', 'author_id': 'handle:Peramanathan'} (logged to /Users/fuchitalee/development/minimax-marketing/x-monitoring/data/runs/2026-07-15/enum_dead_letter.jsonl)
dead-letter enum: family=role value='unknown' context={'table': 'brands_accounts', 'brand_id': 'llama', 'author_id': 'handle:Bhavyaztwt'} (logged to /Users/fuchitalee/development/minimax-marketing/x-monitoring/data/runs/2026-07-15/enum_dead_letter.jsonl)
dead-letter enum: family=role value='unknown' context={'table': 'brands_accounts', 'brand_id': 'llama', 'author_id': 'handle:dan_deadhead'} (logged to /Users/fuchitalee/development/minimax-marketing/x-monitoring/data/runs/2026-07-15/enum_dead_letter.jsonl)
dead-letter enum: family=role value='unknown' context={'table': 'brands_accounts', 'brand_id': 'llama', 'author_id': 'handle:KalpickSharma'} (logged to /Users/fuchitalee/development/minimax-marketing/x-monitoring/data/runs/2026-07-15/enum_dead_letter.jsonl)
dead-letter enum: family=role value='unknown' context={'table': 'brands_accounts', 'brand_id': 'llama', 'author_id': 'handle:CertainLogicAI'} (logged to /Users/fuchitalee/development/minimax-marketing/x-monitoring/data/runs/2026-07-15/enum_dead_letter.jsonl)
dead-letter enum: family=role value='unknown' context={'table': 'brands_accounts', 'brand_id': 'llama', 'author_id': 'handle:Qubax_Ai'} (logged to /Users/fuchitalee/development/minimax-marketing/x-monitoring/data/runs/2026-07-15/enum_dead_letter.jsonl)
dead-letter enum: family=role value='unknown' context={'table': 'brands_accounts', 'brand_id': 'llama', 'author_id': 'handle:kamedo2'} (logged to /Users/fuchitalee/development/minimax-marketing/x-monitoring/data/runs/2026-07-15/enum_dead_letter.jsonl)
dead-letter enum: family=role value='unknown' context={'table': 'brands_accounts', 'brand_id': 'llama', 'author_id': 'handle:aitoolhouse'} (logged to /Users/fuchitalee/development/minimax-marketing/x-monitoring/data/runs/2026-07-15/enum_dead_letter.jsonl)
dead-letter enum: family=role value='unknown' context={'table': 'brands_accounts', 'brand_id': 'llama', 'author_id': 'handle:Fran_actua'} (logged to /Users/fuchitalee/development/minimax-marketing/x-monitoring/data/runs/2026-07-15/enum_dead_letter.jsonl)
dead-letter enum: family=role value='unknown' context={'table': 'brands_accounts', 'brand_id': 'llama', 'author_id': 'handle:faradaymachines'} (logged to /Users/fuchitalee/development/minimax-marketing/x-monitoring/data/runs/2026-07-15/enum_dead_letter.jsonl)
dead-letter enum: family=role value='unknown' context={'table': 'brands_accounts', 'brand_id': 'llama', 'author_id': 'handle:Detours_is_Life'} (logged to /Users/fuchitalee/development/minimax-marketing/x-monitoring/data/runs/2026-07-15/enum_dead_letter.jsonl)
dead-letter enum: family=role value='unknown' context={'table': 'brands_accounts', 'brand_id': 'llama', 'author_id': 'handle:TajVincent'} (logged to /Users/fuchitalee/development/minimax-marketing/x-monitoring/data/runs/2026-07-15/enum_dead_letter.jsonl)
dead-letter enum: family=role value='unknown' context={'table': 'brands_accounts', 'brand_id': 'llama', 'author_id': 'handle:saen_dev'} (logged to /Users/fuchitalee/development/minimax-marketing/x-monitoring/data/runs/2026-07-15/enum_dead_letter.jsonl)
dead-letter enum: family=role value='unknown' context={'table': 'brands_accounts', 'brand_id': 'llama', 'author_id': 'handle:goyalshaliniuk'} (logged to /Users/fuchitalee/development/minimax-marketing/x-monitoring/data/runs/2026-07-15/enum_dead_letter.jsonl)
dead-letter enum: family=role value='unknown' context={'table': 'brands_accounts', 'brand_id': 'llama', 'author_id': 'handle:Kima_Toshi_AR'} (logged to /Users/fuchitalee/development/minimax-marketing/x-monitoring/data/runs/2026-07-15/enum_dead_letter.jsonl)
dead-letter enum: family=role value='unknown' context={'table': 'brands_accounts', 'brand_id': 'llama', 'author_id': 'handle:praxagent'} (logged to /Users/fuchitalee/development/minimax-marketing/x-monitoring/data/runs/2026-07-15/enum_dead_letter.jsonl)
dead-letter enum: family=role value='unknown' context={'table': 'brands_accounts', 'brand_id': 'llama', 'author_id': 'handle:TheAIShrink'} (logged to /Users/fuchitalee/development/minimax-marketing/x-monitoring/data/runs/2026-07-15/enum_dead_letter.jsonl)
dead-letter enum: family=role value='unknown' context={'table': 'brands_accounts', 'brand_id': 'llama', 'author_id': 'handle:CP195028'} (logged to /Users/fuchitalee/development/minimax-marketing/x-monitoring/data/runs/2026-07-15/enum_dead_letter.jsonl)
dead-letter enum: family=role value='unknown' context={'table': 'brands_accounts', 'brand_id': 'llama', 'author_id': 'handle:probe_poison'} (logged to /Users/fuchitalee/development/minimax-marketing/x-monitoring/data/runs/2026-07-15/enum_dead_letter.jsonl)
dead-letter enum: family=role value='unknown' context={'table': 'brands_accounts', 'brand_id': 'llama', 'author_id': 'handle:Sr_isabellapb'} (logged to /Users/fuchitalee/development/minimax-marketing/x-monitoring/data/runs/2026-07-15/enum_dead_letter.jsonl)
dead-letter enum: family=role value='unknown' context={'table': 'brands_accounts', 'brand_id': 'llama', 'author_id': 'handle:JosesitooFG'} (logged to /Users/fuchitalee/development/minimax-marketing/x-monitoring/data/runs/2026-07-15/enum_dead_letter.jsonl)
dead-letter enum: family=role value='unknown' context={'table': 'brands_accounts', 'brand_id': 'llama', 'author_id': 'handle:LatexKarki'} (logged to /Users/fuchitalee/development/minimax-marketing/x-monitoring/data/runs/2026-07-15/enum_dead_letter.jsonl)
dead-letter enum: family=role value='unknown' context={'table': 'brands_accounts', 'brand_id': 'llama', 'author_id': 'handle:PCRjas'} (logged to /Users/fuchitalee/development/minimax-marketing/x-monitoring/data/runs/2026-07-15/enum_dead_letter.jsonl)
dead-letter enum: family=role value='unknown' context={'table': 'brands_accounts', 'brand_id': 'llama', 'author_id': 'handle:AntonioCP64915'} (logged to /Users/fuchitalee/development/minimax-marketing/x-monitoring/data/runs/2026-07-15/enum_dead_letter.jsonl)
dead-letter enum: family=role value='unknown' context={'table': 'brands_accounts', 'brand_id': 'llama', 'author_id': 'handle:jeancarmona_'} (logged to /Users/fuchitalee/development/minimax-marketing/x-monitoring/data/runs/2026-07-15/enum_dead_letter.jsonl)
dead-letter enum: family=role value='unknown' context={'table': 'brands_accounts', 'brand_id': 'llama', 'author_id': 'handle:Just_Swanie1111'} (logged to /Users/fuchitalee/development/minimax-marketing/x-monitoring/data/runs/2026-07-15/enum_dead_letter.jsonl)
dead-letter enum: family=role value='unknown' context={'table': 'brands_accounts', 'brand_id': 'llama', 'author_id': 'handle:dinoguayo666'} (logged to /Users/fuchitalee/development/minimax-marketing/x-monitoring/data/runs/2026-07-15/enum_dead_letter.jsonl)
dead-letter enum: family=role value='unknown' context={'table': 'brands_accounts', 'brand_id': 'llama', 'author_id': 'handle:CAPUFE'} (logged to /Users/fuchitalee/development/minimax-marketing/x-monitoring/data/runs/2026-07-15/enum_dead_letter.jsonl)
dead-letter enum: family=role value='unknown' context={'table': 'brands_accounts', 'brand_id': 'llama', 'author_id': 'handle:KarenUl47616933'} (logged to /Users/fuchitalee/development/minimax-marketing/x-monitoring/data/runs/2026-07-15/enum_dead_letter.jsonl)
dead-letter enum: family=role value='unknown' context={'table': 'brands_accounts', 'brand_id': 'llama', 'author_id': 'handle:LunaMonett'} (logged to /Users/fuchitalee/development/minimax-marketing/x-monitoring/data/runs/2026-07-15/enum_dead_letter.jsonl)
dead-letter enum: family=role value='unknown' context={'table': 'brands_accounts', 'brand_id': 'llama', 'author_id': 'handle:foreropa27'} (logged to /Users/fuchitalee/development/minimax-marketing/x-monitoring/data/runs/2026-07-15/enum_dead_letter.jsonl)
dead-letter enum: family=role value='unknown' context={'table': 'brands_accounts', 'brand_id': 'llama', 'author_id': 'handle:Yoma41999'} (logged to /Users/fuchitalee/development/minimax-marketing/x-monitoring/data/runs/2026-07-15/enum_dead_letter.jsonl)
dead-letter enum: family=role value='unknown' context={'table': 'brands_accounts', 'brand_id': 'llama', 'author_id': 'handle:gustavo_vigoa'} (logged to /Users/fuchitalee/development/minimax-marketing/x-monitoring/data/runs/2026-07-15/enum_dead_letter.jsonl)
dead-letter enum: family=role value='unknown' context={'table': 'brands_accounts', 'brand_id': 'llama', 'author_id': 'handle:fuyuno_owarl'} (logged to /Users/fuchitalee/development/minimax-marketing/x-monitoring/data/runs/2026-07-15/enum_dead_letter.jsonl)
dead-letter enum: family=role value='unknown' context={'table': 'brands_accounts', 'brand_id': 'llama', 'author_id': 'handle:FabriVo0'} (logged to /Users/fuchitalee/development/minimax-marketing/x-monitoring/data/runs/2026-07-15/enum_dead_letter.jsonl)
dead-letter enum: family=role value='unknown' context={'table': 'brands_accounts', 'brand_id': 'llama', 'author_id': 'handle:mauroperez1983'} (logged to /Users/fuchitalee/development/minimax-marketing/x-monitoring/data/runs/2026-07-15/enum_dead_letter.jsonl)
dead-letter enum: family=role value='unknown' context={'table': 'brands_accounts', 'brand_id': 'llama', 'author_id': 'handle:viittoli'} (logged to /Users/fuchitalee/development/minimax-marketing/x-monitoring/data/runs/2026-07-15/enum_dead_letter.jsonl)
dead-letter enum: family=role value='unknown' context={'table': 'brands_accounts', 'brand_id': 'llama', 'author_id': 'handle:YoFLTB'} (logged to /Users/fuchitalee/development/minimax-marketing/x-monitoring/data/runs/2026-07-15/enum_dead_letter.jsonl)
dead-letter enum: family=role value='unknown' context={'table': 'brands_accounts', 'brand_id': 'llama', 'author_id': 'handle:Papitooricobell'} (logged to /Users/fuchitalee/development/minimax-marketing/x-monitoring/data/runs/2026-07-15/enum_dead_letter.jsonl)
dead-letter enum: family=role value='unknown' context={'table': 'brands_accounts', 'brand_id': 'llama', 'author_id': 'handle:ifyouseekjesus'} (logged to /Users/fuchitalee/development/minimax-marketing/x-monitoring/data/runs/2026-07-15/enum_dead_letter.jsonl)
dead-letter enum: family=role value='unknown' context={'table': 'brands_accounts', 'brand_id': 'llama', 'author_id': 'handle:Inks44308384'} (logged to /Users/fuchitalee/development/minimax-marketing/x-monitoring/data/runs/2026-07-15/enum_dead_letter.jsonl)
dead-letter enum: family=role value='unknown' context={'table': 'brands_accounts', 'brand_id': 'llama', 'author_id': 'handle:Portal_Nordic'} (logged to /Users/fuchitalee/development/minimax-marketing/x-monitoring/data/runs/2026-07-15/enum_dead_letter.jsonl)
dead-letter enum: family=role value='unknown' context={'table': 'brands_accounts', 'brand_id': 'llama', 'author_id': 'handle:BastianPavel'} (logged to /Users/fuchitalee/development/minimax-marketing/x-monitoring/data/runs/2026-07-15/enum_dead_letter.jsonl)
dead-letter enum: family=role value='unknown' context={'table': 'brands_accounts', 'brand_id': 'llama', 'author_id': 'handle:bunnftyy'} (logged to /Users/fuchitalee/development/minimax-marketing/x-monitoring/data/runs/2026-07-15/enum_dead_letter.jsonl)
dead-letter enum: family=role value='unknown' context={'table': 'brands_accounts', 'brand_id': 'llama', 'author_id': 'handle:Juzali_0'} (logged to /Users/fuchitalee/development/minimax-marketing/x-monitoring/data/runs/2026-07-15/enum_dead_letter.jsonl)
dead-letter enum: family=role value='unknown' context={'table': 'brands_accounts', 'brand_id': 'llama', 'author_id': 'handle:Jairobenrey'} (logged to /Users/fuchitalee/development/minimax-marketing/x-monitoring/data/runs/2026-07-15/enum_dead_letter.jsonl)
dead-letter enum: family=role value='unknown' context={'table': 'brands_accounts', 'brand_id': 'llama', 'author_id': 'handle:jahel1170'} (logged to /Users/fuchitalee/development/minimax-marketing/x-monitoring/data/runs/2026-07-15/enum_dead_letter.jsonl)
dead-letter enum: family=role value='unknown' context={'table': 'brands_accounts', 'brand_id': 'llama', 'author_id': 'handle:InfoMedioNews'} (logged to /Users/fuchitalee/development/minimax-marketing/x-monitoring/data/runs/2026-07-15/enum_dead_letter.jsonl)
dead-letter enum: family=role value='unknown' context={'table': 'brands_accounts', 'brand_id': 'llama', 'author_id': 'handle:edisonFM_'} (logged to /Users/fuchitalee/development/minimax-marketing/x-monitoring/data/runs/2026-07-15/enum_dead_letter.jsonl)
dead-letter enum: family=role value='unknown' context={'table': 'brands_accounts', 'brand_id': 'llama', 'author_id': 'handle:Francis69901114'} (logged to /Users/fuchitalee/development/minimax-marketing/x-monitoring/data/runs/2026-07-15/enum_dead_letter.jsonl)
dead-letter enum: family=role value='unknown' context={'table': 'brands_accounts', 'brand_id': 'llama', 'author_id': 'handle:MiruTuyu'} (logged to /Users/fuchitalee/development/minimax-marketing/x-monitoring/data/runs/2026-07-15/enum_dead_letter.jsonl)
dead-letter enum: family=role value='unknown' context={'table': 'brands_accounts', 'brand_id': 'llama', 'author_id': 'handle:_palsipizza'} (logged to /Users/fuchitalee/development/minimax-marketing/x-monitoring/data/runs/2026-07-15/enum_dead_letter.jsonl)
dead-letter enum: family=role value='unknown' context={'table': 'brands_accounts', 'brand_id': 'llama', 'author_id': 'handle:GerarldFord'} (logged to /Users/fuchitalee/development/minimax-marketing/x-monitoring/data/runs/2026-07-15/enum_dead_letter.jsonl)
dead-letter enum: family=role value='unknown' context={'table': 'brands_accounts', 'brand_id': 'llama', 'author_id': 'handle:laurapr82'} (logged to /Users/fuchitalee/development/minimax-marketing/x-monitoring/data/runs/2026-07-15/enum_dead_letter.jsonl)
dead-letter enum: family=role value='unknown' context={'table': 'brands_accounts', 'brand_id': 'llama', 'author_id': 'handle:inakiu'} (logged to /Users/fuchitalee/development/minimax-marketing/x-monitoring/data/runs/2026-07-15/enum_dead_letter.jsonl)
dead-letter enum: family=role value='unknown' context={'table': 'brands_accounts', 'brand_id': 'llama', 'author_id': 'handle:aboutaerii'} (logged to /Users/fuchitalee/development/minimax-marketing/x-monitoring/data/runs/2026-07-15/enum_dead_letter.jsonl)
dead-letter enum: family=role value='unknown' context={'table': 'brands_accounts', 'brand_id': 'llama', 'author_id': 'handle:Blackplushcat'} (logged to /Users/fuchitalee/development/minimax-marketing/x-monitoring/data/runs/2026-07-15/enum_dead_letter.jsonl)
dead-letter enum: family=role value='unknown' context={'table': 'brands_accounts', 'brand_id': 'llama', 'author_id': 'handle:fertraid'} (logged to /Users/fuchitalee/development/minimax-marketing/x-monitoring/data/runs/2026-07-15/enum_dead_letter.jsonl)
dead-letter enum: family=role value='unknown' context={'table': 'brands_accounts', 'brand_id': 'llama', 'author_id': 'handle:LosRara'} (logged to /Users/fuchitalee/development/minimax-marketing/x-monitoring/data/runs/2026-07-15/enum_dead_letter.jsonl)
dead-letter enum: family=role value='unknown' context={'table': 'brands_accounts', 'brand_id': 'llama', 'author_id': 'handle:opdemii'} (logged to /Users/fuchitalee/development/minimax-marketing/x-monitoring/data/runs/2026-07-15/enum_dead_letter.jsonl)
dead-letter enum: family=role value='unknown' context={'table': 'brands_accounts', 'brand_id': 'llama', 'author_id': 'handle:luciano_np22'} (logged to /Users/fuchitalee/development/minimax-marketing/x-monitoring/data/runs/2026-07-15/enum_dead_letter.jsonl)
dead-letter enum: family=role value='unknown' context={'table': 'brands_accounts', 'brand_id': 'llama', 'author_id': 'handle:joacoquintas'} (logged to /Users/fuchitalee/development/minimax-marketing/x-monitoring/data/runs/2026-07-15/enum_dead_letter.jsonl)
dead-letter enum: family=role value='unknown' context={'table': 'brands_accounts', 'brand_id': 'llama', 'author_id': 'handle:Leisatusexologa'} (logged to /Users/fuchitalee/development/minimax-marketing/x-monitoring/data/runs/2026-07-15/enum_dead_letter.jsonl)
dead-letter enum: family=role value='unknown' context={'table': 'brands_accounts', 'brand_id': 'llama', 'author_id': 'handle:hayquedecirlopy'} (logged to /Users/fuchitalee/development/minimax-marketing/x-monitoring/data/runs/2026-07-15/enum_dead_letter.jsonl)
dead-letter enum: family=role value='unknown' context={'table': 'brands_accounts', 'brand_id': 'llama', 'author_id': 'handle:Alberto61688695'} (logged to /Users/fuchitalee/development/minimax-marketing/x-monitoring/data/runs/2026-07-15/enum_dead_letter.jsonl)
dead-letter enum: family=role value='unknown' context={'table': 'brands_accounts', 'brand_id': 'llama', 'author_id': 'handle:Cristyanblack'} (logged to /Users/fuchitalee/development/minimax-marketing/x-monitoring/data/runs/2026-07-15/enum_dead_letter.jsonl)
dead-letter enum: family=role value='unknown' context={'table': 'brands_accounts', 'brand_id': 'llama', 'author_id': 'handle:yelplz'} (logged to /Users/fuchitalee/development/minimax-marketing/x-monitoring/data/runs/2026-07-15/enum_dead_letter.jsonl)
dead-letter enum: family=role value='unknown' context={'table': 'brands_accounts', 'brand_id': 'llama', 'author_id': 'handle:feelingspreyyl'} (logged to /Users/fuchitalee/development/minimax-marketing/x-monitoring/data/runs/2026-07-15/enum_dead_letter.jsonl)
dead-letter enum: family=role value='unknown' context={'table': 'brands_accounts', 'brand_id': 'llama', 'author_id': 'handle:AlvaroMaxwell'} (logged to /Users/fuchitalee/development/minimax-marketing/x-monitoring/data/runs/2026-07-15/enum_dead_letter.jsonl)
dead-letter enum: family=role value='unknown' context={'table': 'brands_accounts', 'brand_id': 'llama', 'author_id': 'handle:_KMY_2000'} (logged to /Users/fuchitalee/development/minimax-marketing/x-monitoring/data/runs/2026-07-15/enum_dead_letter.jsonl)
dead-letter enum: family=role value='unknown' context={'table': 'brands_accounts', 'brand_id': 'llama', 'author_id': 'handle:Octi_E'} (logged to /Users/fuchitalee/development/minimax-marketing/x-monitoring/data/runs/2026-07-15/enum_dead_letter.jsonl)
dead-letter enum: family=role value='unknown' context={'table': 'brands_accounts', 'brand_id': 'llama', 'author_id': 'handle:angiedueas2'} (logged to /Users/fuchitalee/development/minimax-marketing/x-monitoring/data/runs/2026-07-15/enum_dead_letter.jsonl)
dead-letter enum: family=role value='unknown' context={'table': 'brands_accounts', 'brand_id': 'llama', 'author_id': 'handle:sealsomnia'} (logged to /Users/fuchitalee/development/minimax-marketing/x-monitoring/data/runs/2026-07-15/enum_dead_letter.jsonl)
dead-letter enum: family=role value='unknown' context={'table': 'brands_accounts', 'brand_id': 'llama', 'author_id': 'handle:cas_yoli'} (logged to /Users/fuchitalee/development/minimax-marketing/x-monitoring/data/runs/2026-07-15/enum_dead_letter.jsonl)
dead-letter enum: family=role value='unknown' context={'table': 'brands_accounts', 'brand_id': 'llama', 'author_id': 'handle:knockknock7341'} (logged to /Users/fuchitalee/development/minimax-marketing/x-monitoring/data/runs/2026-07-15/enum_dead_letter.jsonl)
dead-letter enum: family=role value='unknown' context={'table': 'brands_accounts', 'brand_id': 'llama', 'author_id': 'handle:AlejandraF198'} (logged to /Users/fuchitalee/development/minimax-marketing/x-monitoring/data/runs/2026-07-15/enum_dead_letter.jsonl)
dead-letter enum: family=role value='unknown' context={'table': 'brands_accounts', 'brand_id': 'llama', 'author_id': 'handle:jonny21escobar'} (logged to /Users/fuchitalee/development/minimax-marketing/x-monitoring/data/runs/2026-07-15/enum_dead_letter.jsonl)
dead-letter enum: family=role value='unknown' context={'table': 'brands_accounts', 'brand_id': 'llama', 'author_id': 'handle:wkiijun'} (logged to /Users/fuchitalee/development/minimax-marketing/x-monitoring/data/runs/2026-07-15/enum_dead_letter.jsonl)
dead-letter enum: family=role value='unknown' context={'table': 'brands_accounts', 'brand_id': 'llama', 'author_id': 'handle:poli_bruzzone'} (logged to /Users/fuchitalee/development/minimax-marketing/x-monitoring/data/runs/2026-07-15/enum_dead_letter.jsonl)
dead-letter enum: family=role value='unknown' context={'table': 'brands_accounts', 'brand_id': 'llama', 'author_id': 'handle:cromallonk'} (logged to /Users/fuchitalee/development/minimax-marketing/x-monitoring/data/runs/2026-07-15/enum_dead_letter.jsonl)
dead-letter enum: family=role value='unknown' context={'table': 'brands_accounts', 'brand_id': 'llama', 'author_id': 'handle:ene_de_nati'} (logged to /Users/fuchitalee/development/minimax-marketing/x-monitoring/data/runs/2026-07-15/enum_dead_letter.jsonl)
dead-letter enum: family=role value='unknown' context={'table': 'brands_accounts', 'brand_id': 'llama', 'author_id': 'handle:Mariupy14'} (logged to /Users/fuchitalee/development/minimax-marketing/x-monitoring/data/runs/2026-07-15/enum_dead_letter.jsonl)
dead-letter enum: family=role value='unknown' context={'table': 'brands_accounts', 'brand_id': 'llama', 'author_id': 'handle:Cebar_Checherex'} (logged to /Users/fuchitalee/development/minimax-marketing/x-monitoring/data/runs/2026-07-15/enum_dead_letter.jsonl)
dead-letter enum: family=role value='unknown' context={'table': 'brands_accounts', 'brand_id': 'llama', 'author_id': 'handle:facundoacosta08'} (logged to /Users/fuchitalee/development/minimax-marketing/x-monitoring/data/runs/2026-07-15/enum_dead_letter.jsonl)
dead-letter enum: family=role value='unknown' context={'table': 'brands_accounts', 'brand_id': 'llama', 'author_id': 'handle:VERSATILAV'} (logged to /Users/fuchitalee/development/minimax-marketing/x-monitoring/data/runs/2026-07-15/enum_dead_letter.jsonl)
dead-letter enum: family=role value='unknown' context={'table': 'brands_accounts', 'brand_id': 'llama', 'author_id': 'handle:AtlanticoDulce'} (logged to /Users/fuchitalee/development/minimax-marketing/x-monitoring/data/runs/2026-07-15/enum_dead_letter.jsonl)
dead-letter enum: family=role value='unknown' context={'table': 'brands_accounts', 'brand_id': 'llama', 'author_id': 'handle:babayagacr92'} (logged to /Users/fuchitalee/development/minimax-marketing/x-monitoring/data/runs/2026-07-15/enum_dead_letter.jsonl)
dead-letter enum: family=role value='unknown' context={'table': 'brands_accounts', 'brand_id': 'llama', 'author_id': 'handle:jcharly511'} (logged to /Users/fuchitalee/development/minimax-marketing/x-monitoring/data/runs/2026-07-15/enum_dead_letter.jsonl)
dead-letter enum: family=role value='unknown' context={'table': 'brands_accounts', 'brand_id': 'llama', 'author_id': 'handle:Gonoa20'} (logged to /Users/fuchitalee/development/minimax-marketing/x-monitoring/data/runs/2026-07-15/enum_dead_letter.jsonl)
dead-letter enum: family=role value='unknown' context={'table': 'brands_accounts', 'brand_id': 'llama', 'author_id': 'handle:antona_manuel'} (logged to /Users/fuchitalee/development/minimax-marketing/x-monitoring/data/runs/2026-07-15/enum_dead_letter.jsonl)
dead-letter enum: family=role value='unknown' context={'table': 'brands_accounts', 'brand_id': 'llama', 'author_id': 'handle:mouikoogai'} (logged to /Users/fuchitalee/development/minimax-marketing/x-monitoring/data/runs/2026-07-15/enum_dead_letter.jsonl)
dead-letter enum: family=role value='unknown' context={'table': 'brands_accounts', 'brand_id': 'llama', 'author_id': 'handle:LiberalProfesor'} (logged to /Users/fuchitalee/development/minimax-marketing/x-monitoring/data/runs/2026-07-15/enum_dead_letter.jsonl)
dead-letter enum: family=role value='unknown' context={'table': 'brands_accounts', 'brand_id': 'llama', 'author_id': 'handle:squin112'} (logged to /Users/fuchitalee/development/minimax-marketing/x-monitoring/data/runs/2026-07-15/enum_dead_letter.jsonl)
dead-letter enum: family=role value='unknown' context={'table': 'brands_accounts', 'brand_id': 'llama', 'author_id': 'handle:elbruja70'} (logged to /Users/fuchitalee/development/minimax-marketing/x-monitoring/data/runs/2026-07-15/enum_dead_letter.jsonl)
dead-letter enum: family=role value='unknown' context={'table': 'brands_accounts', 'brand_id': 'llama', 'author_id': 'handle:Germancitx'} (logged to /Users/fuchitalee/development/minimax-marketing/x-monitoring/data/runs/2026-07-15/enum_dead_letter.jsonl)
dead-letter enum: family=role value='unknown' context={'table': 'brands_accounts', 'brand_id': 'llama', 'author_id': 'handle:victormc80'} (logged to /Users/fuchitalee/development/minimax-marketing/x-monitoring/data/runs/2026-07-15/enum_dead_letter.jsonl)
dead-letter enum: family=role value='unknown' context={'table': 'brands_accounts', 'brand_id': 'llama', 'author_id': 'handle:RafaJV2'} (logged to /Users/fuchitalee/development/minimax-marketing/x-monitoring/data/runs/2026-07-15/enum_dead_letter.jsonl)
dead-letter enum: family=role value='unknown' context={'table': 'brands_accounts', 'brand_id': 'llama', 'author_id': 'handle:EdggarDog'} (logged to /Users/fuchitalee/development/minimax-marketing/x-monitoring/data/runs/2026-07-15/enum_dead_letter.jsonl)
dead-letter enum: family=role value='unknown' context={'table': 'brands_accounts', 'brand_id': 'llama', 'author_id': 'handle:oskiman64'} (logged to /Users/fuchitalee/development/minimax-marketing/x-monitoring/data/runs/2026-07-15/enum_dead_letter.jsonl)
dead-letter enum: family=role value='unknown' context={'table': 'brands_accounts', 'brand_id': 'llama', 'author_id': 'handle:osedpinzon'} (logged to /Users/fuchitalee/development/minimax-marketing/x-monitoring/data/runs/2026-07-15/enum_dead_letter.jsonl)
dead-letter enum: family=role value='unknown' context={'table': 'brands_accounts', 'brand_id': 'llama', 'author_id': 'handle:DavidArced'} (logged to /Users/fuchitalee/development/minimax-marketing/x-monitoring/data/runs/2026-07-15/enum_dead_letter.jsonl)
dead-letter enum: family=role value='unknown' context={'table': 'brands_accounts', 'brand_id': 'llama', 'author_id': 'handle:KapyuOK'} (logged to /Users/fuchitalee/development/minimax-marketing/x-monitoring/data/runs/2026-07-15/enum_dead_letter.jsonl)
dead-letter enum: family=role value='unknown' context={'table': 'brands_accounts', 'brand_id': 'llama', 'author_id': 'handle:colrspurple'} (logged to /Users/fuchitalee/development/minimax-marketing/x-monitoring/data/runs/2026-07-15/enum_dead_letter.jsonl)
dead-letter enum: family=role value='unknown' context={'table': 'brands_accounts', 'brand_id': 'llama', 'author_id': 'handle:sinnerst4r'} (logged to /Users/fuchitalee/development/minimax-marketing/x-monitoring/data/runs/2026-07-15/enum_dead_letter.jsonl)
dead-letter enum: family=role value='unknown' context={'table': 'brands_accounts', 'brand_id': 'llama', 'author_id': 'handle:elceak_'} (logged to /Users/fuchitalee/development/minimax-marketing/x-monitoring/data/runs/2026-07-15/enum_dead_letter.jsonl)
dead-letter enum: family=role value='unknown' context={'table': 'brands_accounts', 'brand_id': 'llama', 'author_id': 'handle:wilsonealzate'} (logged to /Users/fuchitalee/development/minimax-marketing/x-monitoring/data/runs/2026-07-15/enum_dead_letter.jsonl)
dead-letter enum: family=role value='unknown' context={'table': 'brands_accounts', 'brand_id': 'llama', 'author_id': 'handle:ElSordoDan'} (logged to /Users/fuchitalee/development/minimax-marketing/x-monitoring/data/runs/2026-07-15/enum_dead_letter.jsonl)
dead-letter enum: family=role value='unknown' context={'table': 'brands_accounts', 'brand_id': 'llama', 'author_id': 'handle:viteri_elias'} (logged to /Users/fuchitalee/development/minimax-marketing/x-monitoring/data/runs/2026-07-15/enum_dead_letter.jsonl)
dead-letter enum: family=role value='unknown' context={'table': 'brands_accounts', 'brand_id': 'llama', 'author_id': 'handle:riestra_perez'} (logged to /Users/fuchitalee/development/minimax-marketing/x-monitoring/data/runs/2026-07-15/enum_dead_letter.jsonl)
dead-letter enum: family=role value='unknown' context={'table': 'brands_accounts', 'brand_id': 'llama', 'author_id': 'handle:luisaalco'} (logged to /Users/fuchitalee/development/minimax-marketing/x-monitoring/data/runs/2026-07-15/enum_dead_letter.jsonl)
dead-letter enum: family=role value='unknown' context={'table': 'brands_accounts', 'brand_id': 'llama', 'author_id': 'handle:LudwigHetfield'} (logged to /Users/fuchitalee/development/minimax-marketing/x-monitoring/data/runs/2026-07-15/enum_dead_letter.jsonl)
dead-letter enum: family=role value='unknown' context={'table': 'brands_accounts', 'brand_id': 'llama', 'author_id': 'handle:jamescralon'} (logged to /Users/fuchitalee/development/minimax-marketing/x-monitoring/data/runs/2026-07-15/enum_dead_letter.jsonl)
dead-letter enum: family=role value='unknown' context={'table': 'brands_accounts', 'brand_id': 'llama', 'author_id': 'handle:M4H0U_14'} (logged to /Users/fuchitalee/development/minimax-marketing/x-monitoring/data/runs/2026-07-15/enum_dead_letter.jsonl)
dead-letter enum: family=role value='unknown' context={'table': 'brands_accounts', 'brand_id': 'llama', 'author_id': 'handle:sigiloastral'} (logged to /Users/fuchitalee/development/minimax-marketing/x-monitoring/data/runs/2026-07-15/enum_dead_letter.jsonl)
dead-letter enum: family=role value='unknown' context={'table': 'brands_accounts', 'brand_id': 'llama', 'author_id': 'handle:NotZykloMc'} (logged to /Users/fuchitalee/development/minimax-marketing/x-monitoring/data/runs/2026-07-15/enum_dead_letter.jsonl)
dead-letter enum: family=role value='unknown' context={'table': 'brands_accounts', 'brand_id': 'llama', 'author_id': 'handle:GustyReyy'} (logged to /Users/fuchitalee/development/minimax-marketing/x-monitoring/data/runs/2026-07-15/enum_dead_letter.jsonl)
dead-letter enum: family=role value='unknown' context={'table': 'brands_accounts', 'brand_id': 'llama', 'author_id': 'handle:livertom1132'} (logged to /Users/fuchitalee/development/minimax-marketing/x-monitoring/data/runs/2026-07-15/enum_dead_letter.jsonl)
dead-letter enum: family=role value='unknown' context={'table': 'brands_accounts', 'brand_id': 'llama', 'author_id': 'handle:kihyunqrs'} (logged to /Users/fuchitalee/development/minimax-marketing/x-monitoring/data/runs/2026-07-15/enum_dead_letter.jsonl)
dead-letter enum: family=role value='unknown' context={'table': 'brands_accounts', 'brand_id': 'llama', 'author_id': 'handle:acundumi'} (logged to /Users/fuchitalee/development/minimax-marketing/x-monitoring/data/runs/2026-07-15/enum_dead_letter.jsonl)
dead-letter enum: family=role value='unknown' context={'table': 'brands_accounts', 'brand_id': 'llama', 'author_id': 'handle:Lucas1550155'} (logged to /Users/fuchitalee/development/minimax-marketing/x-monitoring/data/runs/2026-07-15/enum_dead_letter.jsonl)
dead-letter enum: family=role value='unknown' context={'table': 'brands_accounts', 'brand_id': 'llama', 'author_id': 'handle:donal_varo21'} (logged to /Users/fuchitalee/development/minimax-marketing/x-monitoring/data/runs/2026-07-15/enum_dead_letter.jsonl)
dead-letter enum: family=role value='unknown' context={'table': 'brands_accounts', 'brand_id': 'llama', 'author_id': 'handle:jmp_asx'} (logged to /Users/fuchitalee/development/minimax-marketing/x-monitoring/data/runs/2026-07-15/enum_dead_letter.jsonl)
dead-letter enum: family=role value='unknown' context={'table': 'brands_accounts', 'brand_id': 'llama', 'author_id': 'handle:piluso321'} (logged to /Users/fuchitalee/development/minimax-marketing/x-monitoring/data/runs/2026-07-15/enum_dead_letter.jsonl)
dead-letter enum: family=role value='unknown' context={'table': 'brands_accounts', 'brand_id': 'llama', 'author_id': 'handle:chucurrucha'} (logged to /Users/fuchitalee/development/minimax-marketing/x-monitoring/data/runs/2026-07-15/enum_dead_letter.jsonl)
dead-letter enum: family=role value='unknown' context={'table': 'brands_accounts', 'brand_id': 'llama', 'author_id': 'handle:milyrussi'} (logged to /Users/fuchitalee/development/minimax-marketing/x-monitoring/data/runs/2026-07-15/enum_dead_letter.jsonl)
dead-letter enum: family=role value='unknown' context={'table': 'brands_accounts', 'brand_id': 'llama', 'author_id': 'handle:macityarg'} (logged to /Users/fuchitalee/development/minimax-marketing/x-monitoring/data/runs/2026-07-15/enum_dead_letter.jsonl)
dead-letter enum: family=role value='unknown' context={'table': 'brands_accounts', 'brand_id': 'llama', 'author_id': 'handle:gabrielafarfn22'} (logged to /Users/fuchitalee/development/minimax-marketing/x-monitoring/data/runs/2026-07-15/enum_dead_letter.jsonl)
dead-letter enum: family=role value='unknown' context={'table': 'brands_accounts', 'brand_id': 'llama', 'author_id': 'handle:MomoiroK1ri'} (logged to /Users/fuchitalee/development/minimax-marketing/x-monitoring/data/runs/2026-07-15/enum_dead_letter.jsonl)
dead-letter enum: family=role value='unknown' context={'table': 'brands_accounts', 'brand_id': 'llama', 'author_id': 'handle:PavicichEs21180'} (logged to /Users/fuchitalee/development/minimax-marketing/x-monitoring/data/runs/2026-07-15/enum_dead_letter.jsonl)
dead-letter enum: family=role value='unknown' context={'table': 'brands_accounts', 'brand_id': 'llama', 'author_id': 'handle:Emmanue18238090'} (logged to /Users/fuchitalee/development/minimax-marketing/x-monitoring/data/runs/2026-07-15/enum_dead_letter.jsonl)
dead-letter enum: family=role value='unknown' context={'table': 'brands_accounts', 'brand_id': 'llama', 'author_id': 'handle:arayanico'} (logged to /Users/fuchitalee/development/minimax-marketing/x-monitoring/data/runs/2026-07-15/enum_dead_letter.jsonl)
dead-letter enum: family=role value='unknown' context={'table': 'brands_accounts', 'brand_id': 'llama', 'author_id': 'handle:FelipeY3128'} (logged to /Users/fuchitalee/development/minimax-marketing/x-monitoring/data/runs/2026-07-15/enum_dead_letter.jsonl)
dead-letter enum: family=role value='unknown' context={'table': 'brands_accounts', 'brand_id': 'llama', 'author_id': 'handle:JX_Geopolitics'} (logged to /Users/fuchitalee/development/minimax-marketing/x-monitoring/data/runs/2026-07-15/enum_dead_letter.jsonl)
dead-letter enum: family=role value='unknown' context={'table': 'brands_accounts', 'brand_id': 'llama', 'author_id': 'handle:arianaM97702349'} (logged to /Users/fuchitalee/development/minimax-marketing/x-monitoring/data/runs/2026-07-15/enum_dead_letter.jsonl)
dead-letter enum: family=role value='unknown' context={'table': 'brands_accounts', 'brand_id': 'llama', 'author_id': 'handle:Phenomgtx'} (logged to /Users/fuchitalee/development/minimax-marketing/x-monitoring/data/runs/2026-07-15/enum_dead_letter.jsonl)
dead-letter enum: family=role value='unknown' context={'table': 'brands_accounts', 'brand_id': 'llama', 'author_id': 'handle:edward85938'} (logged to /Users/fuchitalee/development/minimax-marketing/x-monitoring/data/runs/2026-07-15/enum_dead_letter.jsonl)
dead-letter enum: family=role value='unknown' context={'table': 'brands_accounts', 'brand_id': 'llama', 'author_id': 'handle:Franco__EmaGH'} (logged to /Users/fuchitalee/development/minimax-marketing/x-monitoring/data/runs/2026-07-15/enum_dead_letter.jsonl)
dead-letter enum: family=role value='unknown' context={'table': 'brands_accounts', 'brand_id': 'llama', 'author_id': 'handle:Yago1985'} (logged to /Users/fuchitalee/development/minimax-marketing/x-monitoring/data/runs/2026-07-15/enum_dead_letter.jsonl)
dead-letter enum: family=role value='unknown' context={'table': 'brands_accounts', 'brand_id': 'llama', 'author_id': 'handle:Mayhdez23329797'} (logged to /Users/fuchitalee/development/minimax-marketing/x-monitoring/data/runs/2026-07-15/enum_dead_letter.jsonl)
dead-letter enum: family=role value='unknown' context={'table': 'brands_accounts', 'brand_id': 'llama', 'author_id': 'handle:gatavarata'} (logged to /Users/fuchitalee/development/minimax-marketing/x-monitoring/data/runs/2026-07-15/enum_dead_letter.jsonl)
dead-letter enum: family=role value='unknown' context={'table': 'brands_accounts', 'brand_id': 'llama', 'author_id': 'handle:yefreymar'} (logged to /Users/fuchitalee/development/minimax-marketing/x-monitoring/data/runs/2026-07-15/enum_dead_letter.jsonl)
dead-letter enum: family=role value='unknown' context={'table': 'brands_accounts', 'brand_id': 'llama', 'author_id': 'handle:ro_bby_'} (logged to /Users/fuchitalee/development/minimax-marketing/x-monitoring/data/runs/2026-07-15/enum_dead_letter.jsonl)
dead-letter enum: family=role value='unknown' context={'table': 'brands_accounts', 'brand_id': 'llama', 'author_id': 'handle:lewisrashe'} (logged to /Users/fuchitalee/development/minimax-marketing/x-monitoring/data/runs/2026-07-15/enum_dead_letter.jsonl)
dead-letter enum: family=role value='unknown' context={'table': 'brands_accounts', 'brand_id': 'llama', 'author_id': 'handle:kraossxxddx'} (logged to /Users/fuchitalee/development/minimax-marketing/x-monitoring/data/runs/2026-07-15/enum_dead_letter.jsonl)
dead-letter enum: family=role value='unknown' context={'table': 'brands_accounts', 'brand_id': 'llama', 'author_id': 'handle:0000sexo0000'} (logged to /Users/fuchitalee/development/minimax-marketing/x-monitoring/data/runs/2026-07-15/enum_dead_letter.jsonl)
dead-letter enum: family=role value='unknown' context={'table': 'brands_accounts', 'brand_id': 'llama', 'author_id': 'handle:malisorn_waraha'} (logged to /Users/fuchitalee/development/minimax-marketing/x-monitoring/data/runs/2026-07-15/enum_dead_letter.jsonl)
dead-letter enum: family=role value='unknown' context={'table': 'brands_accounts', 'brand_id': 'llama', 'author_id': 'handle:leoborghi'} (logged to /Users/fuchitalee/development/minimax-marketing/x-monitoring/data/runs/2026-07-15/enum_dead_letter.jsonl)
dead-letter enum: family=role value='unknown' context={'table': 'brands_accounts', 'brand_id': 'llama', 'author_id': 'handle:lago0c'} (logged to /Users/fuchitalee/development/minimax-marketing/x-monitoring/data/runs/2026-07-15/enum_dead_letter.jsonl)
dead-letter enum: family=role value='unknown' context={'table': 'brands_accounts', 'brand_id': 'llama', 'author_id': 'handle:mjoa18'} (logged to /Users/fuchitalee/development/minimax-marketing/x-monitoring/data/runs/2026-07-15/enum_dead_letter.jsonl)
dead-letter enum: family=role value='unknown' context={'table': 'brands_accounts', 'brand_id': 'llama', 'author_id': 'handle:gironm'} (logged to /Users/fuchitalee/development/minimax-marketing/x-monitoring/data/runs/2026-07-15/enum_dead_letter.jsonl)
dead-letter enum: family=role value='unknown' context={'table': 'brands_accounts', 'brand_id': 'llama', 'author_id': 'handle:fachocat'} (logged to /Users/fuchitalee/development/minimax-marketing/x-monitoring/data/runs/2026-07-15/enum_dead_letter.jsonl)
dead-letter enum: family=role value='unknown' context={'table': 'brands_accounts', 'brand_id': 'llama', 'author_id': 'handle:legends_rp33431'} (logged to /Users/fuchitalee/development/minimax-marketing/x-monitoring/data/runs/2026-07-15/enum_dead_letter.jsonl)
dead-letter enum: family=role value='unknown' context={'table': 'brands_accounts', 'brand_id': 'llama', 'author_id': 'handle:kmiis'} (logged to /Users/fuchitalee/development/minimax-marketing/x-monitoring/data/runs/2026-07-15/enum_dead_letter.jsonl)
dead-letter enum: family=role value='unknown' context={'table': 'brands_accounts', 'brand_id': 'llama', 'author_id': 'handle:ElioCarrizo4'} (logged to /Users/fuchitalee/development/minimax-marketing/x-monitoring/data/runs/2026-07-15/enum_dead_letter.jsonl)
dead-letter enum: family=role value='unknown' context={'table': 'brands_accounts', 'brand_id': 'llama', 'author_id': 'handle:sof9530'} (logged to /Users/fuchitalee/development/minimax-marketing/x-monitoring/data/runs/2026-07-15/enum_dead_letter.jsonl)
dead-letter enum: family=role value='unknown' context={'table': 'brands_accounts', 'brand_id': 'llama', 'author_id': 'handle:WoomyStudios'} (logged to /Users/fuchitalee/development/minimax-marketing/x-monitoring/data/runs/2026-07-15/enum_dead_letter.jsonl)
dead-letter enum: family=role value='unknown' context={'table': 'brands_accounts', 'brand_id': 'llama', 'author_id': 'handle:GabeMatt95'} (logged to /Users/fuchitalee/development/minimax-marketing/x-monitoring/data/runs/2026-07-15/enum_dead_letter.jsonl)
dead-letter enum: family=role value='unknown' context={'table': 'brands_accounts', 'brand_id': 'llama', 'author_id': 'handle:WilliamBorrero'} (logged to /Users/fuchitalee/development/minimax-marketing/x-monitoring/data/runs/2026-07-15/enum_dead_letter.jsonl)
dead-letter enum: family=role value='unknown' context={'table': 'brands_accounts', 'brand_id': 'llama', 'author_id': 'handle:strawzbrryjelly'} (logged to /Users/fuchitalee/development/minimax-marketing/x-monitoring/data/runs/2026-07-15/enum_dead_letter.jsonl)
dead-letter enum: family=role value='unknown' context={'table': 'brands_accounts', 'brand_id': 'llama', 'author_id': 'handle:artgodspell'} (logged to /Users/fuchitalee/development/minimax-marketing/x-monitoring/data/runs/2026-07-15/enum_dead_letter.jsonl)
dead-letter enum: family=role value='unknown' context={'table': 'brands_accounts', 'brand_id': 'llama', 'author_id': 'handle:PalominoMau'} (logged to /Users/fuchitalee/development/minimax-marketing/x-monitoring/data/runs/2026-07-15/enum_dead_letter.jsonl)
dead-letter enum: family=role value='unknown' context={'table': 'brands_accounts', 'brand_id': 'llama', 'author_id': 'handle:jcharrasexmex'} (logged to /Users/fuchitalee/development/minimax-marketing/x-monitoring/data/runs/2026-07-15/enum_dead_letter.jsonl)
dead-letter enum: family=role value='unknown' context={'table': 'brands_accounts', 'brand_id': 'llama', 'author_id': 'handle:Sofirz112'} (logged to /Users/fuchitalee/development/minimax-marketing/x-monitoring/data/runs/2026-07-15/enum_dead_letter.jsonl)
dead-letter enum: family=role value='unknown' context={'table': 'brands_accounts', 'brand_id': 'llama', 'author_id': 'handle:ingadriangarcia'} (logged to /Users/fuchitalee/development/minimax-marketing/x-monitoring/data/runs/2026-07-15/enum_dead_letter.jsonl)
dead-letter enum: family=role value='unknown' context={'table': 'brands_accounts', 'brand_id': 'llama', 'author_id': 'handle:Tormentazk'} (logged to /Users/fuchitalee/development/minimax-marketing/x-monitoring/data/runs/2026-07-15/enum_dead_letter.jsonl)
dead-letter enum: family=role value='unknown' context={'table': 'brands_accounts', 'brand_id': 'llama', 'author_id': 'handle:UnUribeBueno'} (logged to /Users/fuchitalee/development/minimax-marketing/x-monitoring/data/runs/2026-07-15/enum_dead_letter.jsonl)
dead-letter enum: family=role value='unknown' context={'table': 'brands_accounts', 'brand_id': 'llama', 'author_id': 'handle:RiosAbimelec'} (logged to /Users/fuchitalee/development/minimax-marketing/x-monitoring/data/runs/2026-07-15/enum_dead_letter.jsonl)
dead-letter enum: family=role value='unknown' context={'table': 'brands_accounts', 'brand_id': 'llama', 'author_id': 'handle:Gavilanz762'} (logged to /Users/fuchitalee/development/minimax-marketing/x-monitoring/data/runs/2026-07-15/enum_dead_letter.jsonl)
dead-letter enum: family=role value='unknown' context={'table': 'brands_accounts', 'brand_id': 'llama', 'author_id': 'handle:diegoalvarez87'} (logged to /Users/fuchitalee/development/minimax-marketing/x-monitoring/data/runs/2026-07-15/enum_dead_letter.jsonl)
dead-letter enum: family=role value='unknown' context={'table': 'brands_accounts', 'brand_id': 'llama', 'author_id': 'handle:elizarazo1'} (logged to /Users/fuchitalee/development/minimax-marketing/x-monitoring/data/runs/2026-07-15/enum_dead_letter.jsonl)
dead-letter enum: family=role value='unknown' context={'table': 'brands_accounts', 'brand_id': 'llama', 'author_id': 'handle:lapio_monts'} (logged to /Users/fuchitalee/development/minimax-marketing/x-monitoring/data/runs/2026-07-15/enum_dead_letter.jsonl)
dead-letter enum: family=role value='unknown' context={'table': 'brands_accounts', 'brand_id': 'llama', 'author_id': 'handle:TONETR8'} (logged to /Users/fuchitalee/development/minimax-marketing/x-monitoring/data/runs/2026-07-15/enum_dead_letter.jsonl)
dead-letter enum: family=role value='unknown' context={'table': 'brands_accounts', 'brand_id': 'llama', 'author_id': 'handle:BrunoVilSot'} (logged to /Users/fuchitalee/development/minimax-marketing/x-monitoring/data/runs/2026-07-15/enum_dead_letter.jsonl)
dead-letter enum: family=role value='unknown' context={'table': 'brands_accounts', 'brand_id': 'llama', 'author_id': 'handle:romoyano26'} (logged to /Users/fuchitalee/development/minimax-marketing/x-monitoring/data/runs/2026-07-15/enum_dead_letter.jsonl)
dead-letter enum: family=role value='unknown' context={'table': 'brands_accounts', 'brand_id': 'llama', 'author_id': 'handle:TilsaEsther31'} (logged to /Users/fuchitalee/development/minimax-marketing/x-monitoring/data/runs/2026-07-15/enum_dead_letter.jsonl)
dead-letter enum: family=role value='unknown' context={'table': 'brands_accounts', 'brand_id': 'llama', 'author_id': 'handle:pastafrolagang'} (logged to /Users/fuchitalee/development/minimax-marketing/x-monitoring/data/runs/2026-07-15/enum_dead_letter.jsonl)
dead-letter enum: family=role value='unknown' context={'table': 'brands_accounts', 'brand_id': 'llama', 'author_id': 'handle:ChocobyterTr'} (logged to /Users/fuchitalee/development/minimax-marketing/x-monitoring/data/runs/2026-07-15/enum_dead_letter.jsonl)
dead-letter enum: family=role value='unknown' context={'table': 'brands_accounts', 'brand_id': 'llama', 'author_id': 'handle:07_tdo'} (logged to /Users/fuchitalee/development/minimax-marketing/x-monitoring/data/runs/2026-07-15/enum_dead_letter.jsonl)
dead-letter enum: family=role value='unknown' context={'table': 'brands_accounts', 'brand_id': 'llama', 'author_id': 'handle:centinela_87'} (logged to /Users/fuchitalee/development/minimax-marketing/x-monitoring/data/runs/2026-07-15/enum_dead_letter.jsonl)
dead-letter enum: family=role value='unknown' context={'table': 'brands_accounts', 'brand_id': 'llama', 'author_id': 'handle:chip_rak'} (logged to /Users/fuchitalee/development/minimax-marketing/x-monitoring/data/runs/2026-07-15/enum_dead_letter.jsonl)
dead-letter enum: family=role value='unknown' context={'table': 'brands_accounts', 'brand_id': 'llama', 'author_id': 'handle:imnotbatmanhehe'} (logged to /Users/fuchitalee/development/minimax-marketing/x-monitoring/data/runs/2026-07-15/enum_dead_letter.jsonl)
dead-letter enum: family=role value='unknown' context={'table': 'brands_accounts', 'brand_id': 'llama', 'author_id': 'handle:CarecucosP'} (logged to /Users/fuchitalee/development/minimax-marketing/x-monitoring/data/runs/2026-07-15/enum_dead_letter.jsonl)
dead-letter enum: family=role value='unknown' context={'table': 'brands_accounts', 'brand_id': 'llama', 'author_id': 'handle:JoRodz24'} (logged to /Users/fuchitalee/development/minimax-marketing/x-monitoring/data/runs/2026-07-15/enum_dead_letter.jsonl)
dead-letter enum: family=role value='unknown' context={'table': 'brands_accounts', 'brand_id': 'llama', 'author_id': 'handle:FlavioPintoSi'} (logged to /Users/fuchitalee/development/minimax-marketing/x-monitoring/data/runs/2026-07-15/enum_dead_letter.jsonl)
dead-letter enum: family=role value='unknown' context={'table': 'brands_accounts', 'brand_id': 'llama', 'author_id': 'handle:MartinJarquer'} (logged to /Users/fuchitalee/development/minimax-marketing/x-monitoring/data/runs/2026-07-15/enum_dead_letter.jsonl)
dead-letter enum: family=role value='unknown' context={'table': 'brands_accounts', 'brand_id': 'llama', 'author_id': 'handle:Jedadaolg'} (logged to /Users/fuchitalee/development/minimax-marketing/x-monitoring/data/runs/2026-07-15/enum_dead_letter.jsonl)
dead-letter enum: family=role value='unknown' context={'table': 'brands_accounts', 'brand_id': 'llama', 'author_id': 'handle:96Albos'} (logged to /Users/fuchitalee/development/minimax-marketing/x-monitoring/data/runs/2026-07-15/enum_dead_letter.jsonl)
dead-letter enum: family=role value='unknown' context={'table': 'brands_accounts', 'brand_id': 'llama', 'author_id': 'handle:hyuntoomgysm'} (logged to /Users/fuchitalee/development/minimax-marketing/x-monitoring/data/runs/2026-07-15/enum_dead_letter.jsonl)
dead-letter enum: family=role value='unknown' context={'table': 'brands_accounts', 'brand_id': 'llama', 'author_id': 'handle:Onuba_Manuel'} (logged to /Users/fuchitalee/development/minimax-marketing/x-monitoring/data/runs/2026-07-15/enum_dead_letter.jsonl)
dead-letter enum: family=role value='unknown' context={'table': 'brands_accounts', 'brand_id': 'llama', 'author_id': 'handle:ninomay1936'} (logged to /Users/fuchitalee/development/minimax-marketing/x-monitoring/data/runs/2026-07-15/enum_dead_letter.jsonl)
dead-letter enum: family=role value='unknown' context={'table': 'brands_accounts', 'brand_id': 'llama', 'author_id': 'handle:s_aliwe'} (logged to /Users/fuchitalee/development/minimax-marketing/x-monitoring/data/runs/2026-07-15/enum_dead_letter.jsonl)
dead-letter enum: family=role value='unknown' context={'table': 'brands_accounts', 'brand_id': 'llama', 'author_id': 'handle:wa1ch3r'} (logged to /Users/fuchitalee/development/minimax-marketing/x-monitoring/data/runs/2026-07-15/enum_dead_letter.jsonl)
dead-letter enum: family=role value='unknown' context={'table': 'brands_accounts', 'brand_id': 'llama', 'author_id': 'handle:SirHeybol'} (logged to /Users/fuchitalee/development/minimax-marketing/x-monitoring/data/runs/2026-07-15/enum_dead_letter.jsonl)
dead-letter enum: family=role value='unknown' context={'table': 'brands_accounts', 'brand_id': 'llama', 'author_id': 'handle:WulferPWI'} (logged to /Users/fuchitalee/development/minimax-marketing/x-monitoring/data/runs/2026-07-15/enum_dead_letter.jsonl)
dead-letter enum: family=role value='unknown' context={'table': 'brands_accounts', 'brand_id': 'llama', 'author_id': 'handle:Antiviscerales'} (logged to /Users/fuchitalee/development/minimax-marketing/x-monitoring/data/runs/2026-07-15/enum_dead_letter.jsonl)
dead-letter enum: family=role value='unknown' context={'table': 'brands_accounts', 'brand_id': 'llama', 'author_id': 'handle:LuisGuirola'} (logged to /Users/fuchitalee/development/minimax-marketing/x-monitoring/data/runs/2026-07-15/enum_dead_letter.jsonl)
dead-letter enum: family=role value='unknown' context={'table': 'brands_accounts', 'brand_id': 'llama', 'author_id': 'handle:hdz_claret'} (logged to /Users/fuchitalee/development/minimax-marketing/x-monitoring/data/runs/2026-07-15/enum_dead_letter.jsonl)
dead-letter enum: family=role value='unknown' context={'table': 'brands_accounts', 'brand_id': 'llama', 'author_id': 'handle:Hanakito3'} (logged to /Users/fuchitalee/development/minimax-marketing/x-monitoring/data/runs/2026-07-15/enum_dead_letter.jsonl)
dead-letter enum: family=role value='unknown' context={'table': 'brands_accounts', 'brand_id': 'llama', 'author_id': 'handle:Sweafrogs'} (logged to /Users/fuchitalee/development/minimax-marketing/x-monitoring/data/runs/2026-07-15/enum_dead_letter.jsonl)
dead-letter enum: family=role value='unknown' context={'table': 'brands_accounts', 'brand_id': 'llama', 'author_id': 'handle:callitdaylight'} (logged to /Users/fuchitalee/development/minimax-marketing/x-monitoring/data/runs/2026-07-15/enum_dead_letter.jsonl)
dead-letter enum: family=role value='unknown' context={'table': 'brands_accounts', 'brand_id': 'llama', 'author_id': 'handle:antipsicologa_'} (logged to /Users/fuchitalee/development/minimax-marketing/x-monitoring/data/runs/2026-07-15/enum_dead_letter.jsonl)
dead-letter enum: family=role value='unknown' context={'table': 'brands_accounts', 'brand_id': 'llama', 'author_id': 'handle:vksg_78'} (logged to /Users/fuchitalee/development/minimax-marketing/x-monitoring/data/runs/2026-07-15/enum_dead_letter.jsonl)
dead-letter enum: family=role value='unknown' context={'table': 'brands_accounts', 'brand_id': 'llama', 'author_id': 'handle:juanessabe'} (logged to /Users/fuchitalee/development/minimax-marketing/x-monitoring/data/runs/2026-07-15/enum_dead_letter.jsonl)
dead-letter enum: family=role value='unknown' context={'table': 'brands_accounts', 'brand_id': 'llama', 'author_id': 'handle:couchdicks'} (logged to /Users/fuchitalee/development/minimax-marketing/x-monitoring/data/runs/2026-07-15/enum_dead_letter.jsonl)
dead-letter enum: family=role value='unknown' context={'table': 'brands_accounts', 'brand_id': 'llama', 'author_id': 'handle:AVR27262'} (logged to /Users/fuchitalee/development/minimax-marketing/x-monitoring/data/runs/2026-07-15/enum_dead_letter.jsonl)
dead-letter enum: family=role value='unknown' context={'table': 'brands_accounts', 'brand_id': 'llama', 'author_id': 'handle:PZajatt'} (logged to /Users/fuchitalee/development/minimax-marketing/x-monitoring/data/runs/2026-07-15/enum_dead_letter.jsonl)
dead-letter enum: family=role value='unknown' context={'table': 'brands_accounts', 'brand_id': 'llama', 'author_id': 'handle:PabloBouvi77578'} (logged to /Users/fuchitalee/development/minimax-marketing/x-monitoring/data/runs/2026-07-15/enum_dead_letter.jsonl)
dead-letter enum: family=role value='unknown' context={'table': 'brands_accounts', 'brand_id': 'llama', 'author_id': 'handle:juansuarezav'} (logged to /Users/fuchitalee/development/minimax-marketing/x-monitoring/data/runs/2026-07-15/enum_dead_letter.jsonl)
dead-letter enum: family=role value='unknown' context={'table': 'brands_accounts', 'brand_id': 'llama', 'author_id': 'handle:palabradmlstrom'} (logged to /Users/fuchitalee/development/minimax-marketing/x-monitoring/data/runs/2026-07-15/enum_dead_letter.jsonl)
dead-letter enum: family=role value='unknown' context={'table': 'brands_accounts', 'brand_id': 'llama', 'author_id': 'handle:narakuuu95'} (logged to /Users/fuchitalee/development/minimax-marketing/x-monitoring/data/runs/2026-07-15/enum_dead_letter.jsonl)
dead-letter enum: family=role value='unknown' context={'table': 'brands_accounts', 'brand_id': 'llama', 'author_id': 'handle:ZacKaizen'} (logged to /Users/fuchitalee/development/minimax-marketing/x-monitoring/data/runs/2026-07-15/enum_dead_letter.jsonl)
dead-letter enum: family=role value='unknown' context={'table': 'brands_accounts', 'brand_id': 'llama', 'author_id': 'handle:_machi47'} (logged to /Users/fuchitalee/development/minimax-marketing/x-monitoring/data/runs/2026-07-15/enum_dead_letter.jsonl)
dead-letter enum: family=role value='unknown' context={'table': 'brands_accounts', 'brand_id': 'llama', 'author_id': 'handle:JagTheHero'} (logged to /Users/fuchitalee/development/minimax-marketing/x-monitoring/data/runs/2026-07-15/enum_dead_letter.jsonl)
dead-letter enum: family=role value='unknown' context={'table': 'brands_accounts', 'brand_id': 'llama', 'author_id': 'handle:AlearaHamato'} (logged to /Users/fuchitalee/development/minimax-marketing/x-monitoring/data/runs/2026-07-15/enum_dead_letter.jsonl)
dead-letter enum: family=role value='unknown' context={'table': 'brands_accounts', 'brand_id': 'llama', 'author_id': 'handle:Mixell_d'} (logged to /Users/fuchitalee/development/minimax-marketing/x-monitoring/data/runs/2026-07-15/enum_dead_letter.jsonl)
dead-letter enum: family=role value='unknown' context={'table': 'brands_accounts', 'brand_id': 'llama', 'author_id': 'handle:bbxjasper'} (logged to /Users/fuchitalee/development/minimax-marketing/x-monitoring/data/runs/2026-07-15/enum_dead_letter.jsonl)
dead-letter enum: family=role value='unknown' context={'table': 'brands_accounts', 'brand_id': 'llama', 'author_id': 'handle:Histro74'} (logged to /Users/fuchitalee/development/minimax-marketing/x-monitoring/data/runs/2026-07-15/enum_dead_letter.jsonl)
dead-letter enum: family=role value='unknown' context={'table': 'brands_accounts', 'brand_id': 'llama', 'author_id': 'handle:GH0ST_ST31N'} (logged to /Users/fuchitalee/development/minimax-marketing/x-monitoring/data/runs/2026-07-15/enum_dead_letter.jsonl)
dead-letter enum: family=role value='unknown' context={'table': 'brands_accounts', 'brand_id': 'llama', 'author_id': 'handle:Car_Juan_'} (logged to /Users/fuchitalee/development/minimax-marketing/x-monitoring/data/runs/2026-07-15/enum_dead_letter.jsonl)
dead-letter enum: family=role value='unknown' context={'table': 'brands_accounts', 'brand_id': 'llama', 'author_id': 'handle:Patoaventuras8'} (logged to /Users/fuchitalee/development/minimax-marketing/x-monitoring/data/runs/2026-07-15/enum_dead_letter.jsonl)
dead-letter enum: family=role value='unknown' context={'table': 'brands_accounts', 'brand_id': 'llama', 'author_id': 'handle:flwreditss'} (logged to /Users/fuchitalee/development/minimax-marketing/x-monitoring/data/runs/2026-07-15/enum_dead_letter.jsonl)
dead-letter enum: family=role value='unknown' context={'table': 'brands_accounts', 'brand_id': 'llama', 'author_id': 'handle:Gafe2006'} (logged to /Users/fuchitalee/development/minimax-marketing/x-monitoring/data/runs/2026-07-15/enum_dead_letter.jsonl)
dead-letter enum: family=role value='unknown' context={'table': 'brands_accounts', 'brand_id': 'llama', 'author_id': 'handle:sauditaa'} (logged to /Users/fuchitalee/development/minimax-marketing/x-monitoring/data/runs/2026-07-15/enum_dead_letter.jsonl)
dead-letter enum: family=role value='unknown' context={'table': 'brands_accounts', 'brand_id': 'llama', 'author_id': 'handle:AN05211829'} (logged to /Users/fuchitalee/development/minimax-marketing/x-monitoring/data/runs/2026-07-15/enum_dead_letter.jsonl)
dead-letter enum: family=role value='unknown' context={'table': 'brands_accounts', 'brand_id': 'llama', 'author_id': 'handle:ALVAROENMX'} (logged to /Users/fuchitalee/development/minimax-marketing/x-monitoring/data/runs/2026-07-15/enum_dead_letter.jsonl)
dead-letter enum: family=role value='unknown' context={'table': 'brands_accounts', 'brand_id': 'llama', 'author_id': 'handle:JULEONENA'} (logged to /Users/fuchitalee/development/minimax-marketing/x-monitoring/data/runs/2026-07-15/enum_dead_letter.jsonl)
dead-letter enum: family=role value='unknown' context={'table': 'brands_accounts', 'brand_id': 'llama', 'author_id': 'handle:Baby_Nolo'} (logged to /Users/fuchitalee/development/minimax-marketing/x-monitoring/data/runs/2026-07-15/enum_dead_letter.jsonl)
dead-letter enum: family=role value='unknown' context={'table': 'brands_accounts', 'brand_id': 'llama', 'author_id': 'handle:micasma'} (logged to /Users/fuchitalee/development/minimax-marketing/x-monitoring/data/runs/2026-07-15/enum_dead_letter.jsonl)
dead-letter enum: family=role value='unknown' context={'table': 'brands_accounts', 'brand_id': 'llama', 'author_id': 'handle:Rodri04Cardozo'} (logged to /Users/fuchitalee/development/minimax-marketing/x-monitoring/data/runs/2026-07-15/enum_dead_letter.jsonl)
dead-letter enum: family=role value='unknown' context={'table': 'brands_accounts', 'brand_id': 'llama', 'author_id': 'handle:Ursusmaritimusg'} (logged to /Users/fuchitalee/development/minimax-marketing/x-monitoring/data/runs/2026-07-15/enum_dead_letter.jsonl)
dead-letter enum: family=role value='unknown' context={'table': 'brands_accounts', 'brand_id': 'llama', 'author_id': 'handle:jats_96'} (logged to /Users/fuchitalee/development/minimax-marketing/x-monitoring/data/runs/2026-07-15/enum_dead_letter.jsonl)
dead-letter enum: family=role value='unknown' context={'table': 'brands_accounts', 'brand_id': 'llama', 'author_id': 'handle:foxis15'} (logged to /Users/fuchitalee/development/minimax-marketing/x-monitoring/data/runs/2026-07-15/enum_dead_letter.jsonl)
dead-letter enum: family=role value='unknown' context={'table': 'brands_accounts', 'brand_id': 'llama', 'author_id': 'handle:Castelopio'} (logged to /Users/fuchitalee/development/minimax-marketing/x-monitoring/data/runs/2026-07-15/enum_dead_letter.jsonl)
dead-letter enum: family=role value='unknown' context={'table': 'brands_accounts', 'brand_id': 'llama', 'author_id': 'handle:BrunoHudson79'} (logged to /Users/fuchitalee/development/minimax-marketing/x-monitoring/data/runs/2026-07-15/enum_dead_letter.jsonl)
dead-letter enum: family=role value='unknown' context={'table': 'brands_accounts', 'brand_id': 'llama', 'author_id': 'handle:ToralesCatalina'} (logged to /Users/fuchitalee/development/minimax-marketing/x-monitoring/data/runs/2026-07-15/enum_dead_letter.jsonl)
dead-letter enum: family=role value='unknown' context={'table': 'brands_accounts', 'brand_id': 'llama', 'author_id': 'handle:KikeSifon'} (logged to /Users/fuchitalee/development/minimax-marketing/x-monitoring/data/runs/2026-07-15/enum_dead_letter.jsonl)
dead-letter enum: family=role value='unknown' context={'table': 'brands_accounts', 'brand_id': 'llama', 'author_id': 'handle:fgonzalez'} (logged to /Users/fuchitalee/development/minimax-marketing/x-monitoring/data/runs/2026-07-15/enum_dead_letter.jsonl)
dead-letter enum: family=role value='unknown' context={'table': 'brands_accounts', 'brand_id': 'llama', 'author_id': 'handle:tanbi4'} (logged to /Users/fuchitalee/development/minimax-marketing/x-monitoring/data/runs/2026-07-15/enum_dead_letter.jsonl)
dead-letter enum: family=role value='unknown' context={'table': 'brands_accounts', 'brand_id': 'llama', 'author_id': 'handle:shamoaning_'} (logged to /Users/fuchitalee/development/minimax-marketing/x-monitoring/data/runs/2026-07-15/enum_dead_letter.jsonl)
dead-letter enum: family=role value='unknown' context={'table': 'brands_accounts', 'brand_id': 'llama', 'author_id': 'handle:Andrea48347555'} (logged to /Users/fuchitalee/development/minimax-marketing/x-monitoring/data/runs/2026-07-15/enum_dead_letter.jsonl)
dead-letter enum: family=role value='unknown' context={'table': 'brands_accounts', 'brand_id': 'llama', 'author_id': 'handle:Freddyvar78'} (logged to /Users/fuchitalee/development/minimax-marketing/x-monitoring/data/runs/2026-07-15/enum_dead_letter.jsonl)
dead-letter enum: family=role value='unknown' context={'table': 'brands_accounts', 'brand_id': 'llama', 'author_id': 'handle:Jameson34365076'} (logged to /Users/fuchitalee/development/minimax-marketing/x-monitoring/data/runs/2026-07-15/enum_dead_letter.jsonl)
dead-letter enum: family=role value='unknown' context={'table': 'brands_accounts', 'brand_id': 'llama', 'author_id': 'handle:TibuCurtua'} (logged to /Users/fuchitalee/development/minimax-marketing/x-monitoring/data/runs/2026-07-15/enum_dead_letter.jsonl)
dead-letter enum: family=role value='unknown' context={'table': 'brands_accounts', 'brand_id': 'llama', 'author_id': 'handle:Panurgo_'} (logged to /Users/fuchitalee/development/minimax-marketing/x-monitoring/data/runs/2026-07-15/enum_dead_letter.jsonl)
dead-letter enum: family=role value='unknown' context={'table': 'brands_accounts', 'brand_id': 'llama', 'author_id': 'handle:chusmademierda_'} (logged to /Users/fuchitalee/development/minimax-marketing/x-monitoring/data/runs/2026-07-15/enum_dead_letter.jsonl)
dead-letter enum: family=role value='unknown' context={'table': 'brands_accounts', 'brand_id': 'llama', 'author_id': 'handle:canardf2'} (logged to /Users/fuchitalee/development/minimax-marketing/x-monitoring/data/runs/2026-07-15/enum_dead_letter.jsonl)
dead-letter enum: family=role value='unknown' context={'table': 'brands_accounts', 'brand_id': 'llama', 'author_id': 'handle:pecamcas'} (logged to /Users/fuchitalee/development/minimax-marketing/x-monitoring/data/runs/2026-07-15/enum_dead_letter.jsonl)
dead-letter enum: family=role value='unknown' context={'table': 'brands_accounts', 'brand_id': 'llama', 'author_id': 'handle:BfR_JG'} (logged to /Users/fuchitalee/development/minimax-marketing/x-monitoring/data/runs/2026-07-15/enum_dead_letter.jsonl)
dead-letter enum: family=role value='unknown' context={'table': 'brands_accounts', 'brand_id': 'llama', 'author_id': 'handle:Blue__xd'} (logged to /Users/fuchitalee/development/minimax-marketing/x-monitoring/data/runs/2026-07-15/enum_dead_letter.jsonl)
dead-letter enum: family=role value='unknown' context={'table': 'brands_accounts', 'brand_id': 'llama', 'author_id': 'handle:Shawnfrost84'} (logged to /Users/fuchitalee/development/minimax-marketing/x-monitoring/data/runs/2026-07-15/enum_dead_letter.jsonl)
dead-letter enum: family=role value='unknown' context={'table': 'brands_accounts', 'brand_id': 'llama', 'author_id': 'handle:emimiliar'} (logged to /Users/fuchitalee/development/minimax-marketing/x-monitoring/data/runs/2026-07-15/enum_dead_letter.jsonl)
dead-letter enum: family=role value='unknown' context={'table': 'brands_accounts', 'brand_id': 'llama', 'author_id': 'handle:Clodomi62180957'} (logged to /Users/fuchitalee/development/minimax-marketing/x-monitoring/data/runs/2026-07-15/enum_dead_letter.jsonl)
dead-letter enum: family=role value='unknown' context={'table': 'brands_accounts', 'brand_id': 'llama', 'author_id': 'handle:Joseorfane25962'} (logged to /Users/fuchitalee/development/minimax-marketing/x-monitoring/data/runs/2026-07-15/enum_dead_letter.jsonl)
dead-letter enum: family=role value='unknown' context={'table': 'brands_accounts', 'brand_id': 'llama', 'author_id': 'handle:mbongiosnow'} (logged to /Users/fuchitalee/development/minimax-marketing/x-monitoring/data/runs/2026-07-15/enum_dead_letter.jsonl)
dead-letter enum: family=role value='unknown' context={'table': 'brands_accounts', 'brand_id': 'llama', 'author_id': 'handle:Rml99'} (logged to /Users/fuchitalee/development/minimax-marketing/x-monitoring/data/runs/2026-07-15/enum_dead_letter.jsonl)
dead-letter enum: family=role value='unknown' context={'table': 'brands_accounts', 'brand_id': 'llama', 'author_id': 'handle:Analfa_Berto'} (logged to /Users/fuchitalee/development/minimax-marketing/x-monitoring/data/runs/2026-07-15/enum_dead_letter.jsonl)
dead-letter enum: family=role value='unknown' context={'table': 'brands_accounts', 'brand_id': 'llama', 'author_id': 'handle:MARlAHSFANTASY'} (logged to /Users/fuchitalee/development/minimax-marketing/x-monitoring/data/runs/2026-07-15/enum_dead_letter.jsonl)
dead-letter enum: family=role value='unknown' context={'table': 'brands_accounts', 'brand_id': 'llama', 'author_id': 'handle:antoorte_'} (logged to /Users/fuchitalee/development/minimax-marketing/x-monitoring/data/runs/2026-07-15/enum_dead_letter.jsonl)
dead-letter enum: family=role value='unknown' context={'table': 'brands_accounts', 'brand_id': 'llama', 'author_id': 'handle:patwattaar'} (logged to /Users/fuchitalee/development/minimax-marketing/x-monitoring/data/runs/2026-07-15/enum_dead_letter.jsonl)
dead-letter enum: family=role value='unknown' context={'table': 'brands_accounts', 'brand_id': 'llama', 'author_id': 'handle:honestidad100'} (logged to /Users/fuchitalee/development/minimax-marketing/x-monitoring/data/runs/2026-07-15/enum_dead_letter.jsonl)
dead-letter enum: family=role value='unknown' context={'table': 'brands_accounts', 'brand_id': 'llama', 'author_id': 'handle:SoledadM1998'} (logged to /Users/fuchitalee/development/minimax-marketing/x-monitoring/data/runs/2026-07-15/enum_dead_letter.jsonl)
dead-letter enum: family=role value='unknown' context={'table': 'brands_accounts', 'brand_id': 'llama', 'author_id': 'handle:RoberMall2'} (logged to /Users/fuchitalee/development/minimax-marketing/x-monitoring/data/runs/2026-07-15/enum_dead_letter.jsonl)
dead-letter enum: family=role value='unknown' context={'table': 'brands_accounts', 'brand_id': 'llama', 'author_id': 'handle:TheValueist'} (logged to /Users/fuchitalee/development/minimax-marketing/x-monitoring/data/runs/2026-07-15/enum_dead_letter.jsonl)
dead-letter enum: family=role value='unknown' context={'table': 'brands_accounts', 'brand_id': 'llama', 'author_id': 'handle:corchoquemero'} (logged to /Users/fuchitalee/development/minimax-marketing/x-monitoring/data/runs/2026-07-15/enum_dead_letter.jsonl)
dead-letter enum: family=role value='unknown' context={'table': 'brands_accounts', 'brand_id': 'llama', 'author_id': 'handle:MarcelinoVarel9'} (logged to /Users/fuchitalee/development/minimax-marketing/x-monitoring/data/runs/2026-07-15/enum_dead_letter.jsonl)
dead-letter enum: family=role value='unknown' context={'table': 'brands_accounts', 'brand_id': 'llama', 'author_id': 'handle:LOTRAV'} (logged to /Users/fuchitalee/development/minimax-marketing/x-monitoring/data/runs/2026-07-15/enum_dead_letter.jsonl)
dead-letter enum: family=role value='unknown' context={'table': 'brands_accounts', 'brand_id': 'llama', 'author_id': 'handle:rrrubenreal'} (logged to /Users/fuchitalee/development/minimax-marketing/x-monitoring/data/runs/2026-07-15/enum_dead_letter.jsonl)
dead-letter enum: family=role value='unknown' context={'table': 'brands_accounts', 'brand_id': 'llama', 'author_id': 'handle:joannebryce'} (logged to /Users/fuchitalee/development/minimax-marketing/x-monitoring/data/runs/2026-07-15/enum_dead_letter.jsonl)
dead-letter enum: family=role value='unknown' context={'table': 'brands_accounts', 'brand_id': 'llama', 'author_id': 'handle:AnaPaez02464467'} (logged to /Users/fuchitalee/development/minimax-marketing/x-monitoring/data/runs/2026-07-15/enum_dead_letter.jsonl)
dead-letter enum: family=role value='unknown' context={'table': 'brands_accounts', 'brand_id': 'llama', 'author_id': 'handle:luisMartiRivas'} (logged to /Users/fuchitalee/development/minimax-marketing/x-monitoring/data/runs/2026-07-15/enum_dead_letter.jsonl)
dead-letter enum: family=role value='unknown' context={'table': 'brands_accounts', 'brand_id': 'llama', 'author_id': 'handle:CsrMayor'} (logged to /Users/fuchitalee/development/minimax-marketing/x-monitoring/data/runs/2026-07-15/enum_dead_letter.jsonl)
dead-letter enum: family=role value='unknown' context={'table': 'brands_accounts', 'brand_id': 'llama', 'author_id': 'handle:haciendoelrubio'} (logged to /Users/fuchitalee/development/minimax-marketing/x-monitoring/data/runs/2026-07-15/enum_dead_letter.jsonl)
dead-letter enum: family=role value='unknown' context={'table': 'brands_accounts', 'brand_id': 'llama', 'author_id': 'handle:LaKarapancita'} (logged to /Users/fuchitalee/development/minimax-marketing/x-monitoring/data/runs/2026-07-15/enum_dead_letter.jsonl)
dead-letter enum: family=role value='unknown' context={'table': 'brands_accounts', 'brand_id': 'llama', 'author_id': 'handle:Rescoldo'} (logged to /Users/fuchitalee/development/minimax-marketing/x-monitoring/data/runs/2026-07-15/enum_dead_letter.jsonl)
dead-letter enum: family=role value='unknown' context={'table': 'brands_accounts', 'brand_id': 'llama', 'author_id': 'handle:r_azarov'} (logged to /Users/fuchitalee/development/minimax-marketing/x-monitoring/data/runs/2026-07-15/enum_dead_letter.jsonl)
dead-letter enum: family=role value='unknown' context={'table': 'brands_accounts', 'brand_id': 'llama', 'author_id': 'handle:Alimaya8Maya'} (logged to /Users/fuchitalee/development/minimax-marketing/x-monitoring/data/runs/2026-07-15/enum_dead_letter.jsonl)
dead-letter enum: family=role value='unknown' context={'table': 'brands_accounts', 'brand_id': 'llama', 'author_id': 'handle:JesusRC_25'} (logged to /Users/fuchitalee/development/minimax-marketing/x-monitoring/data/runs/2026-07-15/enum_dead_letter.jsonl)
dead-letter enum: family=role value='unknown' context={'table': 'brands_accounts', 'brand_id': 'llama', 'author_id': 'handle:KobiSorca'} (logged to /Users/fuchitalee/development/minimax-marketing/x-monitoring/data/runs/2026-07-15/enum_dead_letter.jsonl)
dead-letter enum: family=role value='unknown' context={'table': 'brands_accounts', 'brand_id': 'llama', 'author_id': 'handle:carolinach92'} (logged to /Users/fuchitalee/development/minimax-marketing/x-monitoring/data/runs/2026-07-15/enum_dead_letter.jsonl)
dead-letter enum: family=role value='unknown' context={'table': 'brands_accounts', 'brand_id': 'llama', 'author_id': 'handle:ElementalSacro'} (logged to /Users/fuchitalee/development/minimax-marketing/x-monitoring/data/runs/2026-07-15/enum_dead_letter.jsonl)
dead-letter enum: family=role value='unknown' context={'table': 'brands_accounts', 'brand_id': 'llama', 'author_id': 'handle:MATEL_Cultura'} (logged to /Users/fuchitalee/development/minimax-marketing/x-monitoring/data/runs/2026-07-15/enum_dead_letter.jsonl)
dead-letter enum: family=role value='unknown' context={'table': 'brands_accounts', 'brand_id': 'llama', 'author_id': 'handle:anotheranarch'} (logged to /Users/fuchitalee/development/minimax-marketing/x-monitoring/data/runs/2026-07-15/enum_dead_letter.jsonl)
dead-letter enum: family=role value='unknown' context={'table': 'brands_accounts', 'brand_id': 'llama', 'author_id': 'handle:quetehascr68864'} (logged to /Users/fuchitalee/development/minimax-marketing/x-monitoring/data/runs/2026-07-15/enum_dead_letter.jsonl)
dead-letter enum: family=role value='unknown' context={'table': 'brands_accounts', 'brand_id': 'llama', 'author_id': 'handle:deglalliston'} (logged to /Users/fuchitalee/development/minimax-marketing/x-monitoring/data/runs/2026-07-15/enum_dead_letter.jsonl)
dead-letter enum: family=role value='unknown' context={'table': 'brands_accounts', 'brand_id': 'llama', 'author_id': 'handle:FerranGric40883'} (logged to /Users/fuchitalee/development/minimax-marketing/x-monitoring/data/runs/2026-07-15/enum_dead_letter.jsonl)
dead-letter enum: family=role value='unknown' context={'table': 'brands_accounts', 'brand_id': 'llama', 'author_id': 'handle:juandechaco'} (logged to /Users/fuchitalee/development/minimax-marketing/x-monitoring/data/runs/2026-07-15/enum_dead_letter.jsonl)
dead-letter enum: family=role value='unknown' context={'table': 'brands_accounts', 'brand_id': 'llama', 'author_id': 'handle:OmarLopezBTC'} (logged to /Users/fuchitalee/development/minimax-marketing/x-monitoring/data/runs/2026-07-15/enum_dead_letter.jsonl)
dead-letter enum: family=role value='unknown' context={'table': 'brands_accounts', 'brand_id': 'llama', 'author_id': 'handle:dan80534484'} (logged to /Users/fuchitalee/development/minimax-marketing/x-monitoring/data/runs/2026-07-15/enum_dead_letter.jsonl)
dead-letter enum: family=role value='unknown' context={'table': 'brands_accounts', 'brand_id': 'llama', 'author_id': 'handle:Videoestress'} (logged to /Users/fuchitalee/development/minimax-marketing/x-monitoring/data/runs/2026-07-15/enum_dead_letter.jsonl)
dead-letter enum: family=role value='unknown' context={'table': 'brands_accounts', 'brand_id': 'llama', 'author_id': 'handle:Londar0n'} (logged to /Users/fuchitalee/development/minimax-marketing/x-monitoring/data/runs/2026-07-15/enum_dead_letter.jsonl)
dead-letter enum: family=role value='unknown' context={'table': 'brands_accounts', 'brand_id': 'llama', 'author_id': 'handle:lepanita15'} (logged to /Users/fuchitalee/development/minimax-marketing/x-monitoring/data/runs/2026-07-15/enum_dead_letter.jsonl)
dead-letter enum: family=role value='unknown' context={'table': 'brands_accounts', 'brand_id': 'llama', 'author_id': 'handle:ElFrailejon_'} (logged to /Users/fuchitalee/development/minimax-marketing/x-monitoring/data/runs/2026-07-15/enum_dead_letter.jsonl)
dead-letter enum: family=role value='unknown' context={'table': 'brands_accounts', 'brand_id': 'llama', 'author_id': 'handle:tiocaniche'} (logged to /Users/fuchitalee/development/minimax-marketing/x-monitoring/data/runs/2026-07-15/enum_dead_letter.jsonl)
dead-letter enum: family=role value='unknown' context={'table': 'brands_accounts', 'brand_id': 'llama', 'author_id': 'handle:Bn123Jaime'} (logged to /Users/fuchitalee/development/minimax-marketing/x-monitoring/data/runs/2026-07-15/enum_dead_letter.jsonl)
dead-letter enum: family=role value='unknown' context={'table': 'brands_accounts', 'brand_id': 'llama', 'author_id': 'handle:DAJ_EU_Diputado'} (logged to /Users/fuchitalee/development/minimax-marketing/x-monitoring/data/runs/2026-07-15/enum_dead_letter.jsonl)
dead-letter enum: family=role value='unknown' context={'table': 'brands_accounts', 'brand_id': 'llama', 'author_id': 'handle:C0lmillos'} (logged to /Users/fuchitalee/development/minimax-marketing/x-monitoring/data/runs/2026-07-15/enum_dead_letter.jsonl)
dead-letter enum: family=role value='unknown' context={'table': 'brands_accounts', 'brand_id': 'llama', 'author_id': 'handle:Onchainbrainz'} (logged to /Users/fuchitalee/development/minimax-marketing/x-monitoring/data/runs/2026-07-15/enum_dead_letter.jsonl)
dead-letter enum: family=role value='unknown' context={'table': 'brands_accounts', 'brand_id': 'llama', 'author_id': 'handle:JC3x'} (logged to /Users/fuchitalee/development/minimax-marketing/x-monitoring/data/runs/2026-07-15/enum_dead_letter.jsonl)
dead-letter enum: family=role value='unknown' context={'table': 'brands_accounts', 'brand_id': 'llama', 'author_id': 'handle:HilosValdebebas'} (logged to /Users/fuchitalee/development/minimax-marketing/x-monitoring/data/runs/2026-07-15/enum_dead_letter.jsonl)
dead-letter enum: family=role value='unknown' context={'table': 'brands_accounts', 'brand_id': 'llama', 'author_id': 'handle:tomaskingtape'} (logged to /Users/fuchitalee/development/minimax-marketing/x-monitoring/data/runs/2026-07-15/enum_dead_letter.jsonl)
dead-letter enum: family=role value='unknown' context={'table': 'brands_accounts', 'brand_id': 'llama', 'author_id': 'handle:inNomineSomnium'} (logged to /Users/fuchitalee/development/minimax-marketing/x-monitoring/data/runs/2026-07-15/enum_dead_letter.jsonl)
dead-letter enum: family=role value='unknown' context={'table': 'brands_accounts', 'brand_id': 'llama', 'author_id': 'handle:rosaru__10'} (logged to /Users/fuchitalee/development/minimax-marketing/x-monitoring/data/runs/2026-07-15/enum_dead_letter.jsonl)
dead-letter enum: family=role value='unknown' context={'table': 'brands_accounts', 'brand_id': 'llama', 'author_id': 'handle:andeiro'} (logged to /Users/fuchitalee/development/minimax-marketing/x-monitoring/data/runs/2026-07-15/enum_dead_letter.jsonl)
dead-letter enum: family=role value='unknown' context={'table': 'brands_accounts', 'brand_id': 'llama', 'author_id': 'handle:makazeu'} (logged to /Users/fuchitalee/development/minimax-marketing/x-monitoring/data/runs/2026-07-15/enum_dead_letter.jsonl)
dead-letter enum: family=role value='unknown' context={'table': 'brands_accounts', 'brand_id': 'llama', 'author_id': 'handle:FritoTomat86149'} (logged to /Users/fuchitalee/development/minimax-marketing/x-monitoring/data/runs/2026-07-15/enum_dead_letter.jsonl)
dead-letter enum: family=role value='unknown' context={'table': 'brands_accounts', 'brand_id': 'llama', 'author_id': 'handle:Kqso619902541'} (logged to /Users/fuchitalee/development/minimax-marketing/x-monitoring/data/runs/2026-07-15/enum_dead_letter.jsonl)
dead-letter enum: family=role value='unknown' context={'table': 'brands_accounts', 'brand_id': 'llama', 'author_id': 'handle:Schuletec'} (logged to /Users/fuchitalee/development/minimax-marketing/x-monitoring/data/runs/2026-07-15/enum_dead_letter.jsonl)
dead-letter enum: family=role value='unknown' context={'table': 'brands_accounts', 'brand_id': 'llama', 'author_id': 'handle:Obolomix'} (logged to /Users/fuchitalee/development/minimax-marketing/x-monitoring/data/runs/2026-07-15/enum_dead_letter.jsonl)
dead-letter enum: family=role value='unknown' context={'table': 'brands_accounts', 'brand_id': 'llama', 'author_id': 'handle:growertabogo'} (logged to /Users/fuchitalee/development/minimax-marketing/x-monitoring/data/runs/2026-07-15/enum_dead_letter.jsonl)
dead-letter enum: family=role value='unknown' context={'table': 'brands_accounts', 'brand_id': 'llama', 'author_id': 'handle:B52Marksoon'} (logged to /Users/fuchitalee/development/minimax-marketing/x-monitoring/data/runs/2026-07-15/enum_dead_letter.jsonl)
dead-letter enum: family=role value='unknown' context={'table': 'brands_accounts', 'brand_id': 'llama', 'author_id': 'handle:maragotayenano2'} (logged to /Users/fuchitalee/development/minimax-marketing/x-monitoring/data/runs/2026-07-15/enum_dead_letter.jsonl)
dead-letter enum: family=role value='unknown' context={'table': 'brands_accounts', 'brand_id': 'llama', 'author_id': 'handle:Lightining55'} (logged to /Users/fuchitalee/development/minimax-marketing/x-monitoring/data/runs/2026-07-15/enum_dead_letter.jsonl)
dead-letter enum: family=role value='unknown' context={'table': 'brands_accounts', 'brand_id': 'llama', 'author_id': 'handle:MariaOsunaruiz'} (logged to /Users/fuchitalee/development/minimax-marketing/x-monitoring/data/runs/2026-07-15/enum_dead_letter.jsonl)
dead-letter enum: family=role value='unknown' context={'table': 'brands_accounts', 'brand_id': 'llama', 'author_id': 'handle:KevinMacloren'} (logged to /Users/fuchitalee/development/minimax-marketing/x-monitoring/data/runs/2026-07-15/enum_dead_letter.jsonl)
dead-letter enum: family=role value='unknown' context={'table': 'brands_accounts', 'brand_id': 'llama', 'author_id': 'handle:JaimeCantillan2'} (logged to /Users/fuchitalee/development/minimax-marketing/x-monitoring/data/runs/2026-07-15/enum_dead_letter.jsonl)
dead-letter enum: family=role value='unknown' context={'table': 'brands_accounts', 'brand_id': 'llama', 'author_id': 'handle:aitorvasko'} (logged to /Users/fuchitalee/development/minimax-marketing/x-monitoring/data/runs/2026-07-15/enum_dead_letter.jsonl)
dead-letter enum: family=role value='unknown' context={'table': 'brands_accounts', 'brand_id': 'doubao', 'author_id': 'handle:christpatsi'} (logged to /Users/fuchitalee/development/minimax-marketing/x-monitoring/data/runs/2026-07-15/enum_dead_letter.jsonl)
dead-letter enum: family=role value='unknown' context={'table': 'brands_accounts', 'brand_id': 'doubao', 'author_id': 'handle:AINativeF'} (logged to /Users/fuchitalee/development/minimax-marketing/x-monitoring/data/runs/2026-07-15/enum_dead_letter.jsonl)
dead-letter enum: family=role value='unknown' context={'table': 'brands_accounts', 'brand_id': 'doubao', 'author_id': 'handle:KseniiaBaziian'} (logged to /Users/fuchitalee/development/minimax-marketing/x-monitoring/data/runs/2026-07-15/enum_dead_letter.jsonl)
dead-letter enum: family=role value='unknown' context={'table': 'brands_accounts', 'brand_id': 'yi', 'author_id': 'handle:mustersidinn'} (logged to /Users/fuchitalee/development/minimax-marketing/x-monitoring/data/runs/2026-07-15/enum_dead_letter.jsonl)
dead-letter enum: family=role value='unknown' context={'table': 'brands_accounts', 'brand_id': 'yi', 'author_id': 'handle:NdiayeMor77317'} (logged to /Users/fuchitalee/development/minimax-marketing/x-monitoring/data/runs/2026-07-15/enum_dead_letter.jsonl)
dead-letter enum: family=role value='unknown' context={'table': 'brands_accounts', 'brand_id': 'yi', 'author_id': 'handle:Emrebah27642793'} (logged to /Users/fuchitalee/development/minimax-marketing/x-monitoring/data/runs/2026-07-15/enum_dead_letter.jsonl)
dead-letter enum: family=role value='unknown' context={'table': 'brands_accounts', 'brand_id': 'yi', 'author_id': 'handle:yatirimtutkunu'} (logged to /Users/fuchitalee/development/minimax-marketing/x-monitoring/data/runs/2026-07-15/enum_dead_letter.jsonl)
dead-letter enum: family=role value='unknown' context={'table': 'brands_accounts', 'brand_id': 'yi', 'author_id': 'handle:gs_champ'} (logged to /Users/fuchitalee/development/minimax-marketing/x-monitoring/data/runs/2026-07-15/enum_dead_letter.jsonl)
dead-letter enum: family=role value='unknown' context={'table': 'brands_accounts', 'brand_id': 'yi', 'author_id': 'handle:EmreAydn625718'} (logged to /Users/fuchitalee/development/minimax-marketing/x-monitoring/data/runs/2026-07-15/enum_dead_letter.jsonl)
dead-letter enum: family=role value='unknown' context={'table': 'brands_accounts', 'brand_id': 'yi', 'author_id': 'handle:kemallorhann'} (logged to /Users/fuchitalee/development/minimax-marketing/x-monitoring/data/runs/2026-07-15/enum_dead_letter.jsonl)
dead-letter enum: family=role value='unknown' context={'table': 'brands_accounts', 'brand_id': 'yi', 'author_id': 'handle:ZbRA2EyHWF37972'} (logged to /Users/fuchitalee/development/minimax-marketing/x-monitoring/data/runs/2026-07-15/enum_dead_letter.jsonl)
dead-letter enum: family=role value='unknown' context={'table': 'brands_accounts', 'brand_id': 'yi', 'author_id': 'handle:SoulReaper12189'} (logged to /Users/fuchitalee/development/minimax-marketing/x-monitoring/data/runs/2026-07-15/enum_dead_letter.jsonl)
dead-letter enum: family=role value='unknown' context={'table': 'brands_accounts', 'brand_id': 'yi', 'author_id': 'handle:JuanPablo_ER'} (logged to /Users/fuchitalee/development/minimax-marketing/x-monitoring/data/runs/2026-07-15/enum_dead_letter.jsonl)
dead-letter enum: family=role value='unknown' context={'table': 'brands_accounts', 'brand_id': 'yi', 'author_id': 'handle:valeneldealado2'} (logged to /Users/fuchitalee/development/minimax-marketing/x-monitoring/data/runs/2026-07-15/enum_dead_letter.jsonl)
dead-letter enum: family=role value='unknown' context={'table': 'brands_accounts', 'brand_id': 'yi', 'author_id': 'handle:lunaarwhisper'} (logged to /Users/fuchitalee/development/minimax-marketing/x-monitoring/data/runs/2026-07-15/enum_dead_letter.jsonl)
dead-letter enum: family=role value='unknown' context={'table': 'brands_accounts', 'brand_id': 'yi', 'author_id': 'handle:Atilla_3452'} (logged to /Users/fuchitalee/development/minimax-marketing/x-monitoring/data/runs/2026-07-15/enum_dead_letter.jsonl)
dead-letter enum: family=role value='unknown' context={'table': 'brands_accounts', 'brand_id': 'yi', 'author_id': 'handle:Ibuumb19'} (logged to /Users/fuchitalee/development/minimax-marketing/x-monitoring/data/runs/2026-07-15/enum_dead_letter.jsonl)
dead-letter enum: family=role value='unknown' context={'table': 'brands_accounts', 'brand_id': 'yi', 'author_id': 'handle:Taha90575301'} (logged to /Users/fuchitalee/development/minimax-marketing/x-monitoring/data/runs/2026-07-15/enum_dead_letter.jsonl)
dead-letter enum: family=role value='unknown' context={'table': 'brands_accounts', 'brand_id': 'yi', 'author_id': 'handle:amyysenee'} (logged to /Users/fuchitalee/development/minimax-marketing/x-monitoring/data/runs/2026-07-15/enum_dead_letter.jsonl)
dead-letter enum: family=role value='unknown' context={'table': 'brands_accounts', 'brand_id': 'yi', 'author_id': 'handle:AbdNdiaye75'} (logged to /Users/fuchitalee/development/minimax-marketing/x-monitoring/data/runs/2026-07-15/enum_dead_letter.jsonl)
dead-letter enum: family=role value='unknown' context={'table': 'brands_accounts', 'brand_id': 'yi', 'author_id': 'handle:TheValueist'} (logged to /Users/fuchitalee/development/minimax-marketing/x-monitoring/data/runs/2026-07-15/enum_dead_letter.jsonl)
dead-letter enum: family=role value='unknown' context={'table': 'brands_accounts', 'brand_id': 'yi', 'author_id': 'handle:dncsny25'} (logged to /Users/fuchitalee/development/minimax-marketing/x-monitoring/data/runs/2026-07-15/enum_dead_letter.jsonl)
dead-letter enum: family=role value='unknown' context={'table': 'brands_accounts', 'brand_id': 'yi', 'author_id': 'handle:MrKillerFishBv'} (logged to /Users/fuchitalee/development/minimax-marketing/x-monitoring/data/runs/2026-07-15/enum_dead_letter.jsonl)
dead-letter enum: family=role value='unknown' context={'table': 'brands_accounts', 'brand_id': 'yi', 'author_id': 'handle:KiziltasMunzur'} (logged to /Users/fuchitalee/development/minimax-marketing/x-monitoring/data/runs/2026-07-15/enum_dead_letter.jsonl)
dead-letter enum: family=role value='unknown' context={'table': 'brands_accounts', 'brand_id': 'yi', 'author_id': 'handle:JOgbesanya'} (logged to /Users/fuchitalee/development/minimax-marketing/x-monitoring/data/runs/2026-07-15/enum_dead_letter.jsonl)
dead-letter enum: family=role value='unknown' context={'table': 'brands_accounts', 'brand_id': 'yi', 'author_id': 'handle:Mehmet_646435'} (logged to /Users/fuchitalee/development/minimax-marketing/x-monitoring/data/runs/2026-07-15/enum_dead_letter.jsonl)
dead-letter enum: family=role value='unknown' context={'table': 'brands_accounts', 'brand_id': 'yi', 'author_id': 'handle:_sweet_fa_'} (logged to /Users/fuchitalee/development/minimax-marketing/x-monitoring/data/runs/2026-07-15/enum_dead_letter.jsonl)
dead-letter enum: family=role value='unknown' context={'table': 'brands_accounts', 'brand_id': 'yi', 'author_id': 'handle:IbrahimaaKhalil'} (logged to /Users/fuchitalee/development/minimax-marketing/x-monitoring/data/runs/2026-07-15/enum_dead_letter.jsonl)
dead-letter enum: family=role value='unknown' context={'table': 'brands_accounts', 'brand_id': 'yi', 'author_id': 'handle:Mahmoudsardauna'} (logged to /Users/fuchitalee/development/minimax-marketing/x-monitoring/data/runs/2026-07-15/enum_dead_letter.jsonl)
dead-letter enum: family=role value='unknown' context={'table': 'brands_accounts', 'brand_id': 'yi', 'author_id': 'handle:GencerFeza'} (logged to /Users/fuchitalee/development/minimax-marketing/x-monitoring/data/runs/2026-07-15/enum_dead_letter.jsonl)
dead-letter enum: family=role value='unknown' context={'table': 'brands_accounts', 'brand_id': 'upstage', 'author_id': 'handle:SungKimUp'} (logged to /Users/fuchitalee/development/minimax-marketing/x-monitoring/data/runs/2026-07-15/enum_dead_letter.jsonl)
dead-letter enum: family=role value='unknown' context={'table': 'brands_accounts', 'brand_id': 'upstage', 'author_id': 'handle:ArtbyLynn6'} (logged to /Users/fuchitalee/development/minimax-marketing/x-monitoring/data/runs/2026-07-15/enum_dead_letter.jsonl)
{
  "run_id": "20260715T091026_0000-2ad50d2d",
  "started_at": "2026-07-15T09:10:26+00:00",
  "finished_at": "2026-07-15T09:15:24+00:00",
  "status": "completed",
  "degraded": {},
  "queries": [
    {
      "brand_id": "*",
      "call_kind": "account",
      "bucket": null,
      "query_id": "A",
      "query_length": 38,
      "status": "completed",
      "n_results": 3,
      "n_kept": 3,
      "n_filtered": 0,
      "filter_reasons": {},
      "n_review_added": 0,
      "n_inserted": 2,
      "raw_path": "runs/raw/20260715T091026_0000-2ad50d2d/*_account_acct.json"
    },
    {
      "brand_id": "mimo",
      "call_kind": "brand_wide",
      "bucket": null,
      "query_id": "C1",
      "query_length": 461,
      "status": "completed",
      "n_results": 0,
      "n_kept": 0,
      "n_filtered": 0,
      "filter_reasons": {},
      "n_review_added": 0,
      "n_inserted": 0,
      "raw_path": "runs/raw/20260715T091026_0000-2ad50d2d/mimo_brand_wide_acct.json"
    },
    {
      "brand_id": "ernie",
      "call_kind": "brand_wide",
      "bucket": null,
      "query_id": "C2",
      "query_length": 295,
      "status": "completed",
      "n_results": 1,
      "n_kept": 1,
      "n_filtered": 0,
      "filter_reasons": {},
      "n_review_added": 0,
      "n_inserted": 0,
      "raw_path": "runs/raw/20260715T091026_0000-2ad50d2d/ernie_brand_wide_acct.json"
    },
    {
      "brand_id": "minimax",
      "call_kind": "brand_wide",
      "bucket": null,
      "query_id": "B1",
      "query_length": 414,
      "status": "completed",
      "n_results": 15,
      "n_kept": 15,
      "n_filtered": 0,
      "filter_reasons": {},
      "n_review_added": 0,
      "n_inserted": 10,
      "raw_path": "runs/raw/20260715T091026_0000-2ad50d2d/minimax_brand_wide_acct.json"
    },
    {
      "brand_id": "doubao",
      "call_kind": "brand_wide",
      "bucket": null,
      "query_id": "B2",
      "query_length": 377,
      "status": "completed",
      "n_results": 15,
      "n_kept": 15,
      "n_filtered": 0,
      "filter_reasons": {},
      "n_review_added": 0,
      "n_inserted": 5,
      "raw_path": "runs/raw/20260715T091026_0000-2ad50d2d/doubao_brand_wide_acct.json"
    },
    {
      "brand_id": "nemo_megatron",
      "call_kind": "brand_wide",
      "bucket": null,
      "query_id": "B3",
      "query_length": 353,
      "status": "completed",
      "n_results": 1,
      "n_kept": 1,
      "n_filtered": 0,
      "filter_reasons": {},
      "n_review_added": 0,
      "n_inserted": 0,
      "raw_path": "runs/raw/20260715T091026_0000-2ad50d2d/nemo_megatron_brand_wide_acct.json"
    }
  ],
  "phase_timings_sec": {
    "plan": 0.0,
    "call.*.account.acct.fetch": 2.066,
    "call.*.account.acct.attribute": 0.003,
    "call.*.account.acct.filter+store": 0.013,
    "call.mimo.brand_wide.acct.fetch": 7.141,
    "call.mimo.brand_wide.acct.attribute": 0.0,
    "call.mimo.brand_wide.acct.filter+store": 0.0,
    "call.ernie.brand_wide.acct.fetch": 4.472,
    "call.ernie.brand_wide.acct.attribute": 0.004,
    "call.ernie.brand_wide.acct.filter+store": 0.002,
    "call.minimax.brand_wide.acct.fetch": 2.306,
    "call.minimax.brand_wide.acct.attribute": 0.003,
    "call.minimax.brand_wide.acct.filter+store": 0.003,
    "call.doubao.brand_wide.acct.fetch": 2.099,
    "call.doubao.brand_wide.acct.attribute": 0.008,
    "call.doubao.brand_wide.acct.filter+store": 0.006,
    "call.nemo_megatron.brand_wide.acct.fetch": 2.432,
    "call.nemo_megatron.brand_wide.acct.attribute": 0.002,
    "call.nemo_megatron.brand_wide.acct.filter+store": 0.002,
    "calls_loop_total": 20.565,
    "post_fetch": 272.798,
    "qt_official": 3.491,
    "qt_daily": 0.0,
    "account_graph": 0.623,
    "total": 297.48
  },
  "totals": {
    "n_queries_run": 6,
    "n_results": 35,
    "n_inserted": 17,
    "n_classifications_written": 45,
    "n_classifications_dropped": 0,
    "n_headlines_fetched": 0,
    "n_headlines_cached": 0
  },
  "post_fetch": {
    "n_translated": 29,
    "n_discourse": 22,
    "n_nationalism": 8,
    "n_failed_translate": 20,
    "n_unsanctioned": 5,
    "t_unsanctioned_ms": 0,
    "wall_clock_sec": 272.79750366695225
  },
  "quote_tweets": {
    "official_n_tracked": 22,
    "official_n_calls": 0,
    "official_n_qts_fetched": 0,
    "official_n_ingested": 0,
    "daily_ran": false
  },
  "http_log": [
    {
      "path": "/twitter/tweet/advanced_search",
      "params": {
        "query": "(list:2067062923525275922) min_faves:0 since:2026-07-15 since_time:1784102405 until_time:1784106626",
        "queryType": "Latest",
        "limit": "20"
      },
      "status": 200,
      "n_results": 3,
      "duration_ms": 1141,
      "attempts": 1,
      "has_next_page": true
    },
    {
      "path": "/twitter/tweet/advanced_search",
      "params": {
        "query": "(list:2067062923525275922) min_faves:0 since:2026-07-15 since_time:1784102405 until_time:1784106626",
        "queryType": "Latest",
        "limit": "17",
        "cursor": "DAADDAABCgABHNQfCnUboK4KAAIc1BlOJNuBlAAIAAIAAAACCAADAAAAAAgABAAAAAAKAAUc1B9rlMAnEAoABhzUH2uUv9jwAAA"
      },
      "status": 200,
      "n_results": 0,
      "duration_ms": 916,
      "attempts": 1,
      "has_next_page": false
    },
    {
      "path": "/twitter/tweet/advanced_search",
      "params": {
        "query": "((MiMo OR Xiaomi MiMo OR 小米 MiMo) OR (Kimi OR Moonshot AI OR 月之暗面 OR 暗面 OR MoonshotAI) OR (Yi OR 01.AI OR 零一万物 OR Yi LLM…",
        "queryType": "Latest",
        "limit": "20"
      },
      "status": 200,
      "n_results": 0,
      "duration_ms": 7140,
      "attempts": 1,
      "has_next_page": false
    },
    {
      "path": "/twitter/tweet/advanced_search",
      "params": {
        "query": "((ERNIE OR 文心一言) OR (Upstage OR Solar Pro OR Solar LLM OR 업스테이지)) (api OR llm OR model OR baidu OR 文心 OR chatbot OR weig…",
        "queryType": "Latest",
        "limit": "20"
      },
      "status": 200,
      "n_results": 19,
      "duration_ms": 1915,
      "attempts": 1,
      "has_next_page": true
    },
    {
      "path": "/twitter/tweet/advanced_search",
      "params": {
        "query": "((ERNIE OR 文心一言) OR (Upstage OR Solar Pro OR Solar LLM OR 업스테이지)) (api OR llm OR model OR baidu OR 文心 OR chatbot OR weig…",
        "queryType": "Latest",
        "limit": "1",
        "cursor": "DAADDAABCgABHNQfX2rboJcKAAIc1BlwhdqwiAAIAAIAAAACCAADAAAAAAgABAAAAAAKAAUc1B90tUAnEAoABhzUH3S1P9jwAAA"
      },
      "status": 200,
      "n_results": 20,
      "duration_ms": 2536,
      "attempts": 1,
      "has_next_page": true
    },
    {
      "path": "/twitter/tweet/advanced_search",
      "params": {
        "query": "((Hailuo OR MiniMax OR m2.5 OR 海螺) OR (Qwen OR Qwen3 OR 通义千问) OR (DeepSeek OR deepseek-r1 OR 深度求索) OR (Mistral OR Mixtra…",
        "queryType": "Latest",
        "limit": "20"
      },
      "status": 200,
      "n_results": 20,
      "duration_ms": 2303,
      "attempts": 1,
      "has_next_page": true
    },
    {
      "path": "/twitter/tweet/advanced_search",
      "params": {
        "query": "((ByteDance OR Doubao OR 豆包) OR (ChatGLM OR GLM OR Zhipuai OR 智谱) OR (SenseChat OR SenseTime OR 日日新) OR (InclusionAI OR …",
        "queryType": "Latest",
        "limit": "20"
      },
      "status": 200,
      "n_results": 20,
      "duration_ms": 2088,
      "attempts": 1,
      "has_next_page": true
    },
    {
      "path": "/twitter/tweet/advanced_search",
      "params": {
        "query": "((Megatron-LM OR NVIDIA NeMo) OR (EXAONE OR LG AI) OR (Sakana OR Sakana AI OR サカナAI) OR (Kuaishou OR KwaiYii)) (api OR l…",
        "queryType": "Latest",
        "limit": "20"
      },
      "status": 200,
      "n_results": 3,
      "duration_ms": 1078,
      "attempts": 1,
      "has_next_page": true
    },
    {
      "path": "/twitter/tweet/advanced_search",
      "params": {
        "query": "((Megatron-LM OR NVIDIA NeMo) OR (EXAONE OR LG AI) OR (Sakana OR Sakana AI OR サカナAI) OR (Kuaishou OR KwaiYii)) (api OR l…",
        "queryType": "Latest",
        "limit": "17",
        "cursor": "DAADDAABCgABHNQbUBLaYcQKAAIc1BnHSJsQFQAIAAIAAAACCAADAAAAAAgABAAAAAAKAAUc1B99NoAnEAoABhzUH302f9jwAAA"
      },
      "status": 200,
      "n_results": 0,
      "duration_ms": 1345,
      "attempts": 1,
      "has_next_page": false
    },
    {
      "path": "/twitter/tweets",
      "params": {
        "tweet_ids": "2072349453361557898,2072351658487451890,2072356035965386794,2072385041838281059,2072485478746784053,2072495173955956810,…"
      },
      "status": 200,
      "n_results": 22,
      "duration_ms": 3469,
      "attempts": 1,
      "has_next_page": false
    }
  ]
}
